id,kategoria,wskaznik,rok,powiat,wartosc
55,LUDNOŚĆ,Ludność w wieku przedprodukcyjnym,2024,powiat bocheński,21.09
55,LUDNOŚĆ,Ludność w wieku przedprodukcyjnym,2024,powiat brzeski,19.55
55,LUDNOŚĆ,Ludność w wieku przedprodukcyjnym,2024,powiat chrzanowski,16.18
55,LUDNOŚĆ,Ludność w wieku przedprodukcyjnym,2024,powiat dąbrowski,18.09
55,LUDNOŚĆ,Ludność w wieku przedprodukcyjnym,2024,powiat gorlicki,19.28
55,LUDNOŚĆ,Ludność w wieku przedprodukcyjnym,2024,powiat krakowski,20.84
55,LUDNOŚĆ,Ludność w wieku przedprodukcyjnym,2024,powiat limanowski,23.29
55,LUDNOŚĆ,Ludność w wieku przedprodukcyjnym,2024,powiat m. Kraków,16.47
55,LUDNOŚĆ,Ludność w wieku przedprodukcyjnym,2024,powiat m. Nowy Sącz,18.75
55,LUDNOŚĆ,Ludność w wieku przedprodukcyjnym,2024,powiat m. Tarnów,15.25
55,LUDNOŚĆ,Ludność w wieku przedprodukcyjnym,2024,powiat miechowski,16.96
55,LUDNOŚĆ,Ludność w wieku przedprodukcyjnym,2024,powiat myślenicki,21.61
55,LUDNOŚĆ,Ludność w wieku przedprodukcyjnym,2024,powiat nowosądecki,22.71
55,LUDNOŚĆ,Ludność w wieku przedprodukcyjnym,2024,powiat nowotarski,20.02
55,LUDNOŚĆ,Ludność w wieku przedprodukcyjnym,2024,powiat olkuski,16.49
55,LUDNOŚĆ,Ludność w wieku przedprodukcyjnym,2024,powiat oświęcimski,17.69
55,LUDNOŚĆ,Ludność w wieku przedprodukcyjnym,2024,powiat proszowicki,17.53
55,LUDNOŚĆ,Ludność w wieku przedprodukcyjnym,2024,powiat suski,19.66
55,LUDNOŚĆ,Ludność w wieku przedprodukcyjnym,2024,powiat tarnowski,19.35
55,LUDNOŚĆ,Ludność w wieku przedprodukcyjnym,2024,powiat tatrzański,18.91
55,LUDNOŚĆ,Ludność w wieku przedprodukcyjnym,2024,powiat wadowicki,19.67
55,LUDNOŚĆ,Ludność w wieku przedprodukcyjnym,2024,powiat wielicki,22.05
56,LUDNOŚĆ,Ludność w wieku produkcyjnym,2024,powiat bocheński,58.37
56,LUDNOŚĆ,Ludność w wieku produkcyjnym,2024,powiat brzeski,59.55
56,LUDNOŚĆ,Ludność w wieku produkcyjnym,2024,powiat chrzanowski,57.05
56,LUDNOŚĆ,Ludność w wieku produkcyjnym,2024,powiat dąbrowski,60.55
56,LUDNOŚĆ,Ludność w wieku produkcyjnym,2024,powiat gorlicki,58.07
56,LUDNOŚĆ,Ludność w wieku produkcyjnym,2024,powiat krakowski,58.89
56,LUDNOŚĆ,Ludność w wieku produkcyjnym,2024,powiat limanowski,58.83
56,LUDNOŚĆ,Ludność w wieku produkcyjnym,2024,powiat m. Kraków,61.05
56,LUDNOŚĆ,Ludność w wieku produkcyjnym,2024,powiat m. Nowy Sącz,56.72
56,LUDNOŚĆ,Ludność w wieku produkcyjnym,2024,powiat m. Tarnów,56.24
56,LUDNOŚĆ,Ludność w wieku produkcyjnym,2024,powiat miechowski,56.16
56,LUDNOŚĆ,Ludność w wieku produkcyjnym,2024,powiat myślenicki,59.14
56,LUDNOŚĆ,Ludność w wieku produkcyjnym,2024,powiat nowosądecki,59.23
56,LUDNOŚĆ,Ludność w wieku produkcyjnym,2024,powiat nowotarski,59.81
56,LUDNOŚĆ,Ludność w wieku produkcyjnym,2024,powiat olkuski,56.47
56,LUDNOŚĆ,Ludność w wieku produkcyjnym,2024,powiat oświęcimski,57.39
56,LUDNOŚĆ,Ludność w wieku produkcyjnym,2024,powiat proszowicki,58.6
56,LUDNOŚĆ,Ludność w wieku produkcyjnym,2024,powiat suski,59.22
56,LUDNOŚĆ,Ludność w wieku produkcyjnym,2024,powiat tarnowski,60.16
56,LUDNOŚĆ,Ludność w wieku produkcyjnym,2024,powiat tatrzański,58.39
56,LUDNOŚĆ,Ludność w wieku produkcyjnym,2024,powiat wadowicki,58.91
56,LUDNOŚĆ,Ludność w wieku produkcyjnym,2024,powiat wielicki,59.74
53,LUDNOŚĆ,Ludność w wieku poprodukcyjnym,2024,powiat bocheński,20.54
53,LUDNOŚĆ,Ludność w wieku poprodukcyjnym,2024,powiat brzeski,20.9
53,LUDNOŚĆ,Ludność w wieku poprodukcyjnym,2024,powiat chrzanowski,26.77
53,LUDNOŚĆ,Ludność w wieku poprodukcyjnym,2024,powiat dąbrowski,21.36
53,LUDNOŚĆ,Ludność w wieku poprodukcyjnym,2024,powiat gorlicki,22.65
53,LUDNOŚĆ,Ludność w wieku poprodukcyjnym,2024,powiat krakowski,20.27
53,LUDNOŚĆ,Ludność w wieku poprodukcyjnym,2024,powiat limanowski,17.88
53,LUDNOŚĆ,Ludność w wieku poprodukcyjnym,2024,powiat m. Kraków,22.49
53,LUDNOŚĆ,Ludność w wieku poprodukcyjnym,2024,powiat m. Nowy Sącz,24.53
53,LUDNOŚĆ,Ludność w wieku poprodukcyjnym,2024,powiat m. Tarnów,28.51
53,LUDNOŚĆ,Ludność w wieku poprodukcyjnym,2024,powiat miechowski,26.88
53,LUDNOŚĆ,Ludność w wieku poprodukcyjnym,2024,powiat myślenicki,19.25
53,LUDNOŚĆ,Ludność w wieku poprodukcyjnym,2024,powiat nowosądecki,18.06
53,LUDNOŚĆ,Ludność w wieku poprodukcyjnym,2024,powiat nowotarski,20.17
53,LUDNOŚĆ,Ludność w wieku poprodukcyjnym,2024,powiat olkuski,27.04
53,LUDNOŚĆ,Ludność w wieku poprodukcyjnym,2024,powiat oświęcimski,24.92
53,LUDNOŚĆ,Ludność w wieku poprodukcyjnym,2024,powiat proszowicki,23.87
53,LUDNOŚĆ,Ludność w wieku poprodukcyjnym,2024,powiat suski,21.12
53,LUDNOŚĆ,Ludność w wieku poprodukcyjnym,2024,powiat tarnowski,20.49
53,LUDNOŚĆ,Ludność w wieku poprodukcyjnym,2024,powiat tatrzański,22.71
53,LUDNOŚĆ,Ludność w wieku poprodukcyjnym,2024,powiat wadowicki,21.42
53,LUDNOŚĆ,Ludność w wieku poprodukcyjnym,2024,powiat wielicki,18.22
257,LUDNOŚĆ,Ludność w wieku 60+,2024,powiat bocheński,23.33
257,LUDNOŚĆ,Ludność w wieku 60+,2024,powiat brzeski,23.99
257,LUDNOŚĆ,Ludność w wieku 60+,2024,powiat chrzanowski,30.03
257,LUDNOŚĆ,Ludność w wieku 60+,2024,powiat dąbrowski,24.49
257,LUDNOŚĆ,Ludność w wieku 60+,2024,powiat gorlicki,25.89
257,LUDNOŚĆ,Ludność w wieku 60+,2024,powiat krakowski,22.95
257,LUDNOŚĆ,Ludność w wieku 60+,2024,powiat limanowski,20.79
257,LUDNOŚĆ,Ludność w wieku 60+,2024,powiat m. Kraków,24.63
257,LUDNOŚĆ,Ludność w wieku 60+,2024,powiat m. Nowy Sącz,27.38
257,LUDNOŚĆ,Ludność w wieku 60+,2024,powiat m. Tarnów,31.51
257,LUDNOŚĆ,Ludność w wieku 60+,2024,powiat miechowski,29.77
257,LUDNOŚĆ,Ludność w wieku 60+,2024,powiat myślenicki,22.12
257,LUDNOŚĆ,Ludność w wieku 60+,2024,powiat nowosądecki,21.02
257,LUDNOŚĆ,Ludność w wieku 60+,2024,powiat nowotarski,23.11
257,LUDNOŚĆ,Ludność w wieku 60+,2024,powiat olkuski,30.1
257,LUDNOŚĆ,Ludność w wieku 60+,2024,powiat oświęcimski,28.08
257,LUDNOŚĆ,Ludność w wieku 60+,2024,powiat proszowicki,26.75
257,LUDNOŚĆ,Ludność w wieku 60+,2024,powiat suski,24.14
257,LUDNOŚĆ,Ludność w wieku 60+,2024,powiat tarnowski,23.68
257,LUDNOŚĆ,Ludność w wieku 60+,2024,powiat tatrzański,25.62
257,LUDNOŚĆ,Ludność w wieku 60+,2024,powiat wadowicki,24.35
257,LUDNOŚĆ,Ludność w wieku 60+,2024,powiat wielicki,20.61
273,LUDNOŚĆ,Wskaźnik podwójnego starzenia,2024,powiat bocheński,15.73
273,LUDNOŚĆ,Wskaźnik podwójnego starzenia,2024,powiat brzeski,16.43
273,LUDNOŚĆ,Wskaźnik podwójnego starzenia,2024,powiat chrzanowski,16.69
273,LUDNOŚĆ,Wskaźnik podwójnego starzenia,2024,powiat dąbrowski,17.63
273,LUDNOŚĆ,Wskaźnik podwójnego starzenia,2024,powiat gorlicki,16.64
273,LUDNOŚĆ,Wskaźnik podwójnego starzenia,2024,powiat krakowski,15.28
273,LUDNOŚĆ,Wskaźnik podwójnego starzenia,2024,powiat limanowski,16.86
273,LUDNOŚĆ,Wskaźnik podwójnego starzenia,2024,powiat m. Kraków,20.25
273,LUDNOŚĆ,Wskaźnik podwójnego starzenia,2024,powiat m. Nowy Sącz,16.99
273,LUDNOŚĆ,Wskaźnik podwójnego starzenia,2024,powiat m. Tarnów,19.06
273,LUDNOŚĆ,Wskaźnik podwójnego starzenia,2024,powiat miechowski,17.59
273,LUDNOŚĆ,Wskaźnik podwójnego starzenia,2024,powiat myślenicki,14.88
273,LUDNOŚĆ,Wskaźnik podwójnego starzenia,2024,powiat nowosądecki,16.58
273,LUDNOŚĆ,Wskaźnik podwójnego starzenia,2024,powiat nowotarski,17.81
273,LUDNOŚĆ,Wskaźnik podwójnego starzenia,2024,powiat olkuski,16.11
273,LUDNOŚĆ,Wskaźnik podwójnego starzenia,2024,powiat oświęcimski,17.51
273,LUDNOŚĆ,Wskaźnik podwójnego starzenia,2024,powiat proszowicki,16.0
273,LUDNOŚĆ,Wskaźnik podwójnego starzenia,2024,powiat suski,16.95
273,LUDNOŚĆ,Wskaźnik podwójnego starzenia,2024,powiat tarnowski,17.87
273,LUDNOŚĆ,Wskaźnik podwójnego starzenia,2024,powiat tatrzański,18.02
273,LUDNOŚĆ,Wskaźnik podwójnego starzenia,2024,powiat wadowicki,15.99
273,LUDNOŚĆ,Wskaźnik podwójnego starzenia,2024,powiat wielicki,14.5
274,LUDNOŚĆ,Wskaźnik wsparcia osób najstarszych,2024,powiat bocheński,10
274,LUDNOŚĆ,Wskaźnik wsparcia osób najstarszych,2024,powiat brzeski,11
274,LUDNOŚĆ,Wskaźnik wsparcia osób najstarszych,2024,powiat chrzanowski,13
274,LUDNOŚĆ,Wskaźnik wsparcia osób najstarszych,2024,powiat dąbrowski,11
274,LUDNOŚĆ,Wskaźnik wsparcia osób najstarszych,2024,powiat gorlicki,12
274,LUDNOŚĆ,Wskaźnik wsparcia osób najstarszych,2024,powiat krakowski,10
274,LUDNOŚĆ,Wskaźnik wsparcia osób najstarszych,2024,powiat limanowski,10
274,LUDNOŚĆ,Wskaźnik wsparcia osób najstarszych,2024,powiat m. Kraków,17
274,LUDNOŚĆ,Wskaźnik wsparcia osób najstarszych,2024,powiat m. Nowy Sącz,13
274,LUDNOŚĆ,Wskaźnik wsparcia osób najstarszych,2024,powiat m. Tarnów,16
274,LUDNOŚĆ,Wskaźnik wsparcia osób najstarszych,2024,powiat miechowski,14
274,LUDNOŚĆ,Wskaźnik wsparcia osób najstarszych,2024,powiat myślenicki,9
274,LUDNOŚĆ,Wskaźnik wsparcia osób najstarszych,2024,powiat nowosądecki,10
274,LUDNOŚĆ,Wskaźnik wsparcia osób najstarszych,2024,powiat nowotarski,11
274,LUDNOŚĆ,Wskaźnik wsparcia osób najstarszych,2024,powiat olkuski,13
274,LUDNOŚĆ,Wskaźnik wsparcia osób najstarszych,2024,powiat oświęcimski,13
274,LUDNOŚĆ,Wskaźnik wsparcia osób najstarszych,2024,powiat proszowicki,11
274,LUDNOŚĆ,Wskaźnik wsparcia osób najstarszych,2024,powiat suski,11
274,LUDNOŚĆ,Wskaźnik wsparcia osób najstarszych,2024,powiat tarnowski,11
274,LUDNOŚĆ,Wskaźnik wsparcia osób najstarszych,2024,powiat tatrzański,13
274,LUDNOŚĆ,Wskaźnik wsparcia osób najstarszych,2024,powiat wadowicki,11
274,LUDNOŚĆ,Wskaźnik wsparcia osób najstarszych,2024,powiat wielicki,9
268,LUDNOŚĆ,Potencjał pielęgnacyjny,2024,powiat bocheński,349
268,LUDNOŚĆ,Potencjał pielęgnacyjny,2024,powiat brzeski,340
268,LUDNOŚĆ,Potencjał pielęgnacyjny,2024,powiat chrzanowski,286
268,LUDNOŚĆ,Potencjał pielęgnacyjny,2024,powiat dąbrowski,314
268,LUDNOŚĆ,Potencjał pielęgnacyjny,2024,powiat gorlicki,311
268,LUDNOŚĆ,Potencjał pielęgnacyjny,2024,powiat krakowski,384
268,LUDNOŚĆ,Potencjał pielęgnacyjny,2024,powiat limanowski,350
268,LUDNOŚĆ,Potencjał pielęgnacyjny,2024,powiat m. Kraków,241
268,LUDNOŚĆ,Potencjał pielęgnacyjny,2024,powiat m. Nowy Sącz,302
268,LUDNOŚĆ,Potencjał pielęgnacyjny,2024,powiat m. Tarnów,241
268,LUDNOŚĆ,Potencjał pielęgnacyjny,2024,powiat miechowski,255
268,LUDNOŚĆ,Potencjał pielęgnacyjny,2024,powiat myślenicki,386
268,LUDNOŚĆ,Potencjał pielęgnacyjny,2024,powiat nowosądecki,365
268,LUDNOŚĆ,Potencjał pielęgnacyjny,2024,powiat nowotarski,322
268,LUDNOŚĆ,Potencjał pielęgnacyjny,2024,powiat olkuski,292
268,LUDNOŚĆ,Potencjał pielęgnacyjny,2024,powiat oświęcimski,285
268,LUDNOŚĆ,Potencjał pielęgnacyjny,2024,powiat proszowicki,311
268,LUDNOŚĆ,Potencjał pielęgnacyjny,2024,powiat suski,321
268,LUDNOŚĆ,Potencjał pielęgnacyjny,2024,powiat tarnowski,321
268,LUDNOŚĆ,Potencjał pielęgnacyjny,2024,powiat tatrzański,293
268,LUDNOŚĆ,Potencjał pielęgnacyjny,2024,powiat wadowicki,347
268,LUDNOŚĆ,Potencjał pielęgnacyjny,2024,powiat wielicki,426
48,LUDNOŚĆ,Wskaźnik obciążenia demograficznego,2024,powiat bocheński,71.3
48,LUDNOŚĆ,Wskaźnik obciążenia demograficznego,2024,powiat brzeski,67.9
48,LUDNOŚĆ,Wskaźnik obciążenia demograficznego,2024,powiat chrzanowski,75.3
48,LUDNOŚĆ,Wskaźnik obciążenia demograficznego,2024,powiat dąbrowski,65.2
48,LUDNOŚĆ,Wskaźnik obciążenia demograficznego,2024,powiat gorlicki,72.2
48,LUDNOŚĆ,Wskaźnik obciążenia demograficznego,2024,powiat krakowski,69.8
48,LUDNOŚĆ,Wskaźnik obciążenia demograficznego,2024,powiat limanowski,70.0
48,LUDNOŚĆ,Wskaźnik obciążenia demograficznego,2024,powiat m. Kraków,63.8
48,LUDNOŚĆ,Wskaźnik obciążenia demograficznego,2024,powiat m. Nowy Sącz,76.3
48,LUDNOŚĆ,Wskaźnik obciążenia demograficznego,2024,powiat m. Tarnów,77.8
48,LUDNOŚĆ,Wskaźnik obciążenia demograficznego,2024,powiat miechowski,78.1
48,LUDNOŚĆ,Wskaźnik obciążenia demograficznego,2024,powiat myślenicki,69.1
48,LUDNOŚĆ,Wskaźnik obciążenia demograficznego,2024,powiat nowosądecki,68.8
48,LUDNOŚĆ,Wskaźnik obciążenia demograficznego,2024,powiat nowotarski,67.2
48,LUDNOŚĆ,Wskaźnik obciążenia demograficznego,2024,powiat olkuski,77.1
48,LUDNOŚĆ,Wskaźnik obciążenia demograficznego,2024,powiat oświęcimski,74.2
48,LUDNOŚĆ,Wskaźnik obciążenia demograficznego,2024,powiat proszowicki,70.7
48,LUDNOŚĆ,Wskaźnik obciążenia demograficznego,2024,powiat suski,68.9
48,LUDNOŚĆ,Wskaźnik obciążenia demograficznego,2024,powiat tarnowski,66.2
48,LUDNOŚĆ,Wskaźnik obciążenia demograficznego,2024,powiat tatrzański,71.3
48,LUDNOŚĆ,Wskaźnik obciążenia demograficznego,2024,powiat wadowicki,69.8
48,LUDNOŚĆ,Wskaźnik obciążenia demograficznego,2024,powiat wielicki,67.4
91,LUDNOŚĆ,Przyrost naturalny na 1 000 ludności,2024,powiat bocheński,-0.99
91,LUDNOŚĆ,Przyrost naturalny na 1 000 ludności,2024,powiat brzeski,-2.48
91,LUDNOŚĆ,Przyrost naturalny na 1 000 ludności,2024,powiat chrzanowski,-6.96
91,LUDNOŚĆ,Przyrost naturalny na 1 000 ludności,2024,powiat dąbrowski,-3.26
91,LUDNOŚĆ,Przyrost naturalny na 1 000 ludności,2024,powiat gorlicki,-4.61
91,LUDNOŚĆ,Przyrost naturalny na 1 000 ludności,2024,powiat krakowski,-1.67
91,LUDNOŚĆ,Przyrost naturalny na 1 000 ludności,2024,powiat limanowski,1.43
91,LUDNOŚĆ,Przyrost naturalny na 1 000 ludności,2024,powiat m. Kraków,-0.62
91,LUDNOŚĆ,Przyrost naturalny na 1 000 ludności,2024,powiat m. Nowy Sącz,-2.99
91,LUDNOŚĆ,Przyrost naturalny na 1 000 ludności,2024,powiat m. Tarnów,-5.15
91,LUDNOŚĆ,Przyrost naturalny na 1 000 ludności,2024,powiat miechowski,-7.09
91,LUDNOŚĆ,Przyrost naturalny na 1 000 ludności,2024,powiat myślenicki,-0.32
91,LUDNOŚĆ,Przyrost naturalny na 1 000 ludności,2024,powiat nowosądecki,0.81
91,LUDNOŚĆ,Przyrost naturalny na 1 000 ludności,2024,powiat nowotarski,0.01
91,LUDNOŚĆ,Przyrost naturalny na 1 000 ludności,2024,powiat olkuski,-6.59
91,LUDNOŚĆ,Przyrost naturalny na 1 000 ludności,2024,powiat oświęcimski,-4.76
91,LUDNOŚĆ,Przyrost naturalny na 1 000 ludności,2024,powiat proszowicki,-4.03
91,LUDNOŚĆ,Przyrost naturalny na 1 000 ludności,2024,powiat suski,-2.84
91,LUDNOŚĆ,Przyrost naturalny na 1 000 ludności,2024,powiat tarnowski,-1.9
91,LUDNOŚĆ,Przyrost naturalny na 1 000 ludności,2024,powiat tatrzański,-1.1
91,LUDNOŚĆ,Przyrost naturalny na 1 000 ludności,2024,powiat wadowicki,-2.64
91,LUDNOŚĆ,Przyrost naturalny na 1 000 ludności,2024,powiat wielicki,0.23
3,LUDNOŚĆ,Wskaźnik feminizacji,2024,powiat bocheński,102.76
3,LUDNOŚĆ,Wskaźnik feminizacji,2024,powiat brzeski,102.24
3,LUDNOŚĆ,Wskaźnik feminizacji,2024,powiat chrzanowski,107.46
3,LUDNOŚĆ,Wskaźnik feminizacji,2024,powiat dąbrowski,101.59
3,LUDNOŚĆ,Wskaźnik feminizacji,2024,powiat gorlicki,102.29
3,LUDNOŚĆ,Wskaźnik feminizacji,2024,powiat krakowski,103.8
3,LUDNOŚĆ,Wskaźnik feminizacji,2024,powiat limanowski,100.25
3,LUDNOŚĆ,Wskaźnik feminizacji,2024,powiat m. Kraków,114.12
3,LUDNOŚĆ,Wskaźnik feminizacji,2024,powiat m. Nowy Sącz,109.67
3,LUDNOŚĆ,Wskaźnik feminizacji,2024,powiat m. Tarnów,113.08
3,LUDNOŚĆ,Wskaźnik feminizacji,2024,powiat miechowski,104.09
3,LUDNOŚĆ,Wskaźnik feminizacji,2024,powiat myślenicki,101.87
3,LUDNOŚĆ,Wskaźnik feminizacji,2024,powiat nowosądecki,100.75
3,LUDNOŚĆ,Wskaźnik feminizacji,2024,powiat nowotarski,104.77
3,LUDNOŚĆ,Wskaźnik feminizacji,2024,powiat olkuski,106.27
3,LUDNOŚĆ,Wskaźnik feminizacji,2024,powiat oświęcimski,106.59
3,LUDNOŚĆ,Wskaźnik feminizacji,2024,powiat proszowicki,102.89
3,LUDNOŚĆ,Wskaźnik feminizacji,2024,powiat suski,102.77
3,LUDNOŚĆ,Wskaźnik feminizacji,2024,powiat tarnowski,101.56
3,LUDNOŚĆ,Wskaźnik feminizacji,2024,powiat tatrzański,107.49
3,LUDNOŚĆ,Wskaźnik feminizacji,2024,powiat wadowicki,103.82
3,LUDNOŚĆ,Wskaźnik feminizacji,2024,powiat wielicki,103.68
1,LUDNOŚĆ,Wskaźnik maskulinizacji,2024,powiat bocheński,97.32
1,LUDNOŚĆ,Wskaźnik maskulinizacji,2024,powiat brzeski,97.81
1,LUDNOŚĆ,Wskaźnik maskulinizacji,2024,powiat chrzanowski,93.06
1,LUDNOŚĆ,Wskaźnik maskulinizacji,2024,powiat dąbrowski,98.44
1,LUDNOŚĆ,Wskaźnik maskulinizacji,2024,powiat gorlicki,97.76
1,LUDNOŚĆ,Wskaźnik maskulinizacji,2024,powiat krakowski,96.34
1,LUDNOŚĆ,Wskaźnik maskulinizacji,2024,powiat limanowski,99.75
1,LUDNOŚĆ,Wskaźnik maskulinizacji,2024,powiat m. Kraków,87.63
1,LUDNOŚĆ,Wskaźnik maskulinizacji,2024,powiat m. Nowy Sącz,91.18
1,LUDNOŚĆ,Wskaźnik maskulinizacji,2024,powiat m. Tarnów,88.43
1,LUDNOŚĆ,Wskaźnik maskulinizacji,2024,powiat miechowski,96.07
1,LUDNOŚĆ,Wskaźnik maskulinizacji,2024,powiat myślenicki,98.17
1,LUDNOŚĆ,Wskaźnik maskulinizacji,2024,powiat nowosądecki,99.26
1,LUDNOŚĆ,Wskaźnik maskulinizacji,2024,powiat nowotarski,95.45
1,LUDNOŚĆ,Wskaźnik maskulinizacji,2024,powiat olkuski,94.1
1,LUDNOŚĆ,Wskaźnik maskulinizacji,2024,powiat oświęcimski,93.82
1,LUDNOŚĆ,Wskaźnik maskulinizacji,2024,powiat proszowicki,97.19
1,LUDNOŚĆ,Wskaźnik maskulinizacji,2024,powiat suski,97.3
1,LUDNOŚĆ,Wskaźnik maskulinizacji,2024,powiat tarnowski,98.47
1,LUDNOŚĆ,Wskaźnik maskulinizacji,2024,powiat tatrzański,93.03
1,LUDNOŚĆ,Wskaźnik maskulinizacji,2024,powiat wadowicki,96.32
1,LUDNOŚĆ,Wskaźnik maskulinizacji,2024,powiat wielicki,96.45
7,LUDNOŚĆ,Wskaźnik gęstości zaludnienia,2024,powiat bocheński,164.9
7,LUDNOŚĆ,Wskaźnik gęstości zaludnienia,2024,powiat brzeski,154.6
7,LUDNOŚĆ,Wskaźnik gęstości zaludnienia,2024,powiat chrzanowski,318.4
7,LUDNOŚĆ,Wskaźnik gęstości zaludnienia,2024,powiat dąbrowski,108.0
7,LUDNOŚĆ,Wskaźnik gęstości zaludnienia,2024,powiat gorlicki,108.2
7,LUDNOŚĆ,Wskaźnik gęstości zaludnienia,2024,powiat krakowski,247.3
7,LUDNOŚĆ,Wskaźnik gęstości zaludnienia,2024,powiat limanowski,138.4
7,LUDNOŚĆ,Wskaźnik gęstości zaludnienia,2024,powiat m. Kraków,2475.7
7,LUDNOŚĆ,Wskaźnik gęstości zaludnienia,2024,powiat m. Nowy Sącz,1385.8
7,LUDNOŚĆ,Wskaźnik gęstości zaludnienia,2024,powiat m. Tarnów,1411.1
7,LUDNOŚĆ,Wskaźnik gęstości zaludnienia,2024,powiat miechowski,68.5
7,LUDNOŚĆ,Wskaźnik gęstości zaludnienia,2024,powiat myślenicki,193.1
7,LUDNOŚĆ,Wskaźnik gęstości zaludnienia,2024,powiat nowosądecki,138.6
7,LUDNOŚĆ,Wskaźnik gęstości zaludnienia,2024,powiat nowotarski,128.8
7,LUDNOŚĆ,Wskaźnik gęstości zaludnienia,2024,powiat olkuski,169.9
7,LUDNOŚĆ,Wskaźnik gęstości zaludnienia,2024,powiat oświęcimski,363.6
7,LUDNOŚĆ,Wskaźnik gęstości zaludnienia,2024,powiat proszowicki,101.1
7,LUDNOŚĆ,Wskaźnik gęstości zaludnienia,2024,powiat suski,120.4
7,LUDNOŚĆ,Wskaźnik gęstości zaludnienia,2024,powiat tarnowski,139.6
7,LUDNOŚĆ,Wskaźnik gęstości zaludnienia,2024,powiat tatrzański,140.7
7,LUDNOŚĆ,Wskaźnik gęstości zaludnienia,2024,powiat wadowicki,243.2
7,LUDNOŚĆ,Wskaźnik gęstości zaludnienia,2024,powiat wielicki,353.8
4,LUDNOŚĆ,Wskaźnik urbanizacji,2024,powiat bocheński,29.03
4,LUDNOŚĆ,Wskaźnik urbanizacji,2024,powiat brzeski,19.77
4,LUDNOŚĆ,Wskaźnik urbanizacji,2024,powiat chrzanowski,60.14
4,LUDNOŚĆ,Wskaźnik urbanizacji,2024,powiat dąbrowski,27.0
4,LUDNOŚĆ,Wskaźnik urbanizacji,2024,powiat gorlicki,31.07
4,LUDNOŚĆ,Wskaźnik urbanizacji,2024,powiat krakowski,14.47
4,LUDNOŚĆ,Wskaźnik urbanizacji,2024,powiat limanowski,16.84
4,LUDNOŚĆ,Wskaźnik urbanizacji,2024,powiat m. Kraków,100.0
4,LUDNOŚĆ,Wskaźnik urbanizacji,2024,powiat m. Nowy Sącz,100.0
4,LUDNOŚĆ,Wskaźnik urbanizacji,2024,powiat m. Tarnów,100.0
4,LUDNOŚĆ,Wskaźnik urbanizacji,2024,powiat miechowski,25.28
4,LUDNOŚĆ,Wskaźnik urbanizacji,2024,powiat myślenicki,23.31
4,LUDNOŚĆ,Wskaźnik urbanizacji,2024,powiat nowosądecki,15.69
4,LUDNOŚĆ,Wskaźnik urbanizacji,2024,powiat nowotarski,28.43
4,LUDNOŚĆ,Wskaźnik urbanizacji,2024,powiat olkuski,46.85
4,LUDNOŚĆ,Wskaźnik urbanizacji,2024,powiat oświęcimski,50.97
4,LUDNOŚĆ,Wskaźnik urbanizacji,2024,powiat proszowicki,19.26
4,LUDNOŚĆ,Wskaźnik urbanizacji,2024,powiat suski,23.77
4,LUDNOŚĆ,Wskaźnik urbanizacji,2024,powiat tarnowski,11.54
4,LUDNOŚĆ,Wskaźnik urbanizacji,2024,powiat tatrzański,37.77
4,LUDNOŚĆ,Wskaźnik urbanizacji,2024,powiat wadowicki,25.0
4,LUDNOŚĆ,Wskaźnik urbanizacji,2024,powiat wielicki,31.25
152,LUDNOŚĆ,Rozwody na 1000 mieszkańców,2023,powiat bocheński,1.1
152,LUDNOŚĆ,Rozwody na 1000 mieszkańców,2023,powiat brzeski,1.2
152,LUDNOŚĆ,Rozwody na 1000 mieszkańców,2023,powiat chrzanowski,1.2
152,LUDNOŚĆ,Rozwody na 1000 mieszkańców,2023,powiat dąbrowski,1.1
152,LUDNOŚĆ,Rozwody na 1000 mieszkańców,2023,powiat gorlicki,1.1
152,LUDNOŚĆ,Rozwody na 1000 mieszkańców,2023,powiat krakowski,0.7
152,LUDNOŚĆ,Rozwody na 1000 mieszkańców,2023,powiat limanowski,0.7
152,LUDNOŚĆ,Rozwody na 1000 mieszkańców,2023,powiat m. Kraków,2.2
152,LUDNOŚĆ,Rozwody na 1000 mieszkańców,2023,powiat m. Nowy Sącz,1.4
152,LUDNOŚĆ,Rozwody na 1000 mieszkańców,2023,powiat m. Tarnów,1.6
152,LUDNOŚĆ,Rozwody na 1000 mieszkańców,2023,powiat miechowski,0.9
152,LUDNOŚĆ,Rozwody na 1000 mieszkańców,2023,powiat myślenicki,0.6
152,LUDNOŚĆ,Rozwody na 1000 mieszkańców,2023,powiat nowosądecki,0.7
152,LUDNOŚĆ,Rozwody na 1000 mieszkańców,2023,powiat nowotarski,0.9
152,LUDNOŚĆ,Rozwody na 1000 mieszkańców,2023,powiat olkuski,1.0
152,LUDNOŚĆ,Rozwody na 1000 mieszkańców,2023,powiat oświęcimski,0.7
152,LUDNOŚĆ,Rozwody na 1000 mieszkańców,2023,powiat proszowicki,0.6
152,LUDNOŚĆ,Rozwody na 1000 mieszkańców,2023,powiat suski,0.1
152,LUDNOŚĆ,Rozwody na 1000 mieszkańców,2023,powiat tarnowski,1.0
152,LUDNOŚĆ,Rozwody na 1000 mieszkańców,2023,powiat tatrzański,0.9
152,LUDNOŚĆ,Rozwody na 1000 mieszkańców,2023,powiat wadowicki,0.6
152,LUDNOŚĆ,Rozwody na 1000 mieszkańców,2023,powiat wielicki,0.5
127,LUDNOŚĆ,Małżeństwa na 1000 mieszkańców,2024,powiat bocheński,4.1
127,LUDNOŚĆ,Małżeństwa na 1000 mieszkańców,2024,powiat brzeski,3.6
127,LUDNOŚĆ,Małżeństwa na 1000 mieszkańców,2024,powiat chrzanowski,2.9
127,LUDNOŚĆ,Małżeństwa na 1000 mieszkańców,2024,powiat dąbrowski,3.8
127,LUDNOŚĆ,Małżeństwa na 1000 mieszkańców,2024,powiat gorlicki,3.4
127,LUDNOŚĆ,Małżeństwa na 1000 mieszkańców,2024,powiat krakowski,3.1
127,LUDNOŚĆ,Małżeństwa na 1000 mieszkańców,2024,powiat limanowski,4.2
127,LUDNOŚĆ,Małżeństwa na 1000 mieszkańców,2024,powiat m. Kraków,5.3
127,LUDNOŚĆ,Małżeństwa na 1000 mieszkańców,2024,powiat m. Nowy Sącz,3.2
127,LUDNOŚĆ,Małżeństwa na 1000 mieszkańców,2024,powiat m. Tarnów,3.2
127,LUDNOŚĆ,Małżeństwa na 1000 mieszkańców,2024,powiat miechowski,3.1
127,LUDNOŚĆ,Małżeństwa na 1000 mieszkańców,2024,powiat myślenicki,3.9
127,LUDNOŚĆ,Małżeństwa na 1000 mieszkańców,2024,powiat nowosądecki,3.9
127,LUDNOŚĆ,Małżeństwa na 1000 mieszkańców,2024,powiat nowotarski,3.6
127,LUDNOŚĆ,Małżeństwa na 1000 mieszkańców,2024,powiat olkuski,3.3
127,LUDNOŚĆ,Małżeństwa na 1000 mieszkańców,2024,powiat oświęcimski,3.5
127,LUDNOŚĆ,Małżeństwa na 1000 mieszkańców,2024,powiat proszowicki,3.9
127,LUDNOŚĆ,Małżeństwa na 1000 mieszkańców,2024,powiat suski,3.9
127,LUDNOŚĆ,Małżeństwa na 1000 mieszkańców,2024,powiat tarnowski,3.5
127,LUDNOŚĆ,Małżeństwa na 1000 mieszkańców,2024,powiat tatrzański,4.1
127,LUDNOŚĆ,Małżeństwa na 1000 mieszkańców,2024,powiat wadowicki,3.5
127,LUDNOŚĆ,Małżeństwa na 1000 mieszkańców,2024,powiat wielicki,3.6
128,LUDNOŚĆ,Urodzenia na 1000 mieszkańców,2024,powiat bocheński,8.47
128,LUDNOŚĆ,Urodzenia na 1000 mieszkańców,2024,powiat brzeski,7.04
128,LUDNOŚĆ,Urodzenia na 1000 mieszkańców,2024,powiat chrzanowski,5.3
128,LUDNOŚĆ,Urodzenia na 1000 mieszkańców,2024,powiat dąbrowski,6.73
128,LUDNOŚĆ,Urodzenia na 1000 mieszkańców,2024,powiat gorlicki,5.99
128,LUDNOŚĆ,Urodzenia na 1000 mieszkańców,2024,powiat krakowski,7.13
128,LUDNOŚĆ,Urodzenia na 1000 mieszkańców,2024,powiat limanowski,9.29
128,LUDNOŚĆ,Urodzenia na 1000 mieszkańców,2024,powiat m. Kraków,8.74
128,LUDNOŚĆ,Urodzenia na 1000 mieszkańców,2024,powiat m. Nowy Sącz,7.25
128,LUDNOŚĆ,Urodzenia na 1000 mieszkańców,2024,powiat m. Tarnów,5.69
128,LUDNOŚĆ,Urodzenia na 1000 mieszkańców,2024,powiat miechowski,6.17
128,LUDNOŚĆ,Urodzenia na 1000 mieszkańców,2024,powiat myślenicki,8.88
128,LUDNOŚĆ,Urodzenia na 1000 mieszkańców,2024,powiat nowosądecki,8.8
128,LUDNOŚĆ,Urodzenia na 1000 mieszkańców,2024,powiat nowotarski,8.26
128,LUDNOŚĆ,Urodzenia na 1000 mieszkańców,2024,powiat olkuski,5.94
128,LUDNOŚĆ,Urodzenia na 1000 mieszkańców,2024,powiat oświęcimski,6.21
128,LUDNOŚĆ,Urodzenia na 1000 mieszkańców,2024,powiat proszowicki,7.11
128,LUDNOŚĆ,Urodzenia na 1000 mieszkańców,2024,powiat suski,7.83
128,LUDNOŚĆ,Urodzenia na 1000 mieszkańców,2024,powiat tarnowski,7.25
128,LUDNOŚĆ,Urodzenia na 1000 mieszkańców,2024,powiat tatrzański,7.64
128,LUDNOŚĆ,Urodzenia na 1000 mieszkańców,2024,powiat wadowicki,7.43
128,LUDNOŚĆ,Urodzenia na 1000 mieszkańców,2024,powiat wielicki,8.94
129,LUDNOŚĆ,Zgony na 1000 mieszkańców,2024,powiat bocheński,9.47
129,LUDNOŚĆ,Zgony na 1000 mieszkańców,2024,powiat brzeski,9.52
129,LUDNOŚĆ,Zgony na 1000 mieszkańców,2024,powiat chrzanowski,12.26
129,LUDNOŚĆ,Zgony na 1000 mieszkańców,2024,powiat dąbrowski,9.98
129,LUDNOŚĆ,Zgony na 1000 mieszkańców,2024,powiat gorlicki,10.61
129,LUDNOŚĆ,Zgony na 1000 mieszkańców,2024,powiat krakowski,8.8
129,LUDNOŚĆ,Zgony na 1000 mieszkańców,2024,powiat limanowski,7.86
129,LUDNOŚĆ,Zgony na 1000 mieszkańców,2024,powiat m. Kraków,9.36
129,LUDNOŚĆ,Zgony na 1000 mieszkańców,2024,powiat m. Nowy Sącz,10.24
129,LUDNOŚĆ,Zgony na 1000 mieszkańców,2024,powiat m. Tarnów,10.84
129,LUDNOŚĆ,Zgony na 1000 mieszkańców,2024,powiat miechowski,13.26
129,LUDNOŚĆ,Zgony na 1000 mieszkańców,2024,powiat myślenicki,9.2
129,LUDNOŚĆ,Zgony na 1000 mieszkańców,2024,powiat nowosądecki,7.99
129,LUDNOŚĆ,Zgony na 1000 mieszkańców,2024,powiat nowotarski,8.25
129,LUDNOŚĆ,Zgony na 1000 mieszkańców,2024,powiat olkuski,12.53
129,LUDNOŚĆ,Zgony na 1000 mieszkańców,2024,powiat oświęcimski,10.97
129,LUDNOŚĆ,Zgony na 1000 mieszkańców,2024,powiat proszowicki,11.13
129,LUDNOŚĆ,Zgony na 1000 mieszkańców,2024,powiat suski,10.67
129,LUDNOŚĆ,Zgony na 1000 mieszkańców,2024,powiat tarnowski,9.14
129,LUDNOŚĆ,Zgony na 1000 mieszkańców,2024,powiat tatrzański,8.74
129,LUDNOŚĆ,Zgony na 1000 mieszkańców,2024,powiat wadowicki,10.07
129,LUDNOŚĆ,Zgony na 1000 mieszkańców,2024,powiat wielicki,8.72
284,LUDNOŚĆ,Wskaźnik/ indeks starości,2024,powiat bocheński,101
284,LUDNOŚĆ,Wskaźnik/ indeks starości,2024,powiat brzeski,111
284,LUDNOŚĆ,Wskaźnik/ indeks starości,2024,powiat chrzanowski,176
284,LUDNOŚĆ,Wskaźnik/ indeks starości,2024,powiat dąbrowski,122
284,LUDNOŚĆ,Wskaźnik/ indeks starości,2024,powiat gorlicki,124
284,LUDNOŚĆ,Wskaźnik/ indeks starości,2024,powiat krakowski,102
284,LUDNOŚĆ,Wskaźnik/ indeks starości,2024,powiat limanowski,78
284,LUDNOŚĆ,Wskaźnik/ indeks starości,2024,powiat m. Kraków,143
284,LUDNOŚĆ,Wskaźnik/ indeks starości,2024,powiat m. Nowy Sącz,141
284,LUDNOŚĆ,Wskaźnik/ indeks starości,2024,powiat m. Tarnów,205
284,LUDNOŚĆ,Wskaźnik/ indeks starości,2024,powiat miechowski,169
284,LUDNOŚĆ,Wskaźnik/ indeks starości,2024,powiat myślenicki,91
284,LUDNOŚĆ,Wskaźnik/ indeks starości,2024,powiat nowosądecki,81
284,LUDNOŚĆ,Wskaźnik/ indeks starości,2024,powiat nowotarski,105
284,LUDNOŚĆ,Wskaźnik/ indeks starości,2024,powiat olkuski,177
284,LUDNOŚĆ,Wskaźnik/ indeks starości,2024,powiat oświęcimski,150
284,LUDNOŚĆ,Wskaźnik/ indeks starości,2024,powiat proszowicki,143
284,LUDNOŚĆ,Wskaźnik/ indeks starości,2024,powiat suski,112
284,LUDNOŚĆ,Wskaźnik/ indeks starości,2024,powiat tarnowski,110
284,LUDNOŚĆ,Wskaźnik/ indeks starości,2024,powiat tatrzański,124
284,LUDNOŚĆ,Wskaźnik/ indeks starości,2024,powiat wadowicki,113
284,LUDNOŚĆ,Wskaźnik/ indeks starości,2024,powiat wielicki,85
285,LUDNOŚĆ,Ludność w wieku 65+/ Współczynnik starości demograficznej,2024,powiat bocheński,17.66
285,LUDNOŚĆ,Ludność w wieku 65+/ Współczynnik starości demograficznej,2024,powiat brzeski,17.86
285,LUDNOŚĆ,Ludność w wieku 65+/ Współczynnik starości demograficznej,2024,powiat chrzanowski,23.09
285,LUDNOŚĆ,Ludność w wieku 65+/ Współczynnik starości demograficznej,2024,powiat dąbrowski,18.17
285,LUDNOŚĆ,Ludność w wieku 65+/ Współczynnik starości demograficznej,2024,powiat gorlicki,19.34
285,LUDNOŚĆ,Ludność w wieku 65+/ Współczynnik starości demograficznej,2024,powiat krakowski,17.39
285,LUDNOŚĆ,Ludność w wieku 65+/ Współczynnik starości demograficznej,2024,powiat limanowski,15.07
285,LUDNOŚĆ,Ludność w wieku 65+/ Współczynnik starości demograficznej,2024,powiat m. Kraków,19.89
285,LUDNOŚĆ,Ludność w wieku 65+/ Współczynnik starości demograficznej,2024,powiat m. Nowy Sącz,21.12
285,LUDNOŚĆ,Ludność w wieku 65+/ Współczynnik starości demograficznej,2024,powiat m. Tarnów,24.83
285,LUDNOŚĆ,Ludność w wieku 65+/ Współczynnik starości demograficznej,2024,powiat miechowski,23.51
285,LUDNOŚĆ,Ludność w wieku 65+/ Współczynnik starości demograficznej,2024,powiat myślenicki,16.27
285,LUDNOŚĆ,Ludność w wieku 65+/ Współczynnik starości demograficznej,2024,powiat nowosądecki,15.12
285,LUDNOŚĆ,Ludność w wieku 65+/ Współczynnik starości demograficznej,2024,powiat nowotarski,17.16
285,LUDNOŚĆ,Ludność w wieku 65+/ Współczynnik starości demograficznej,2024,powiat olkuski,23.56
285,LUDNOŚĆ,Ludność w wieku 65+/ Współczynnik starości demograficznej,2024,powiat oświęcimski,21.44
285,LUDNOŚĆ,Ludność w wieku 65+/ Współczynnik starości demograficznej,2024,powiat proszowicki,20.79
285,LUDNOŚĆ,Ludność w wieku 65+/ Współczynnik starości demograficznej,2024,powiat suski,18.02
285,LUDNOŚĆ,Ludność w wieku 65+/ Współczynnik starości demograficznej,2024,powiat tarnowski,17.39
285,LUDNOŚĆ,Ludność w wieku 65+/ Współczynnik starości demograficznej,2024,powiat tatrzański,19.39
285,LUDNOŚĆ,Ludność w wieku 65+/ Współczynnik starości demograficznej,2024,powiat wadowicki,18.23
285,LUDNOŚĆ,Ludność w wieku 65+/ Współczynnik starości demograficznej,2024,powiat wielicki,15.58
286,LUDNOŚĆ,Wskaźnik potencjalnego wsparcia,2024,powiat bocheński,368
286,LUDNOŚĆ,Wskaźnik potencjalnego wsparcia,2024,powiat brzeski,370
286,LUDNOŚĆ,Wskaźnik potencjalnego wsparcia,2024,powiat chrzanowski,276
286,LUDNOŚĆ,Wskaźnik potencjalnego wsparcia,2024,powiat dąbrowski,368
286,LUDNOŚĆ,Wskaźnik potencjalnego wsparcia,2024,powiat gorlicki,337
286,LUDNOŚĆ,Wskaźnik potencjalnego wsparcia,2024,powiat krakowski,377
286,LUDNOŚĆ,Wskaźnik potencjalnego wsparcia,2024,powiat limanowski,436
286,LUDNOŚĆ,Wskaźnik potencjalnego wsparcia,2024,powiat m. Kraków,333
286,LUDNOŚĆ,Wskaźnik potencjalnego wsparcia,2024,powiat m. Nowy Sącz,302
286,LUDNOŚĆ,Wskaźnik potencjalnego wsparcia,2024,powiat m. Tarnów,254
286,LUDNOŚĆ,Wskaźnik potencjalnego wsparcia,2024,powiat miechowski,266
286,LUDNOŚĆ,Wskaźnik potencjalnego wsparcia,2024,powiat myślenicki,405
286,LUDNOŚĆ,Wskaźnik potencjalnego wsparcia,2024,powiat nowosądecki,438
286,LUDNOŚĆ,Wskaźnik potencjalnego wsparcia,2024,powiat nowotarski,388
286,LUDNOŚĆ,Wskaźnik potencjalnego wsparcia,2024,powiat olkuski,268
286,LUDNOŚĆ,Wskaźnik potencjalnego wsparcia,2024,powiat oświęcimski,300
286,LUDNOŚĆ,Wskaźnik potencjalnego wsparcia,2024,powiat proszowicki,311
286,LUDNOŚĆ,Wskaźnik potencjalnego wsparcia,2024,powiat suski,366
286,LUDNOŚĆ,Wskaźnik potencjalnego wsparcia,2024,powiat tarnowski,384
286,LUDNOŚĆ,Wskaźnik potencjalnego wsparcia,2024,powiat tatrzański,335
286,LUDNOŚĆ,Wskaźnik potencjalnego wsparcia,2024,powiat wadowicki,360
286,LUDNOŚĆ,Wskaźnik potencjalnego wsparcia,2024,powiat wielicki,424
234,RODZINA,Rodziny z dziećmi do lat 24 na utrzymaniu,2011,powiat bocheński,55.36
234,RODZINA,Rodziny z dziećmi do lat 24 na utrzymaniu,2011,powiat brzeski,55.67
234,RODZINA,Rodziny z dziećmi do lat 24 na utrzymaniu,2011,powiat chrzanowski,47.43
234,RODZINA,Rodziny z dziećmi do lat 24 na utrzymaniu,2011,powiat dąbrowski,53.41
234,RODZINA,Rodziny z dziećmi do lat 24 na utrzymaniu,2011,powiat gorlicki,54.54
234,RODZINA,Rodziny z dziećmi do lat 24 na utrzymaniu,2011,powiat krakowski,52.89
234,RODZINA,Rodziny z dziećmi do lat 24 na utrzymaniu,2011,powiat limanowski,60.1
234,RODZINA,Rodziny z dziećmi do lat 24 na utrzymaniu,2011,powiat m. Kraków,44.89
234,RODZINA,Rodziny z dziećmi do lat 24 na utrzymaniu,2011,powiat m. Nowy Sącz,52.77
234,RODZINA,Rodziny z dziećmi do lat 24 na utrzymaniu,2011,powiat m. Tarnów,48.21
234,RODZINA,Rodziny z dziećmi do lat 24 na utrzymaniu,2011,powiat miechowski,48.71
234,RODZINA,Rodziny z dziećmi do lat 24 na utrzymaniu,2011,powiat myślenicki,57.58
234,RODZINA,Rodziny z dziećmi do lat 24 na utrzymaniu,2011,powiat nowosądecki,61.1
234,RODZINA,Rodziny z dziećmi do lat 24 na utrzymaniu,2011,powiat nowotarski,55.57
234,RODZINA,Rodziny z dziećmi do lat 24 na utrzymaniu,2011,powiat olkuski,47.64
234,RODZINA,Rodziny z dziećmi do lat 24 na utrzymaniu,2011,powiat oświęcimski,48.66
234,RODZINA,Rodziny z dziećmi do lat 24 na utrzymaniu,2011,powiat proszowicki,50.98
234,RODZINA,Rodziny z dziećmi do lat 24 na utrzymaniu,2011,powiat suski,54.88
234,RODZINA,Rodziny z dziećmi do lat 24 na utrzymaniu,2011,powiat tarnowski,56.69
234,RODZINA,Rodziny z dziećmi do lat 24 na utrzymaniu,2011,powiat tatrzański,52.03
234,RODZINA,Rodziny z dziećmi do lat 24 na utrzymaniu,2011,powiat wadowicki,54.06
234,RODZINA,Rodziny z dziećmi do lat 24 na utrzymaniu,2011,powiat wielicki,54.89
235,RODZINA,Rodziny z 1 dzieckiem,2011,powiat bocheński,44.31
235,RODZINA,Rodziny z 1 dzieckiem,2011,powiat brzeski,42.29
235,RODZINA,Rodziny z 1 dzieckiem,2011,powiat chrzanowski,59.14
235,RODZINA,Rodziny z 1 dzieckiem,2011,powiat dąbrowski,42.96
235,RODZINA,Rodziny z 1 dzieckiem,2011,powiat gorlicki,44.27
235,RODZINA,Rodziny z 1 dzieckiem,2011,powiat krakowski,49.98
235,RODZINA,Rodziny z 1 dzieckiem,2011,powiat limanowski,36.27
235,RODZINA,Rodziny z 1 dzieckiem,2011,powiat m. Kraków,59.37
235,RODZINA,Rodziny z 1 dzieckiem,2011,powiat m. Nowy Sącz,49.42
235,RODZINA,Rodziny z 1 dzieckiem,2011,powiat m. Tarnów,56.3
235,RODZINA,Rodziny z 1 dzieckiem,2011,powiat miechowski,48.07
235,RODZINA,Rodziny z 1 dzieckiem,2011,powiat myślenicki,43.5
235,RODZINA,Rodziny z 1 dzieckiem,2011,powiat nowosądecki,38.73
235,RODZINA,Rodziny z 1 dzieckiem,2011,powiat nowotarski,42.92
235,RODZINA,Rodziny z 1 dzieckiem,2011,powiat olkuski,54.65
235,RODZINA,Rodziny z 1 dzieckiem,2011,powiat oświęcimski,53.93
235,RODZINA,Rodziny z 1 dzieckiem,2011,powiat proszowicki,48.47
235,RODZINA,Rodziny z 1 dzieckiem,2011,powiat suski,43.59
235,RODZINA,Rodziny z 1 dzieckiem,2011,powiat tarnowski,42.03
235,RODZINA,Rodziny z 1 dzieckiem,2011,powiat tatrzański,48.65
235,RODZINA,Rodziny z 1 dzieckiem,2011,powiat wadowicki,49.09
235,RODZINA,Rodziny z 1 dzieckiem,2011,powiat wielicki,50.01
236,RODZINA,Rodziny z 2 dzieci,2011,powiat bocheński,37.21
236,RODZINA,Rodziny z 2 dzieci,2011,powiat brzeski,37.47
236,RODZINA,Rodziny z 2 dzieci,2011,powiat chrzanowski,33.11
236,RODZINA,Rodziny z 2 dzieci,2011,powiat dąbrowski,36.85
236,RODZINA,Rodziny z 2 dzieci,2011,powiat gorlicki,36.95
236,RODZINA,Rodziny z 2 dzieci,2011,powiat krakowski,38.8
236,RODZINA,Rodziny z 2 dzieci,2011,powiat limanowski,35.99
236,RODZINA,Rodziny z 2 dzieci,2011,powiat m. Kraków,33.62
236,RODZINA,Rodziny z 2 dzieci,2011,powiat m. Nowy Sącz,36.51
236,RODZINA,Rodziny z 2 dzieci,2011,powiat m. Tarnów,34.97
236,RODZINA,Rodziny z 2 dzieci,2011,powiat miechowski,36.93
236,RODZINA,Rodziny z 2 dzieci,2011,powiat myślenicki,37.29
236,RODZINA,Rodziny z 2 dzieci,2011,powiat nowosądecki,36.2
236,RODZINA,Rodziny z 2 dzieci,2011,powiat nowotarski,35.35
236,RODZINA,Rodziny z 2 dzieci,2011,powiat olkuski,36.87
236,RODZINA,Rodziny z 2 dzieci,2011,powiat oświęcimski,37.07
236,RODZINA,Rodziny z 2 dzieci,2011,powiat proszowicki,37.26
236,RODZINA,Rodziny z 2 dzieci,2011,powiat suski,37.31
236,RODZINA,Rodziny z 2 dzieci,2011,powiat tarnowski,37.72
236,RODZINA,Rodziny z 2 dzieci,2011,powiat tatrzański,34.18
236,RODZINA,Rodziny z 2 dzieci,2011,powiat wadowicki,36.16
236,RODZINA,Rodziny z 2 dzieci,2011,powiat wielicki,38.03
237,RODZINA,Rodziny wielodzietne (z 3 lub więcej dzieci),2011,powiat bocheński,18.48
237,RODZINA,Rodziny wielodzietne (z 3 lub więcej dzieci),2011,powiat brzeski,20.25
237,RODZINA,Rodziny wielodzietne (z 3 lub więcej dzieci),2011,powiat chrzanowski,7.75
237,RODZINA,Rodziny wielodzietne (z 3 lub więcej dzieci),2011,powiat dąbrowski,20.19
237,RODZINA,Rodziny wielodzietne (z 3 lub więcej dzieci),2011,powiat gorlicki,18.78
237,RODZINA,Rodziny wielodzietne (z 3 lub więcej dzieci),2011,powiat krakowski,11.22
237,RODZINA,Rodziny wielodzietne (z 3 lub więcej dzieci),2011,powiat limanowski,27.74
237,RODZINA,Rodziny wielodzietne (z 3 lub więcej dzieci),2011,powiat m. Kraków,7.01
237,RODZINA,Rodziny wielodzietne (z 3 lub więcej dzieci),2011,powiat m. Nowy Sącz,14.08
237,RODZINA,Rodziny wielodzietne (z 3 lub więcej dzieci),2011,powiat m. Tarnów,8.73
237,RODZINA,Rodziny wielodzietne (z 3 lub więcej dzieci),2011,powiat miechowski,15.0
237,RODZINA,Rodziny wielodzietne (z 3 lub więcej dzieci),2011,powiat myślenicki,19.21
237,RODZINA,Rodziny wielodzietne (z 3 lub więcej dzieci),2011,powiat nowosądecki,25.07
237,RODZINA,Rodziny wielodzietne (z 3 lub więcej dzieci),2011,powiat nowotarski,21.73
237,RODZINA,Rodziny wielodzietne (z 3 lub więcej dzieci),2011,powiat olkuski,8.47
237,RODZINA,Rodziny wielodzietne (z 3 lub więcej dzieci),2011,powiat oświęcimski,9.0
237,RODZINA,Rodziny wielodzietne (z 3 lub więcej dzieci),2011,powiat proszowicki,14.29
237,RODZINA,Rodziny wielodzietne (z 3 lub więcej dzieci),2011,powiat suski,19.1
237,RODZINA,Rodziny wielodzietne (z 3 lub więcej dzieci),2011,powiat tarnowski,20.25
237,RODZINA,Rodziny wielodzietne (z 3 lub więcej dzieci),2011,powiat tatrzański,17.17
237,RODZINA,Rodziny wielodzietne (z 3 lub więcej dzieci),2011,powiat wadowicki,14.75
237,RODZINA,Rodziny wielodzietne (z 3 lub więcej dzieci),2011,powiat wielicki,11.95
238,RODZINA,Liczba dzieci do lat 24 na utrzymaniu ogółem,2011,powiat bocheński,28166
238,RODZINA,Liczba dzieci do lat 24 na utrzymaniu ogółem,2011,powiat brzeski,25247
238,RODZINA,Liczba dzieci do lat 24 na utrzymaniu ogółem,2011,powiat chrzanowski,27364
238,RODZINA,Liczba dzieci do lat 24 na utrzymaniu ogółem,2011,powiat dąbrowski,15276
238,RODZINA,Liczba dzieci do lat 24 na utrzymaniu ogółem,2011,powiat gorlicki,29611
238,RODZINA,Liczba dzieci do lat 24 na utrzymaniu ogółem,2011,powiat krakowski,64837
238,RODZINA,Liczba dzieci do lat 24 na utrzymaniu ogółem,2011,powiat limanowski,40092
238,RODZINA,Liczba dzieci do lat 24 na utrzymaniu ogółem,2011,powiat m. Kraków,139928
238,RODZINA,Liczba dzieci do lat 24 na utrzymaniu ogółem,2011,powiat m. Nowy Sącz,20890
238,RODZINA,Liczba dzieci do lat 24 na utrzymaniu ogółem,2011,powiat m. Tarnów,24122
238,RODZINA,Liczba dzieci do lat 24 na utrzymaniu ogółem,2011,powiat miechowski,11797
238,RODZINA,Liczba dzieci do lat 24 na utrzymaniu ogółem,2011,powiat myślenicki,34629
238,RODZINA,Liczba dzieci do lat 24 na utrzymaniu ogółem,2011,powiat nowosądecki,65243
238,RODZINA,Liczba dzieci do lat 24 na utrzymaniu ogółem,2011,powiat nowotarski,51708
238,RODZINA,Liczba dzieci do lat 24 na utrzymaniu ogółem,2011,powiat olkuski,25741
238,RODZINA,Liczba dzieci do lat 24 na utrzymaniu ogółem,2011,powiat oświęcimski,35132
238,RODZINA,Liczba dzieci do lat 24 na utrzymaniu ogółem,2011,powiat proszowicki,10693
238,RODZINA,Liczba dzieci do lat 24 na utrzymaniu ogółem,2011,powiat suski,22808
238,RODZINA,Liczba dzieci do lat 24 na utrzymaniu ogółem,2011,powiat tarnowski,55169
238,RODZINA,Liczba dzieci do lat 24 na utrzymaniu ogółem,2011,powiat tatrzański,16410
238,RODZINA,Liczba dzieci do lat 24 na utrzymaniu ogółem,2011,powiat wadowicki,40749
238,RODZINA,Liczba dzieci do lat 24 na utrzymaniu ogółem,2011,powiat wielicki,29397
240,RODZINA,Dzieci do lat 24 na utrzymaniu w rodzinach wielodzietnych,2011,powiat bocheński,34.98
240,RODZINA,Dzieci do lat 24 na utrzymaniu w rodzinach wielodzietnych,2011,powiat brzeski,36.91
240,RODZINA,Dzieci do lat 24 na utrzymaniu w rodzinach wielodzietnych,2011,powiat chrzanowski,16.49
240,RODZINA,Dzieci do lat 24 na utrzymaniu w rodzinach wielodzietnych,2011,powiat dąbrowski,37.31
240,RODZINA,Dzieci do lat 24 na utrzymaniu w rodzinach wielodzietnych,2011,powiat gorlicki,35.62
240,RODZINA,Dzieci do lat 24 na utrzymaniu w rodzinach wielodzietnych,2011,powiat krakowski,22.48
240,RODZINA,Dzieci do lat 24 na utrzymaniu w rodzinach wielodzietnych,2011,powiat limanowski,48.06
240,RODZINA,Dzieci do lat 24 na utrzymaniu w rodzinach wielodzietnych,2011,powiat m. Kraków,15.25
240,RODZINA,Dzieci do lat 24 na utrzymaniu w rodzinach wielodzietnych,2011,powiat m. Nowy Sącz,27.77
240,RODZINA,Dzieci do lat 24 na utrzymaniu w rodzinach wielodzietnych,2011,powiat m. Tarnów,18.45
240,RODZINA,Dzieci do lat 24 na utrzymaniu w rodzinach wielodzietnych,2011,powiat miechowski,29.16
240,RODZINA,Dzieci do lat 24 na utrzymaniu w rodzinach wielodzietnych,2011,powiat myślenicki,35.55
240,RODZINA,Dzieci do lat 24 na utrzymaniu w rodzinach wielodzietnych,2011,powiat nowosądecki,44.63
240,RODZINA,Dzieci do lat 24 na utrzymaniu w rodzinach wielodzietnych,2011,powiat nowotarski,39.9
240,RODZINA,Dzieci do lat 24 na utrzymaniu w rodzinach wielodzietnych,2011,powiat olkuski,17.68
240,RODZINA,Dzieci do lat 24 na utrzymaniu w rodzinach wielodzietnych,2011,powiat oświęcimski,18.74
240,RODZINA,Dzieci do lat 24 na utrzymaniu w rodzinach wielodzietnych,2011,powiat proszowicki,28.2
240,RODZINA,Dzieci do lat 24 na utrzymaniu w rodzinach wielodzietnych,2011,powiat suski,36.41
240,RODZINA,Dzieci do lat 24 na utrzymaniu w rodzinach wielodzietnych,2011,powiat tarnowski,37.45
240,RODZINA,Dzieci do lat 24 na utrzymaniu w rodzinach wielodzietnych,2011,powiat tatrzański,33.28
240,RODZINA,Dzieci do lat 24 na utrzymaniu w rodzinach wielodzietnych,2011,powiat wadowicki,29.0
240,RODZINA,Dzieci do lat 24 na utrzymaniu w rodzinach wielodzietnych,2011,powiat wielicki,24.24
239,RODZINA,Przeciętna liczba dzieci do lat 24 na utrzymaniu,2011,powiat bocheński,1.83
239,RODZINA,Przeciętna liczba dzieci do lat 24 na utrzymaniu,2011,powiat brzeski,1.86
239,RODZINA,Przeciętna liczba dzieci do lat 24 na utrzymaniu,2011,powiat chrzanowski,1.5
239,RODZINA,Przeciętna liczba dzieci do lat 24 na utrzymaniu,2011,powiat dąbrowski,1.86
239,RODZINA,Przeciętna liczba dzieci do lat 24 na utrzymaniu,2011,powiat gorlicki,1.84
239,RODZINA,Przeciętna liczba dzieci do lat 24 na utrzymaniu,2011,powiat krakowski,1.65
239,RODZINA,Przeciętna liczba dzieci do lat 24 na utrzymaniu,2011,powiat limanowski,2.08
239,RODZINA,Przeciętna liczba dzieci do lat 24 na utrzymaniu,2011,powiat m. Kraków,1.49
239,RODZINA,Przeciętna liczba dzieci do lat 24 na utrzymaniu,2011,powiat m. Nowy Sącz,1.7
239,RODZINA,Przeciętna liczba dzieci do lat 24 na utrzymaniu,2011,powiat m. Tarnów,1.55
239,RODZINA,Przeciętna liczba dzieci do lat 24 na utrzymaniu,2011,powiat miechowski,1.72
239,RODZINA,Przeciętna liczba dzieci do lat 24 na utrzymaniu,2011,powiat myślenicki,1.83
239,RODZINA,Przeciętna liczba dzieci do lat 24 na utrzymaniu,2011,powiat nowosądecki,2.01
239,RODZINA,Przeciętna liczba dzieci do lat 24 na utrzymaniu,2011,powiat nowotarski,1.89
239,RODZINA,Przeciętna liczba dzieci do lat 24 na utrzymaniu,2011,powiat olkuski,1.56
239,RODZINA,Przeciętna liczba dzieci do lat 24 na utrzymaniu,2011,powiat oświęcimski,1.58
239,RODZINA,Przeciętna liczba dzieci do lat 24 na utrzymaniu,2011,powiat proszowicki,1.71
239,RODZINA,Przeciętna liczba dzieci do lat 24 na utrzymaniu,2011,powiat suski,1.86
239,RODZINA,Przeciętna liczba dzieci do lat 24 na utrzymaniu,2011,powiat tarnowski,1.88
239,RODZINA,Przeciętna liczba dzieci do lat 24 na utrzymaniu,2011,powiat tatrzański,1.75
239,RODZINA,Przeciętna liczba dzieci do lat 24 na utrzymaniu,2011,powiat wadowicki,1.71
239,RODZINA,Przeciętna liczba dzieci do lat 24 na utrzymaniu,2011,powiat wielicki,1.66
220,POMOC SPOŁECZNA - KADRA,Pracownicy socjalni OPS posiadający wyższe wykształcenie,2024,powiat bocheński,83.93
220,POMOC SPOŁECZNA - KADRA,Pracownicy socjalni OPS posiadający wyższe wykształcenie,2024,powiat brzeski,82.05
220,POMOC SPOŁECZNA - KADRA,Pracownicy socjalni OPS posiadający wyższe wykształcenie,2024,powiat chrzanowski,86.3
220,POMOC SPOŁECZNA - KADRA,Pracownicy socjalni OPS posiadający wyższe wykształcenie,2024,powiat dąbrowski,82.86
220,POMOC SPOŁECZNA - KADRA,Pracownicy socjalni OPS posiadający wyższe wykształcenie,2024,powiat gorlicki,67.74
220,POMOC SPOŁECZNA - KADRA,Pracownicy socjalni OPS posiadający wyższe wykształcenie,2024,powiat krakowski,87.5
220,POMOC SPOŁECZNA - KADRA,Pracownicy socjalni OPS posiadający wyższe wykształcenie,2024,powiat limanowski,51.67
220,POMOC SPOŁECZNA - KADRA,Pracownicy socjalni OPS posiadający wyższe wykształcenie,2024,powiat m. Kraków,82.11
220,POMOC SPOŁECZNA - KADRA,Pracownicy socjalni OPS posiadający wyższe wykształcenie,2024,powiat m. Nowy Sącz,96.0
220,POMOC SPOŁECZNA - KADRA,Pracownicy socjalni OPS posiadający wyższe wykształcenie,2024,powiat m. Tarnów,83.08
220,POMOC SPOŁECZNA - KADRA,Pracownicy socjalni OPS posiadający wyższe wykształcenie,2024,powiat miechowski,75.86
220,POMOC SPOŁECZNA - KADRA,Pracownicy socjalni OPS posiadający wyższe wykształcenie,2024,powiat myślenicki,93.44
220,POMOC SPOŁECZNA - KADRA,Pracownicy socjalni OPS posiadający wyższe wykształcenie,2024,powiat nowosądecki,73.33
220,POMOC SPOŁECZNA - KADRA,Pracownicy socjalni OPS posiadający wyższe wykształcenie,2024,powiat nowotarski,76.06
220,POMOC SPOŁECZNA - KADRA,Pracownicy socjalni OPS posiadający wyższe wykształcenie,2024,powiat olkuski,88.68
220,POMOC SPOŁECZNA - KADRA,Pracownicy socjalni OPS posiadający wyższe wykształcenie,2024,powiat oświęcimski,93.83
220,POMOC SPOŁECZNA - KADRA,Pracownicy socjalni OPS posiadający wyższe wykształcenie,2024,powiat proszowicki,95.24
220,POMOC SPOŁECZNA - KADRA,Pracownicy socjalni OPS posiadający wyższe wykształcenie,2024,powiat suski,73.81
220,POMOC SPOŁECZNA - KADRA,Pracownicy socjalni OPS posiadający wyższe wykształcenie,2024,powiat tarnowski,81.4
220,POMOC SPOŁECZNA - KADRA,Pracownicy socjalni OPS posiadający wyższe wykształcenie,2024,powiat tatrzański,81.25
220,POMOC SPOŁECZNA - KADRA,Pracownicy socjalni OPS posiadający wyższe wykształcenie,2024,powiat wadowicki,75.76
220,POMOC SPOŁECZNA - KADRA,Pracownicy socjalni OPS posiadający wyższe wykształcenie,2024,powiat wielicki,91.07
221,POMOC SPOŁECZNA - KADRA,Pracownicy socjalni OPS posiadający I stopień specjalizacji w zawodzie pracownik socjalny,2024,powiat bocheński,8.93
221,POMOC SPOŁECZNA - KADRA,Pracownicy socjalni OPS posiadający I stopień specjalizacji w zawodzie pracownik socjalny,2024,powiat brzeski,15.38
221,POMOC SPOŁECZNA - KADRA,Pracownicy socjalni OPS posiadający I stopień specjalizacji w zawodzie pracownik socjalny,2024,powiat chrzanowski,9.59
221,POMOC SPOŁECZNA - KADRA,Pracownicy socjalni OPS posiadający I stopień specjalizacji w zawodzie pracownik socjalny,2024,powiat dąbrowski,45.71
221,POMOC SPOŁECZNA - KADRA,Pracownicy socjalni OPS posiadający I stopień specjalizacji w zawodzie pracownik socjalny,2024,powiat gorlicki,29.03
221,POMOC SPOŁECZNA - KADRA,Pracownicy socjalni OPS posiadający I stopień specjalizacji w zawodzie pracownik socjalny,2024,powiat krakowski,14.84
221,POMOC SPOŁECZNA - KADRA,Pracownicy socjalni OPS posiadający I stopień specjalizacji w zawodzie pracownik socjalny,2024,powiat limanowski,41.67
221,POMOC SPOŁECZNA - KADRA,Pracownicy socjalni OPS posiadający I stopień specjalizacji w zawodzie pracownik socjalny,2024,powiat m. Kraków,10.79
221,POMOC SPOŁECZNA - KADRA,Pracownicy socjalni OPS posiadający I stopień specjalizacji w zawodzie pracownik socjalny,2024,powiat m. Nowy Sącz,6.0
221,POMOC SPOŁECZNA - KADRA,Pracownicy socjalni OPS posiadający I stopień specjalizacji w zawodzie pracownik socjalny,2024,powiat m. Tarnów,23.08
221,POMOC SPOŁECZNA - KADRA,Pracownicy socjalni OPS posiadający I stopień specjalizacji w zawodzie pracownik socjalny,2024,powiat miechowski,24.14
221,POMOC SPOŁECZNA - KADRA,Pracownicy socjalni OPS posiadający I stopień specjalizacji w zawodzie pracownik socjalny,2024,powiat myślenicki,16.39
221,POMOC SPOŁECZNA - KADRA,Pracownicy socjalni OPS posiadający I stopień specjalizacji w zawodzie pracownik socjalny,2024,powiat nowosądecki,18.1
221,POMOC SPOŁECZNA - KADRA,Pracownicy socjalni OPS posiadający I stopień specjalizacji w zawodzie pracownik socjalny,2024,powiat nowotarski,8.45
221,POMOC SPOŁECZNA - KADRA,Pracownicy socjalni OPS posiadający I stopień specjalizacji w zawodzie pracownik socjalny,2024,powiat olkuski,13.21
221,POMOC SPOŁECZNA - KADRA,Pracownicy socjalni OPS posiadający I stopień specjalizacji w zawodzie pracownik socjalny,2024,powiat oświęcimski,35.8
221,POMOC SPOŁECZNA - KADRA,Pracownicy socjalni OPS posiadający I stopień specjalizacji w zawodzie pracownik socjalny,2024,powiat proszowicki,33.33
221,POMOC SPOŁECZNA - KADRA,Pracownicy socjalni OPS posiadający I stopień specjalizacji w zawodzie pracownik socjalny,2024,powiat suski,2.38
221,POMOC SPOŁECZNA - KADRA,Pracownicy socjalni OPS posiadający I stopień specjalizacji w zawodzie pracownik socjalny,2024,powiat tarnowski,33.72
221,POMOC SPOŁECZNA - KADRA,Pracownicy socjalni OPS posiadający I stopień specjalizacji w zawodzie pracownik socjalny,2024,powiat tatrzański,18.75
221,POMOC SPOŁECZNA - KADRA,Pracownicy socjalni OPS posiadający I stopień specjalizacji w zawodzie pracownik socjalny,2024,powiat wadowicki,24.24
221,POMOC SPOŁECZNA - KADRA,Pracownicy socjalni OPS posiadający I stopień specjalizacji w zawodzie pracownik socjalny,2024,powiat wielicki,16.07
222,POMOC SPOŁECZNA - KADRA,Pracownicy socjalni OPS posiadający II stopień specjalizacji w zawodzie pracownik socjalny,2024,powiat bocheński,5.36
222,POMOC SPOŁECZNA - KADRA,Pracownicy socjalni OPS posiadający II stopień specjalizacji w zawodzie pracownik socjalny,2024,powiat brzeski,2.56
222,POMOC SPOŁECZNA - KADRA,Pracownicy socjalni OPS posiadający II stopień specjalizacji w zawodzie pracownik socjalny,2024,powiat chrzanowski,13.7
222,POMOC SPOŁECZNA - KADRA,Pracownicy socjalni OPS posiadający II stopień specjalizacji w zawodzie pracownik socjalny,2024,powiat dąbrowski,0.0
222,POMOC SPOŁECZNA - KADRA,Pracownicy socjalni OPS posiadający II stopień specjalizacji w zawodzie pracownik socjalny,2024,powiat gorlicki,3.23
222,POMOC SPOŁECZNA - KADRA,Pracownicy socjalni OPS posiadający II stopień specjalizacji w zawodzie pracownik socjalny,2024,powiat krakowski,9.38
222,POMOC SPOŁECZNA - KADRA,Pracownicy socjalni OPS posiadający II stopień specjalizacji w zawodzie pracownik socjalny,2024,powiat limanowski,1.67
222,POMOC SPOŁECZNA - KADRA,Pracownicy socjalni OPS posiadający II stopień specjalizacji w zawodzie pracownik socjalny,2024,powiat m. Kraków,1.84
222,POMOC SPOŁECZNA - KADRA,Pracownicy socjalni OPS posiadający II stopień specjalizacji w zawodzie pracownik socjalny,2024,powiat m. Nowy Sącz,2.0
222,POMOC SPOŁECZNA - KADRA,Pracownicy socjalni OPS posiadający II stopień specjalizacji w zawodzie pracownik socjalny,2024,powiat m. Tarnów,6.15
222,POMOC SPOŁECZNA - KADRA,Pracownicy socjalni OPS posiadający II stopień specjalizacji w zawodzie pracownik socjalny,2024,powiat miechowski,6.9
222,POMOC SPOŁECZNA - KADRA,Pracownicy socjalni OPS posiadający II stopień specjalizacji w zawodzie pracownik socjalny,2024,powiat myślenicki,3.28
222,POMOC SPOŁECZNA - KADRA,Pracownicy socjalni OPS posiadający II stopień specjalizacji w zawodzie pracownik socjalny,2024,powiat nowosądecki,3.81
222,POMOC SPOŁECZNA - KADRA,Pracownicy socjalni OPS posiadający II stopień specjalizacji w zawodzie pracownik socjalny,2024,powiat nowotarski,9.86
222,POMOC SPOŁECZNA - KADRA,Pracownicy socjalni OPS posiadający II stopień specjalizacji w zawodzie pracownik socjalny,2024,powiat olkuski,13.21
222,POMOC SPOŁECZNA - KADRA,Pracownicy socjalni OPS posiadający II stopień specjalizacji w zawodzie pracownik socjalny,2024,powiat oświęcimski,12.35
222,POMOC SPOŁECZNA - KADRA,Pracownicy socjalni OPS posiadający II stopień specjalizacji w zawodzie pracownik socjalny,2024,powiat proszowicki,19.05
222,POMOC SPOŁECZNA - KADRA,Pracownicy socjalni OPS posiadający II stopień specjalizacji w zawodzie pracownik socjalny,2024,powiat suski,2.38
222,POMOC SPOŁECZNA - KADRA,Pracownicy socjalni OPS posiadający II stopień specjalizacji w zawodzie pracownik socjalny,2024,powiat tarnowski,5.81
222,POMOC SPOŁECZNA - KADRA,Pracownicy socjalni OPS posiadający II stopień specjalizacji w zawodzie pracownik socjalny,2024,powiat tatrzański,6.25
222,POMOC SPOŁECZNA - KADRA,Pracownicy socjalni OPS posiadający II stopień specjalizacji w zawodzie pracownik socjalny,2024,powiat wadowicki,9.09
222,POMOC SPOŁECZNA - KADRA,Pracownicy socjalni OPS posiadający II stopień specjalizacji w zawodzie pracownik socjalny,2024,powiat wielicki,1.79
34,POMOC SPOŁECZNA - POWODY KORZYSTANIA,Bezdomność,2024,powiat bocheński,1.67
34,POMOC SPOŁECZNA - POWODY KORZYSTANIA,Bezdomność,2024,powiat brzeski,1.48
34,POMOC SPOŁECZNA - POWODY KORZYSTANIA,Bezdomność,2024,powiat chrzanowski,4.35
34,POMOC SPOŁECZNA - POWODY KORZYSTANIA,Bezdomność,2024,powiat dąbrowski,0.64
34,POMOC SPOŁECZNA - POWODY KORZYSTANIA,Bezdomność,2024,powiat gorlicki,0.49
34,POMOC SPOŁECZNA - POWODY KORZYSTANIA,Bezdomność,2024,powiat krakowski,2.95
34,POMOC SPOŁECZNA - POWODY KORZYSTANIA,Bezdomność,2024,powiat limanowski,0.41
34,POMOC SPOŁECZNA - POWODY KORZYSTANIA,Bezdomność,2024,powiat m. Kraków,7.63
34,POMOC SPOŁECZNA - POWODY KORZYSTANIA,Bezdomność,2024,powiat m. Nowy Sącz,2.91
34,POMOC SPOŁECZNA - POWODY KORZYSTANIA,Bezdomność,2024,powiat m. Tarnów,4.53
34,POMOC SPOŁECZNA - POWODY KORZYSTANIA,Bezdomność,2024,powiat miechowski,2.44
34,POMOC SPOŁECZNA - POWODY KORZYSTANIA,Bezdomność,2024,powiat myślenicki,1.25
34,POMOC SPOŁECZNA - POWODY KORZYSTANIA,Bezdomność,2024,powiat nowosądecki,0.54
34,POMOC SPOŁECZNA - POWODY KORZYSTANIA,Bezdomność,2024,powiat nowotarski,1.51
34,POMOC SPOŁECZNA - POWODY KORZYSTANIA,Bezdomność,2024,powiat olkuski,2.96
34,POMOC SPOŁECZNA - POWODY KORZYSTANIA,Bezdomność,2024,powiat oświęcimski,5.62
34,POMOC SPOŁECZNA - POWODY KORZYSTANIA,Bezdomność,2024,powiat proszowicki,1.45
34,POMOC SPOŁECZNA - POWODY KORZYSTANIA,Bezdomność,2024,powiat suski,1.52
34,POMOC SPOŁECZNA - POWODY KORZYSTANIA,Bezdomność,2024,powiat tarnowski,0.77
34,POMOC SPOŁECZNA - POWODY KORZYSTANIA,Bezdomność,2024,powiat tatrzański,1.25
34,POMOC SPOŁECZNA - POWODY KORZYSTANIA,Bezdomność,2024,powiat wadowicki,3.22
34,POMOC SPOŁECZNA - POWODY KORZYSTANIA,Bezdomność,2024,powiat wielicki,2.52
38,POMOC SPOŁECZNA - POWODY KORZYSTANIA,Bezradność w sprawach opiekuńczo-wychowawczych i prowadzenia gosp. dom.,2024,powiat bocheński,21.53
38,POMOC SPOŁECZNA - POWODY KORZYSTANIA,Bezradność w sprawach opiekuńczo-wychowawczych i prowadzenia gosp. dom.,2024,powiat brzeski,16.36
38,POMOC SPOŁECZNA - POWODY KORZYSTANIA,Bezradność w sprawach opiekuńczo-wychowawczych i prowadzenia gosp. dom.,2024,powiat chrzanowski,35.33
38,POMOC SPOŁECZNA - POWODY KORZYSTANIA,Bezradność w sprawach opiekuńczo-wychowawczych i prowadzenia gosp. dom.,2024,powiat dąbrowski,16.35
38,POMOC SPOŁECZNA - POWODY KORZYSTANIA,Bezradność w sprawach opiekuńczo-wychowawczych i prowadzenia gosp. dom.,2024,powiat gorlicki,10.24
38,POMOC SPOŁECZNA - POWODY KORZYSTANIA,Bezradność w sprawach opiekuńczo-wychowawczych i prowadzenia gosp. dom.,2024,powiat krakowski,15.46
38,POMOC SPOŁECZNA - POWODY KORZYSTANIA,Bezradność w sprawach opiekuńczo-wychowawczych i prowadzenia gosp. dom.,2024,powiat limanowski,8.01
38,POMOC SPOŁECZNA - POWODY KORZYSTANIA,Bezradność w sprawach opiekuńczo-wychowawczych i prowadzenia gosp. dom.,2024,powiat m. Kraków,23.85
38,POMOC SPOŁECZNA - POWODY KORZYSTANIA,Bezradność w sprawach opiekuńczo-wychowawczych i prowadzenia gosp. dom.,2024,powiat m. Nowy Sącz,43.19
38,POMOC SPOŁECZNA - POWODY KORZYSTANIA,Bezradność w sprawach opiekuńczo-wychowawczych i prowadzenia gosp. dom.,2024,powiat m. Tarnów,7.42
38,POMOC SPOŁECZNA - POWODY KORZYSTANIA,Bezradność w sprawach opiekuńczo-wychowawczych i prowadzenia gosp. dom.,2024,powiat miechowski,22.24
38,POMOC SPOŁECZNA - POWODY KORZYSTANIA,Bezradność w sprawach opiekuńczo-wychowawczych i prowadzenia gosp. dom.,2024,powiat myślenicki,13.22
38,POMOC SPOŁECZNA - POWODY KORZYSTANIA,Bezradność w sprawach opiekuńczo-wychowawczych i prowadzenia gosp. dom.,2024,powiat nowosądecki,6.18
38,POMOC SPOŁECZNA - POWODY KORZYSTANIA,Bezradność w sprawach opiekuńczo-wychowawczych i prowadzenia gosp. dom.,2024,powiat nowotarski,25.25
38,POMOC SPOŁECZNA - POWODY KORZYSTANIA,Bezradność w sprawach opiekuńczo-wychowawczych i prowadzenia gosp. dom.,2024,powiat olkuski,16.58
38,POMOC SPOŁECZNA - POWODY KORZYSTANIA,Bezradność w sprawach opiekuńczo-wychowawczych i prowadzenia gosp. dom.,2024,powiat oświęcimski,30.68
38,POMOC SPOŁECZNA - POWODY KORZYSTANIA,Bezradność w sprawach opiekuńczo-wychowawczych i prowadzenia gosp. dom.,2024,powiat proszowicki,8.71
38,POMOC SPOŁECZNA - POWODY KORZYSTANIA,Bezradność w sprawach opiekuńczo-wychowawczych i prowadzenia gosp. dom.,2024,powiat suski,13.71
38,POMOC SPOŁECZNA - POWODY KORZYSTANIA,Bezradność w sprawach opiekuńczo-wychowawczych i prowadzenia gosp. dom.,2024,powiat tarnowski,9.76
38,POMOC SPOŁECZNA - POWODY KORZYSTANIA,Bezradność w sprawach opiekuńczo-wychowawczych i prowadzenia gosp. dom.,2024,powiat tatrzański,23.15
38,POMOC SPOŁECZNA - POWODY KORZYSTANIA,Bezradność w sprawach opiekuńczo-wychowawczych i prowadzenia gosp. dom.,2024,powiat wadowicki,21.78
38,POMOC SPOŁECZNA - POWODY KORZYSTANIA,Bezradność w sprawach opiekuńczo-wychowawczych i prowadzenia gosp. dom.,2024,powiat wielicki,17.06
32,POMOC SPOŁECZNA - POWODY KORZYSTANIA,Bezrobocie,2024,powiat bocheński,19.31
32,POMOC SPOŁECZNA - POWODY KORZYSTANIA,Bezrobocie,2024,powiat brzeski,23.36
32,POMOC SPOŁECZNA - POWODY KORZYSTANIA,Bezrobocie,2024,powiat chrzanowski,43.06
32,POMOC SPOŁECZNA - POWODY KORZYSTANIA,Bezrobocie,2024,powiat dąbrowski,32.96
32,POMOC SPOŁECZNA - POWODY KORZYSTANIA,Bezrobocie,2024,powiat gorlicki,20.6
32,POMOC SPOŁECZNA - POWODY KORZYSTANIA,Bezrobocie,2024,powiat krakowski,26.94
32,POMOC SPOŁECZNA - POWODY KORZYSTANIA,Bezrobocie,2024,powiat limanowski,23.39
32,POMOC SPOŁECZNA - POWODY KORZYSTANIA,Bezrobocie,2024,powiat m. Kraków,28.06
32,POMOC SPOŁECZNA - POWODY KORZYSTANIA,Bezrobocie,2024,powiat m. Nowy Sącz,47.73
32,POMOC SPOŁECZNA - POWODY KORZYSTANIA,Bezrobocie,2024,powiat m. Tarnów,39.57
32,POMOC SPOŁECZNA - POWODY KORZYSTANIA,Bezrobocie,2024,powiat miechowski,27.29
32,POMOC SPOŁECZNA - POWODY KORZYSTANIA,Bezrobocie,2024,powiat myślenicki,19.11
32,POMOC SPOŁECZNA - POWODY KORZYSTANIA,Bezrobocie,2024,powiat nowosądecki,21.28
32,POMOC SPOŁECZNA - POWODY KORZYSTANIA,Bezrobocie,2024,powiat nowotarski,25.8
32,POMOC SPOŁECZNA - POWODY KORZYSTANIA,Bezrobocie,2024,powiat olkuski,33.2
32,POMOC SPOŁECZNA - POWODY KORZYSTANIA,Bezrobocie,2024,powiat oświęcimski,34.09
32,POMOC SPOŁECZNA - POWODY KORZYSTANIA,Bezrobocie,2024,powiat proszowicki,28.08
32,POMOC SPOŁECZNA - POWODY KORZYSTANIA,Bezrobocie,2024,powiat suski,24.42
32,POMOC SPOŁECZNA - POWODY KORZYSTANIA,Bezrobocie,2024,powiat tarnowski,27.7
32,POMOC SPOŁECZNA - POWODY KORZYSTANIA,Bezrobocie,2024,powiat tatrzański,23.22
32,POMOC SPOŁECZNA - POWODY KORZYSTANIA,Bezrobocie,2024,powiat wadowicki,31.13
32,POMOC SPOŁECZNA - POWODY KORZYSTANIA,Bezrobocie,2024,powiat wielicki,24.58
39,POMOC SPOŁECZNA - POWODY KORZYSTANIA,Długotrwała lub ciężka choroba,2024,powiat bocheński,56.02
39,POMOC SPOŁECZNA - POWODY KORZYSTANIA,Długotrwała lub ciężka choroba,2024,powiat brzeski,38.28
39,POMOC SPOŁECZNA - POWODY KORZYSTANIA,Długotrwała lub ciężka choroba,2024,powiat chrzanowski,70.3
39,POMOC SPOŁECZNA - POWODY KORZYSTANIA,Długotrwała lub ciężka choroba,2024,powiat dąbrowski,49.35
39,POMOC SPOŁECZNA - POWODY KORZYSTANIA,Długotrwała lub ciężka choroba,2024,powiat gorlicki,50.31
39,POMOC SPOŁECZNA - POWODY KORZYSTANIA,Długotrwała lub ciężka choroba,2024,powiat krakowski,63.14
39,POMOC SPOŁECZNA - POWODY KORZYSTANIA,Długotrwała lub ciężka choroba,2024,powiat limanowski,44.91
39,POMOC SPOŁECZNA - POWODY KORZYSTANIA,Długotrwała lub ciężka choroba,2024,powiat m. Kraków,65.89
39,POMOC SPOŁECZNA - POWODY KORZYSTANIA,Długotrwała lub ciężka choroba,2024,powiat m. Nowy Sącz,65.5
39,POMOC SPOŁECZNA - POWODY KORZYSTANIA,Długotrwała lub ciężka choroba,2024,powiat m. Tarnów,71.73
39,POMOC SPOŁECZNA - POWODY KORZYSTANIA,Długotrwała lub ciężka choroba,2024,powiat miechowski,55.91
39,POMOC SPOŁECZNA - POWODY KORZYSTANIA,Długotrwała lub ciężka choroba,2024,powiat myślenicki,50.82
39,POMOC SPOŁECZNA - POWODY KORZYSTANIA,Długotrwała lub ciężka choroba,2024,powiat nowosądecki,34.65
39,POMOC SPOŁECZNA - POWODY KORZYSTANIA,Długotrwała lub ciężka choroba,2024,powiat nowotarski,48.06
39,POMOC SPOŁECZNA - POWODY KORZYSTANIA,Długotrwała lub ciężka choroba,2024,powiat olkuski,35.22
39,POMOC SPOŁECZNA - POWODY KORZYSTANIA,Długotrwała lub ciężka choroba,2024,powiat oświęcimski,64.7
39,POMOC SPOŁECZNA - POWODY KORZYSTANIA,Długotrwała lub ciężka choroba,2024,powiat proszowicki,36.87
39,POMOC SPOŁECZNA - POWODY KORZYSTANIA,Długotrwała lub ciężka choroba,2024,powiat suski,54.71
39,POMOC SPOŁECZNA - POWODY KORZYSTANIA,Długotrwała lub ciężka choroba,2024,powiat tarnowski,40.32
39,POMOC SPOŁECZNA - POWODY KORZYSTANIA,Długotrwała lub ciężka choroba,2024,powiat tatrzański,45.12
39,POMOC SPOŁECZNA - POWODY KORZYSTANIA,Długotrwała lub ciężka choroba,2024,powiat wadowicki,62.2
39,POMOC SPOŁECZNA - POWODY KORZYSTANIA,Długotrwała lub ciężka choroba,2024,powiat wielicki,57.96
41,POMOC SPOŁECZNA - POWODY KORZYSTANIA,Narkomania,2024,powiat bocheński,0.12
41,POMOC SPOŁECZNA - POWODY KORZYSTANIA,Narkomania,2024,powiat brzeski,0.19
41,POMOC SPOŁECZNA - POWODY KORZYSTANIA,Narkomania,2024,powiat chrzanowski,0.96
41,POMOC SPOŁECZNA - POWODY KORZYSTANIA,Narkomania,2024,powiat dąbrowski,0.0
41,POMOC SPOŁECZNA - POWODY KORZYSTANIA,Narkomania,2024,powiat gorlicki,0.1
41,POMOC SPOŁECZNA - POWODY KORZYSTANIA,Narkomania,2024,powiat krakowski,0.17
41,POMOC SPOŁECZNA - POWODY KORZYSTANIA,Narkomania,2024,powiat limanowski,0.17
41,POMOC SPOŁECZNA - POWODY KORZYSTANIA,Narkomania,2024,powiat m. Kraków,0.91
41,POMOC SPOŁECZNA - POWODY KORZYSTANIA,Narkomania,2024,powiat m. Nowy Sącz,0.36
41,POMOC SPOŁECZNA - POWODY KORZYSTANIA,Narkomania,2024,powiat m. Tarnów,0.68
41,POMOC SPOŁECZNA - POWODY KORZYSTANIA,Narkomania,2024,powiat miechowski,0.08
41,POMOC SPOŁECZNA - POWODY KORZYSTANIA,Narkomania,2024,powiat myślenicki,0.14
41,POMOC SPOŁECZNA - POWODY KORZYSTANIA,Narkomania,2024,powiat nowosądecki,0.2
41,POMOC SPOŁECZNA - POWODY KORZYSTANIA,Narkomania,2024,powiat nowotarski,0.12
41,POMOC SPOŁECZNA - POWODY KORZYSTANIA,Narkomania,2024,powiat olkuski,0.36
41,POMOC SPOŁECZNA - POWODY KORZYSTANIA,Narkomania,2024,powiat oświęcimski,0.77
41,POMOC SPOŁECZNA - POWODY KORZYSTANIA,Narkomania,2024,powiat proszowicki,0.07
41,POMOC SPOŁECZNA - POWODY KORZYSTANIA,Narkomania,2024,powiat suski,0.28
41,POMOC SPOŁECZNA - POWODY KORZYSTANIA,Narkomania,2024,powiat tarnowski,0.08
41,POMOC SPOŁECZNA - POWODY KORZYSTANIA,Narkomania,2024,powiat tatrzański,0.19
41,POMOC SPOŁECZNA - POWODY KORZYSTANIA,Narkomania,2024,powiat wadowicki,0.53
41,POMOC SPOŁECZNA - POWODY KORZYSTANIA,Narkomania,2024,powiat wielicki,0.66
37,POMOC SPOŁECZNA - POWODY KORZYSTANIA,Niepełnosprawność,2024,powiat bocheński,41.88
37,POMOC SPOŁECZNA - POWODY KORZYSTANIA,Niepełnosprawność,2024,powiat brzeski,29.95
37,POMOC SPOŁECZNA - POWODY KORZYSTANIA,Niepełnosprawność,2024,powiat chrzanowski,40.39
37,POMOC SPOŁECZNA - POWODY KORZYSTANIA,Niepełnosprawność,2024,powiat dąbrowski,35.55
37,POMOC SPOŁECZNA - POWODY KORZYSTANIA,Niepełnosprawność,2024,powiat gorlicki,39.65
37,POMOC SPOŁECZNA - POWODY KORZYSTANIA,Niepełnosprawność,2024,powiat krakowski,41.29
37,POMOC SPOŁECZNA - POWODY KORZYSTANIA,Niepełnosprawność,2024,powiat limanowski,26.84
37,POMOC SPOŁECZNA - POWODY KORZYSTANIA,Niepełnosprawność,2024,powiat m. Kraków,36.84
37,POMOC SPOŁECZNA - POWODY KORZYSTANIA,Niepełnosprawność,2024,powiat m. Nowy Sącz,49.16
37,POMOC SPOŁECZNA - POWODY KORZYSTANIA,Niepełnosprawność,2024,powiat m. Tarnów,42.8
37,POMOC SPOŁECZNA - POWODY KORZYSTANIA,Niepełnosprawność,2024,powiat miechowski,37.38
37,POMOC SPOŁECZNA - POWODY KORZYSTANIA,Niepełnosprawność,2024,powiat myślenicki,35.1
37,POMOC SPOŁECZNA - POWODY KORZYSTANIA,Niepełnosprawność,2024,powiat nowosądecki,25.94
37,POMOC SPOŁECZNA - POWODY KORZYSTANIA,Niepełnosprawność,2024,powiat nowotarski,39.54
37,POMOC SPOŁECZNA - POWODY KORZYSTANIA,Niepełnosprawność,2024,powiat olkuski,29.09
37,POMOC SPOŁECZNA - POWODY KORZYSTANIA,Niepełnosprawność,2024,powiat oświęcimski,48.71
37,POMOC SPOŁECZNA - POWODY KORZYSTANIA,Niepełnosprawność,2024,powiat proszowicki,26.78
37,POMOC SPOŁECZNA - POWODY KORZYSTANIA,Niepełnosprawność,2024,powiat suski,44.86
37,POMOC SPOŁECZNA - POWODY KORZYSTANIA,Niepełnosprawność,2024,powiat tarnowski,36.33
37,POMOC SPOŁECZNA - POWODY KORZYSTANIA,Niepełnosprawność,2024,powiat tatrzański,41.55
37,POMOC SPOŁECZNA - POWODY KORZYSTANIA,Niepełnosprawność,2024,powiat wadowicki,47.09
37,POMOC SPOŁECZNA - POWODY KORZYSTANIA,Niepełnosprawność,2024,powiat wielicki,36.52
231,POMOC SPOŁECZNA - POWODY KORZYSTANIA,Potrzeba ochrony macierzyństwa,2024,powiat bocheński,23.4
231,POMOC SPOŁECZNA - POWODY KORZYSTANIA,Potrzeba ochrony macierzyństwa,2024,powiat brzeski,29.03
231,POMOC SPOŁECZNA - POWODY KORZYSTANIA,Potrzeba ochrony macierzyństwa,2024,powiat chrzanowski,21.16
231,POMOC SPOŁECZNA - POWODY KORZYSTANIA,Potrzeba ochrony macierzyństwa,2024,powiat dąbrowski,30.31
231,POMOC SPOŁECZNA - POWODY KORZYSTANIA,Potrzeba ochrony macierzyństwa,2024,powiat gorlicki,37.68
231,POMOC SPOŁECZNA - POWODY KORZYSTANIA,Potrzeba ochrony macierzyństwa,2024,powiat krakowski,26.68
231,POMOC SPOŁECZNA - POWODY KORZYSTANIA,Potrzeba ochrony macierzyństwa,2024,powiat limanowski,50.84
231,POMOC SPOŁECZNA - POWODY KORZYSTANIA,Potrzeba ochrony macierzyństwa,2024,powiat m. Kraków,10.64
231,POMOC SPOŁECZNA - POWODY KORZYSTANIA,Potrzeba ochrony macierzyństwa,2024,powiat m. Nowy Sącz,18.88
231,POMOC SPOŁECZNA - POWODY KORZYSTANIA,Potrzeba ochrony macierzyństwa,2024,powiat m. Tarnów,30.66
231,POMOC SPOŁECZNA - POWODY KORZYSTANIA,Potrzeba ochrony macierzyństwa,2024,powiat miechowski,26.26
231,POMOC SPOŁECZNA - POWODY KORZYSTANIA,Potrzeba ochrony macierzyństwa,2024,powiat myślenicki,39.33
231,POMOC SPOŁECZNA - POWODY KORZYSTANIA,Potrzeba ochrony macierzyństwa,2024,powiat nowosądecki,51.35
231,POMOC SPOŁECZNA - POWODY KORZYSTANIA,Potrzeba ochrony macierzyństwa,2024,powiat nowotarski,35.06
231,POMOC SPOŁECZNA - POWODY KORZYSTANIA,Potrzeba ochrony macierzyństwa,2024,powiat olkuski,12.15
231,POMOC SPOŁECZNA - POWODY KORZYSTANIA,Potrzeba ochrony macierzyństwa,2024,powiat oświęcimski,7.63
231,POMOC SPOŁECZNA - POWODY KORZYSTANIA,Potrzeba ochrony macierzyństwa,2024,powiat proszowicki,21.48
231,POMOC SPOŁECZNA - POWODY KORZYSTANIA,Potrzeba ochrony macierzyństwa,2024,powiat suski,36.25
231,POMOC SPOŁECZNA - POWODY KORZYSTANIA,Potrzeba ochrony macierzyństwa,2024,powiat tarnowski,31.56
231,POMOC SPOŁECZNA - POWODY KORZYSTANIA,Potrzeba ochrony macierzyństwa,2024,powiat tatrzański,24.84
231,POMOC SPOŁECZNA - POWODY KORZYSTANIA,Potrzeba ochrony macierzyństwa,2024,powiat wadowicki,29.44
231,POMOC SPOŁECZNA - POWODY KORZYSTANIA,Potrzeba ochrony macierzyństwa,2024,powiat wielicki,22.41
36,POMOC SPOŁECZNA - POWODY KORZYSTANIA,Przemoc domowa,2024,powiat bocheński,4.45
36,POMOC SPOŁECZNA - POWODY KORZYSTANIA,Przemoc domowa,2024,powiat brzeski,1.71
36,POMOC SPOŁECZNA - POWODY KORZYSTANIA,Przemoc domowa,2024,powiat chrzanowski,1.33
36,POMOC SPOŁECZNA - POWODY KORZYSTANIA,Przemoc domowa,2024,powiat dąbrowski,4.16
36,POMOC SPOŁECZNA - POWODY KORZYSTANIA,Przemoc domowa,2024,powiat gorlicki,4.09
36,POMOC SPOŁECZNA - POWODY KORZYSTANIA,Przemoc domowa,2024,powiat krakowski,1.27
36,POMOC SPOŁECZNA - POWODY KORZYSTANIA,Przemoc domowa,2024,powiat limanowski,1.36
36,POMOC SPOŁECZNA - POWODY KORZYSTANIA,Przemoc domowa,2024,powiat m. Kraków,1.64
36,POMOC SPOŁECZNA - POWODY KORZYSTANIA,Przemoc domowa,2024,powiat m. Nowy Sącz,26.77
36,POMOC SPOŁECZNA - POWODY KORZYSTANIA,Przemoc domowa,2024,powiat m. Tarnów,2.39
36,POMOC SPOŁECZNA - POWODY KORZYSTANIA,Przemoc domowa,2024,powiat miechowski,10.33
36,POMOC SPOŁECZNA - POWODY KORZYSTANIA,Przemoc domowa,2024,powiat myślenicki,2.46
36,POMOC SPOŁECZNA - POWODY KORZYSTANIA,Przemoc domowa,2024,powiat nowosądecki,1.03
36,POMOC SPOŁECZNA - POWODY KORZYSTANIA,Przemoc domowa,2024,powiat nowotarski,3.07
36,POMOC SPOŁECZNA - POWODY KORZYSTANIA,Przemoc domowa,2024,powiat olkuski,1.69
36,POMOC SPOŁECZNA - POWODY KORZYSTANIA,Przemoc domowa,2024,powiat oświęcimski,2.84
36,POMOC SPOŁECZNA - POWODY KORZYSTANIA,Przemoc domowa,2024,powiat proszowicki,0.0
36,POMOC SPOŁECZNA - POWODY KORZYSTANIA,Przemoc domowa,2024,powiat suski,2.23
36,POMOC SPOŁECZNA - POWODY KORZYSTANIA,Przemoc domowa,2024,powiat tarnowski,2.39
36,POMOC SPOŁECZNA - POWODY KORZYSTANIA,Przemoc domowa,2024,powiat tatrzański,1.75
36,POMOC SPOŁECZNA - POWODY KORZYSTANIA,Przemoc domowa,2024,powiat wadowicki,4.32
36,POMOC SPOŁECZNA - POWODY KORZYSTANIA,Przemoc domowa,2024,powiat wielicki,1.59
35,POMOC SPOŁECZNA - POWODY KORZYSTANIA,Sieroctwo,2024,powiat bocheński,0.04
35,POMOC SPOŁECZNA - POWODY KORZYSTANIA,Sieroctwo,2024,powiat brzeski,0.3
35,POMOC SPOŁECZNA - POWODY KORZYSTANIA,Sieroctwo,2024,powiat chrzanowski,0.21
35,POMOC SPOŁECZNA - POWODY KORZYSTANIA,Sieroctwo,2024,powiat dąbrowski,0.0
35,POMOC SPOŁECZNA - POWODY KORZYSTANIA,Sieroctwo,2024,powiat gorlicki,0.0
35,POMOC SPOŁECZNA - POWODY KORZYSTANIA,Sieroctwo,2024,powiat krakowski,0.22
35,POMOC SPOŁECZNA - POWODY KORZYSTANIA,Sieroctwo,2024,powiat limanowski,0.06
35,POMOC SPOŁECZNA - POWODY KORZYSTANIA,Sieroctwo,2024,powiat m. Kraków,0.0
35,POMOC SPOŁECZNA - POWODY KORZYSTANIA,Sieroctwo,2024,powiat m. Nowy Sącz,0.08
35,POMOC SPOŁECZNA - POWODY KORZYSTANIA,Sieroctwo,2024,powiat m. Tarnów,0.0
35,POMOC SPOŁECZNA - POWODY KORZYSTANIA,Sieroctwo,2024,powiat miechowski,0.24
35,POMOC SPOŁECZNA - POWODY KORZYSTANIA,Sieroctwo,2024,powiat myślenicki,0.31
35,POMOC SPOŁECZNA - POWODY KORZYSTANIA,Sieroctwo,2024,powiat nowosądecki,0.08
35,POMOC SPOŁECZNA - POWODY KORZYSTANIA,Sieroctwo,2024,powiat nowotarski,0.46
35,POMOC SPOŁECZNA - POWODY KORZYSTANIA,Sieroctwo,2024,powiat olkuski,0.11
35,POMOC SPOŁECZNA - POWODY KORZYSTANIA,Sieroctwo,2024,powiat oświęcimski,0.07
35,POMOC SPOŁECZNA - POWODY KORZYSTANIA,Sieroctwo,2024,powiat proszowicki,0.51
35,POMOC SPOŁECZNA - POWODY KORZYSTANIA,Sieroctwo,2024,powiat suski,0.74
35,POMOC SPOŁECZNA - POWODY KORZYSTANIA,Sieroctwo,2024,powiat tarnowski,0.03
35,POMOC SPOŁECZNA - POWODY KORZYSTANIA,Sieroctwo,2024,powiat tatrzański,0.31
35,POMOC SPOŁECZNA - POWODY KORZYSTANIA,Sieroctwo,2024,powiat wadowicki,0.16
35,POMOC SPOŁECZNA - POWODY KORZYSTANIA,Sieroctwo,2024,powiat wielicki,0.04
42,POMOC SPOŁECZNA - POWODY KORZYSTANIA,Sytuacja kryzysowa,2024,powiat bocheński,0.83
42,POMOC SPOŁECZNA - POWODY KORZYSTANIA,Sytuacja kryzysowa,2024,powiat brzeski,0.38
42,POMOC SPOŁECZNA - POWODY KORZYSTANIA,Sytuacja kryzysowa,2024,powiat chrzanowski,0.21
42,POMOC SPOŁECZNA - POWODY KORZYSTANIA,Sytuacja kryzysowa,2024,powiat dąbrowski,0.03
42,POMOC SPOŁECZNA - POWODY KORZYSTANIA,Sytuacja kryzysowa,2024,powiat gorlicki,1.02
42,POMOC SPOŁECZNA - POWODY KORZYSTANIA,Sytuacja kryzysowa,2024,powiat krakowski,0.7
42,POMOC SPOŁECZNA - POWODY KORZYSTANIA,Sytuacja kryzysowa,2024,powiat limanowski,0.1
42,POMOC SPOŁECZNA - POWODY KORZYSTANIA,Sytuacja kryzysowa,2024,powiat m. Kraków,0.26
42,POMOC SPOŁECZNA - POWODY KORZYSTANIA,Sytuacja kryzysowa,2024,powiat m. Nowy Sącz,3.07
42,POMOC SPOŁECZNA - POWODY KORZYSTANIA,Sytuacja kryzysowa,2024,powiat m. Tarnów,0.9
42,POMOC SPOŁECZNA - POWODY KORZYSTANIA,Sytuacja kryzysowa,2024,powiat miechowski,1.42
42,POMOC SPOŁECZNA - POWODY KORZYSTANIA,Sytuacja kryzysowa,2024,powiat myślenicki,0.45
42,POMOC SPOŁECZNA - POWODY KORZYSTANIA,Sytuacja kryzysowa,2024,powiat nowosądecki,0.14
42,POMOC SPOŁECZNA - POWODY KORZYSTANIA,Sytuacja kryzysowa,2024,powiat nowotarski,0.22
42,POMOC SPOŁECZNA - POWODY KORZYSTANIA,Sytuacja kryzysowa,2024,powiat olkuski,0.04
42,POMOC SPOŁECZNA - POWODY KORZYSTANIA,Sytuacja kryzysowa,2024,powiat oświęcimski,0.6
42,POMOC SPOŁECZNA - POWODY KORZYSTANIA,Sytuacja kryzysowa,2024,powiat proszowicki,0.15
42,POMOC SPOŁECZNA - POWODY KORZYSTANIA,Sytuacja kryzysowa,2024,powiat suski,0.35
42,POMOC SPOŁECZNA - POWODY KORZYSTANIA,Sytuacja kryzysowa,2024,powiat tarnowski,0.06
42,POMOC SPOŁECZNA - POWODY KORZYSTANIA,Sytuacja kryzysowa,2024,powiat tatrzański,0.19
42,POMOC SPOŁECZNA - POWODY KORZYSTANIA,Sytuacja kryzysowa,2024,powiat wadowicki,0.16
42,POMOC SPOŁECZNA - POWODY KORZYSTANIA,Sytuacja kryzysowa,2024,powiat wielicki,2.83
31,POMOC SPOŁECZNA - POWODY KORZYSTANIA,Ubóstwo,2024,powiat bocheński,38.1
31,POMOC SPOŁECZNA - POWODY KORZYSTANIA,Ubóstwo,2024,powiat brzeski,34.17
31,POMOC SPOŁECZNA - POWODY KORZYSTANIA,Ubóstwo,2024,powiat chrzanowski,53.44
31,POMOC SPOŁECZNA - POWODY KORZYSTANIA,Ubóstwo,2024,powiat dąbrowski,42.93
31,POMOC SPOŁECZNA - POWODY KORZYSTANIA,Ubóstwo,2024,powiat gorlicki,41.55
31,POMOC SPOŁECZNA - POWODY KORZYSTANIA,Ubóstwo,2024,powiat krakowski,46.81
31,POMOC SPOŁECZNA - POWODY KORZYSTANIA,Ubóstwo,2024,powiat limanowski,47.06
31,POMOC SPOŁECZNA - POWODY KORZYSTANIA,Ubóstwo,2024,powiat m. Kraków,46.43
31,POMOC SPOŁECZNA - POWODY KORZYSTANIA,Ubóstwo,2024,powiat m. Nowy Sącz,60.2
31,POMOC SPOŁECZNA - POWODY KORZYSTANIA,Ubóstwo,2024,powiat m. Tarnów,42.05
31,POMOC SPOŁECZNA - POWODY KORZYSTANIA,Ubóstwo,2024,powiat miechowski,33.83
31,POMOC SPOŁECZNA - POWODY KORZYSTANIA,Ubóstwo,2024,powiat myślenicki,39.75
31,POMOC SPOŁECZNA - POWODY KORZYSTANIA,Ubóstwo,2024,powiat nowosądecki,34.37
31,POMOC SPOŁECZNA - POWODY KORZYSTANIA,Ubóstwo,2024,powiat nowotarski,48.03
31,POMOC SPOŁECZNA - POWODY KORZYSTANIA,Ubóstwo,2024,powiat olkuski,41.67
31,POMOC SPOŁECZNA - POWODY KORZYSTANIA,Ubóstwo,2024,powiat oświęcimski,45.4
31,POMOC SPOŁECZNA - POWODY KORZYSTANIA,Ubóstwo,2024,powiat proszowicki,36.94
31,POMOC SPOŁECZNA - POWODY KORZYSTANIA,Ubóstwo,2024,powiat suski,59.96
31,POMOC SPOŁECZNA - POWODY KORZYSTANIA,Ubóstwo,2024,powiat tarnowski,37.7
31,POMOC SPOŁECZNA - POWODY KORZYSTANIA,Ubóstwo,2024,powiat tatrzański,44.18
31,POMOC SPOŁECZNA - POWODY KORZYSTANIA,Ubóstwo,2024,powiat wadowicki,52.32
31,POMOC SPOŁECZNA - POWODY KORZYSTANIA,Ubóstwo,2024,powiat wielicki,39.79
33,POMOC SPOŁECZNA - POWODY KORZYSTANIA,Wielodzietność,2024,powiat bocheński,22.65
33,POMOC SPOŁECZNA - POWODY KORZYSTANIA,Wielodzietność,2024,powiat brzeski,23.93
33,POMOC SPOŁECZNA - POWODY KORZYSTANIA,Wielodzietność,2024,powiat chrzanowski,16.2
33,POMOC SPOŁECZNA - POWODY KORZYSTANIA,Wielodzietność,2024,powiat dąbrowski,28.73
33,POMOC SPOŁECZNA - POWODY KORZYSTANIA,Wielodzietność,2024,powiat gorlicki,34.86
33,POMOC SPOŁECZNA - POWODY KORZYSTANIA,Wielodzietność,2024,powiat krakowski,20.37
33,POMOC SPOŁECZNA - POWODY KORZYSTANIA,Wielodzietność,2024,powiat limanowski,50.27
33,POMOC SPOŁECZNA - POWODY KORZYSTANIA,Wielodzietność,2024,powiat m. Kraków,7.26
33,POMOC SPOŁECZNA - POWODY KORZYSTANIA,Wielodzietność,2024,powiat m. Nowy Sącz,17.61
33,POMOC SPOŁECZNA - POWODY KORZYSTANIA,Wielodzietność,2024,powiat m. Tarnów,20.33
33,POMOC SPOŁECZNA - POWODY KORZYSTANIA,Wielodzietność,2024,powiat miechowski,17.67
33,POMOC SPOŁECZNA - POWODY KORZYSTANIA,Wielodzietność,2024,powiat myślenicki,35.62
33,POMOC SPOŁECZNA - POWODY KORZYSTANIA,Wielodzietność,2024,powiat nowosądecki,49.3
33,POMOC SPOŁECZNA - POWODY KORZYSTANIA,Wielodzietność,2024,powiat nowotarski,30.41
33,POMOC SPOŁECZNA - POWODY KORZYSTANIA,Wielodzietność,2024,powiat olkuski,9.77
33,POMOC SPOŁECZNA - POWODY KORZYSTANIA,Wielodzietność,2024,powiat oświęcimski,5.79
33,POMOC SPOŁECZNA - POWODY KORZYSTANIA,Wielodzietność,2024,powiat proszowicki,18.94
33,POMOC SPOŁECZNA - POWODY KORZYSTANIA,Wielodzietność,2024,powiat suski,32.14
33,POMOC SPOŁECZNA - POWODY KORZYSTANIA,Wielodzietność,2024,powiat tarnowski,29.7
33,POMOC SPOŁECZNA - POWODY KORZYSTANIA,Wielodzietność,2024,powiat tatrzański,23.28
33,POMOC SPOŁECZNA - POWODY KORZYSTANIA,Wielodzietność,2024,powiat wadowicki,26.13
33,POMOC SPOŁECZNA - POWODY KORZYSTANIA,Wielodzietność,2024,powiat wielicki,14.99
43,POMOC SPOŁECZNA - POWODY KORZYSTANIA,Zdarzenie losowe,2024,powiat bocheński,0.75
43,POMOC SPOŁECZNA - POWODY KORZYSTANIA,Zdarzenie losowe,2024,powiat brzeski,2.09
43,POMOC SPOŁECZNA - POWODY KORZYSTANIA,Zdarzenie losowe,2024,powiat chrzanowski,0.37
43,POMOC SPOŁECZNA - POWODY KORZYSTANIA,Zdarzenie losowe,2024,powiat dąbrowski,1.01
43,POMOC SPOŁECZNA - POWODY KORZYSTANIA,Zdarzenie losowe,2024,powiat gorlicki,0.41
43,POMOC SPOŁECZNA - POWODY KORZYSTANIA,Zdarzenie losowe,2024,powiat krakowski,1.07
43,POMOC SPOŁECZNA - POWODY KORZYSTANIA,Zdarzenie losowe,2024,powiat limanowski,0.51
43,POMOC SPOŁECZNA - POWODY KORZYSTANIA,Zdarzenie losowe,2024,powiat m. Kraków,0.18
43,POMOC SPOŁECZNA - POWODY KORZYSTANIA,Zdarzenie losowe,2024,powiat m. Nowy Sącz,0.24
43,POMOC SPOŁECZNA - POWODY KORZYSTANIA,Zdarzenie losowe,2024,powiat m. Tarnów,0.25
43,POMOC SPOŁECZNA - POWODY KORZYSTANIA,Zdarzenie losowe,2024,powiat miechowski,0.87
43,POMOC SPOŁECZNA - POWODY KORZYSTANIA,Zdarzenie losowe,2024,powiat myślenicki,0.94
43,POMOC SPOŁECZNA - POWODY KORZYSTANIA,Zdarzenie losowe,2024,powiat nowosądecki,3.11
43,POMOC SPOŁECZNA - POWODY KORZYSTANIA,Zdarzenie losowe,2024,powiat nowotarski,1.94
43,POMOC SPOŁECZNA - POWODY KORZYSTANIA,Zdarzenie losowe,2024,powiat olkuski,0.72
43,POMOC SPOŁECZNA - POWODY KORZYSTANIA,Zdarzenie losowe,2024,powiat oświęcimski,1.64
43,POMOC SPOŁECZNA - POWODY KORZYSTANIA,Zdarzenie losowe,2024,powiat proszowicki,1.67
43,POMOC SPOŁECZNA - POWODY KORZYSTANIA,Zdarzenie losowe,2024,powiat suski,0.89
43,POMOC SPOŁECZNA - POWODY KORZYSTANIA,Zdarzenie losowe,2024,powiat tarnowski,1.57
43,POMOC SPOŁECZNA - POWODY KORZYSTANIA,Zdarzenie losowe,2024,powiat tatrzański,1.56
43,POMOC SPOŁECZNA - POWODY KORZYSTANIA,Zdarzenie losowe,2024,powiat wadowicki,1.22
43,POMOC SPOŁECZNA - POWODY KORZYSTANIA,Zdarzenie losowe,2024,powiat wielicki,0.71
59,POMOC SPOŁECZNA - BENEFICJENCI,Rodziny niepełne objęte pomocą społeczną,2024,powiat bocheński,33.25
59,POMOC SPOŁECZNA - BENEFICJENCI,Rodziny niepełne objęte pomocą społeczną,2024,powiat brzeski,47.43
59,POMOC SPOŁECZNA - BENEFICJENCI,Rodziny niepełne objęte pomocą społeczną,2024,powiat chrzanowski,64.58
59,POMOC SPOŁECZNA - BENEFICJENCI,Rodziny niepełne objęte pomocą społeczną,2024,powiat dąbrowski,21.96
59,POMOC SPOŁECZNA - BENEFICJENCI,Rodziny niepełne objęte pomocą społeczną,2024,powiat gorlicki,27.94
59,POMOC SPOŁECZNA - BENEFICJENCI,Rodziny niepełne objęte pomocą społeczną,2024,powiat krakowski,47.37
59,POMOC SPOŁECZNA - BENEFICJENCI,Rodziny niepełne objęte pomocą społeczną,2024,powiat limanowski,19.21
59,POMOC SPOŁECZNA - BENEFICJENCI,Rodziny niepełne objęte pomocą społeczną,2024,powiat m. Kraków,33.13
59,POMOC SPOŁECZNA - BENEFICJENCI,Rodziny niepełne objęte pomocą społeczną,2024,powiat m. Nowy Sącz,38.65
59,POMOC SPOŁECZNA - BENEFICJENCI,Rodziny niepełne objęte pomocą społeczną,2024,powiat m. Tarnów,52.39
59,POMOC SPOŁECZNA - BENEFICJENCI,Rodziny niepełne objęte pomocą społeczną,2024,powiat miechowski,57.55
59,POMOC SPOŁECZNA - BENEFICJENCI,Rodziny niepełne objęte pomocą społeczną,2024,powiat myślenicki,39.09
59,POMOC SPOŁECZNA - BENEFICJENCI,Rodziny niepełne objęte pomocą społeczną,2024,powiat nowosądecki,18.62
59,POMOC SPOŁECZNA - BENEFICJENCI,Rodziny niepełne objęte pomocą społeczną,2024,powiat nowotarski,38.06
59,POMOC SPOŁECZNA - BENEFICJENCI,Rodziny niepełne objęte pomocą społeczną,2024,powiat olkuski,73.17
59,POMOC SPOŁECZNA - BENEFICJENCI,Rodziny niepełne objęte pomocą społeczną,2024,powiat oświęcimski,37.28
59,POMOC SPOŁECZNA - BENEFICJENCI,Rodziny niepełne objęte pomocą społeczną,2024,powiat proszowicki,40.96
59,POMOC SPOŁECZNA - BENEFICJENCI,Rodziny niepełne objęte pomocą społeczną,2024,powiat suski,38.13
59,POMOC SPOŁECZNA - BENEFICJENCI,Rodziny niepełne objęte pomocą społeczną,2024,powiat tarnowski,36.45
59,POMOC SPOŁECZNA - BENEFICJENCI,Rodziny niepełne objęte pomocą społeczną,2024,powiat tatrzański,28.25
59,POMOC SPOŁECZNA - BENEFICJENCI,Rodziny niepełne objęte pomocą społeczną,2024,powiat wadowicki,37.68
59,POMOC SPOŁECZNA - BENEFICJENCI,Rodziny niepełne objęte pomocą społeczną,2024,powiat wielicki,46.78
60,POMOC SPOŁECZNA - BENEFICJENCI,Rodziny wielodzietne objęte pomocą społeczną,2024,powiat bocheński,46.94
60,POMOC SPOŁECZNA - BENEFICJENCI,Rodziny wielodzietne objęte pomocą społeczną,2024,powiat brzeski,45.32
60,POMOC SPOŁECZNA - BENEFICJENCI,Rodziny wielodzietne objęte pomocą społeczną,2024,powiat chrzanowski,28.13
60,POMOC SPOŁECZNA - BENEFICJENCI,Rodziny wielodzietne objęte pomocą społeczną,2024,powiat dąbrowski,39.72
60,POMOC SPOŁECZNA - BENEFICJENCI,Rodziny wielodzietne objęte pomocą społeczną,2024,powiat gorlicki,43.26
60,POMOC SPOŁECZNA - BENEFICJENCI,Rodziny wielodzietne objęte pomocą społeczną,2024,powiat krakowski,37.28
60,POMOC SPOŁECZNA - BENEFICJENCI,Rodziny wielodzietne objęte pomocą społeczną,2024,powiat limanowski,50.59
60,POMOC SPOŁECZNA - BENEFICJENCI,Rodziny wielodzietne objęte pomocą społeczną,2024,powiat m. Kraków,19.56
60,POMOC SPOŁECZNA - BENEFICJENCI,Rodziny wielodzietne objęte pomocą społeczną,2024,powiat m. Nowy Sącz,36.71
60,POMOC SPOŁECZNA - BENEFICJENCI,Rodziny wielodzietne objęte pomocą społeczną,2024,powiat m. Tarnów,36.52
60,POMOC SPOŁECZNA - BENEFICJENCI,Rodziny wielodzietne objęte pomocą społeczną,2024,powiat miechowski,44.6
60,POMOC SPOŁECZNA - BENEFICJENCI,Rodziny wielodzietne objęte pomocą społeczną,2024,powiat myślenicki,48.92
60,POMOC SPOŁECZNA - BENEFICJENCI,Rodziny wielodzietne objęte pomocą społeczną,2024,powiat nowosądecki,51.67
60,POMOC SPOŁECZNA - BENEFICJENCI,Rodziny wielodzietne objęte pomocą społeczną,2024,powiat nowotarski,47.74
60,POMOC SPOŁECZNA - BENEFICJENCI,Rodziny wielodzietne objęte pomocą społeczną,2024,powiat olkuski,28.05
60,POMOC SPOŁECZNA - BENEFICJENCI,Rodziny wielodzietne objęte pomocą społeczną,2024,powiat oświęcimski,25.22
60,POMOC SPOŁECZNA - BENEFICJENCI,Rodziny wielodzietne objęte pomocą społeczną,2024,powiat proszowicki,37.35
60,POMOC SPOŁECZNA - BENEFICJENCI,Rodziny wielodzietne objęte pomocą społeczną,2024,powiat suski,42.45
60,POMOC SPOŁECZNA - BENEFICJENCI,Rodziny wielodzietne objęte pomocą społeczną,2024,powiat tarnowski,46.21
60,POMOC SPOŁECZNA - BENEFICJENCI,Rodziny wielodzietne objęte pomocą społeczną,2024,powiat tatrzański,43.05
60,POMOC SPOŁECZNA - BENEFICJENCI,Rodziny wielodzietne objęte pomocą społeczną,2024,powiat wadowicki,36.65
60,POMOC SPOŁECZNA - BENEFICJENCI,Rodziny wielodzietne objęte pomocą społeczną,2024,powiat wielicki,42.06
126,POMOC SPOŁECZNA - BENEFICJENCI,Rodziny emerytów i rencistów objęte pomocą społeczną,2024,powiat bocheński,26.48
126,POMOC SPOŁECZNA - BENEFICJENCI,Rodziny emerytów i rencistów objęte pomocą społeczną,2024,powiat brzeski,22.85
126,POMOC SPOŁECZNA - BENEFICJENCI,Rodziny emerytów i rencistów objęte pomocą społeczną,2024,powiat chrzanowski,28.09
126,POMOC SPOŁECZNA - BENEFICJENCI,Rodziny emerytów i rencistów objęte pomocą społeczną,2024,powiat dąbrowski,22.18
126,POMOC SPOŁECZNA - BENEFICJENCI,Rodziny emerytów i rencistów objęte pomocą społeczną,2024,powiat gorlicki,24.96
126,POMOC SPOŁECZNA - BENEFICJENCI,Rodziny emerytów i rencistów objęte pomocą społeczną,2024,powiat krakowski,24.93
126,POMOC SPOŁECZNA - BENEFICJENCI,Rodziny emerytów i rencistów objęte pomocą społeczną,2024,powiat limanowski,20.14
126,POMOC SPOŁECZNA - BENEFICJENCI,Rodziny emerytów i rencistów objęte pomocą społeczną,2024,powiat m. Kraków,23.48
126,POMOC SPOŁECZNA - BENEFICJENCI,Rodziny emerytów i rencistów objęte pomocą społeczną,2024,powiat m. Nowy Sącz,27.07
126,POMOC SPOŁECZNA - BENEFICJENCI,Rodziny emerytów i rencistów objęte pomocą społeczną,2024,powiat m. Tarnów,26.48
126,POMOC SPOŁECZNA - BENEFICJENCI,Rodziny emerytów i rencistów objęte pomocą społeczną,2024,powiat miechowski,23.36
126,POMOC SPOŁECZNA - BENEFICJENCI,Rodziny emerytów i rencistów objęte pomocą społeczną,2024,powiat myślenicki,20.57
126,POMOC SPOŁECZNA - BENEFICJENCI,Rodziny emerytów i rencistów objęte pomocą społeczną,2024,powiat nowosądecki,21.26
126,POMOC SPOŁECZNA - BENEFICJENCI,Rodziny emerytów i rencistów objęte pomocą społeczną,2024,powiat nowotarski,21.3
126,POMOC SPOŁECZNA - BENEFICJENCI,Rodziny emerytów i rencistów objęte pomocą społeczną,2024,powiat olkuski,24.04
126,POMOC SPOŁECZNA - BENEFICJENCI,Rodziny emerytów i rencistów objęte pomocą społeczną,2024,powiat oświęcimski,27.38
126,POMOC SPOŁECZNA - BENEFICJENCI,Rodziny emerytów i rencistów objęte pomocą społeczną,2024,powiat proszowicki,18.47
126,POMOC SPOŁECZNA - BENEFICJENCI,Rodziny emerytów i rencistów objęte pomocą społeczną,2024,powiat suski,24.7
126,POMOC SPOŁECZNA - BENEFICJENCI,Rodziny emerytów i rencistów objęte pomocą społeczną,2024,powiat tarnowski,22.17
126,POMOC SPOŁECZNA - BENEFICJENCI,Rodziny emerytów i rencistów objęte pomocą społeczną,2024,powiat tatrzański,25.15
126,POMOC SPOŁECZNA - BENEFICJENCI,Rodziny emerytów i rencistów objęte pomocą społeczną,2024,powiat wadowicki,24.26
126,POMOC SPOŁECZNA - BENEFICJENCI,Rodziny emerytów i rencistów objęte pomocą społeczną,2024,powiat wielicki,26.85
224,POMOC SPOŁECZNA - BENEFICJENCI,Dzieci i młodzież otrzymujący stypendia socjalne lub zasiłki szkolne,2017,powiat bocheński,6.8
224,POMOC SPOŁECZNA - BENEFICJENCI,Dzieci i młodzież otrzymujący stypendia socjalne lub zasiłki szkolne,2017,powiat brzeski,7.82
224,POMOC SPOŁECZNA - BENEFICJENCI,Dzieci i młodzież otrzymujący stypendia socjalne lub zasiłki szkolne,2017,powiat chrzanowski,3.0
224,POMOC SPOŁECZNA - BENEFICJENCI,Dzieci i młodzież otrzymujący stypendia socjalne lub zasiłki szkolne,2017,powiat dąbrowski,23.67
224,POMOC SPOŁECZNA - BENEFICJENCI,Dzieci i młodzież otrzymujący stypendia socjalne lub zasiłki szkolne,2017,powiat gorlicki,19.6
224,POMOC SPOŁECZNA - BENEFICJENCI,Dzieci i młodzież otrzymujący stypendia socjalne lub zasiłki szkolne,2017,powiat krakowski,4.1
224,POMOC SPOŁECZNA - BENEFICJENCI,Dzieci i młodzież otrzymujący stypendia socjalne lub zasiłki szkolne,2017,powiat limanowski,22.74
224,POMOC SPOŁECZNA - BENEFICJENCI,Dzieci i młodzież otrzymujący stypendia socjalne lub zasiłki szkolne,2017,powiat m. Kraków,0.0
224,POMOC SPOŁECZNA - BENEFICJENCI,Dzieci i młodzież otrzymujący stypendia socjalne lub zasiłki szkolne,2017,powiat m. Nowy Sącz,3.73
224,POMOC SPOŁECZNA - BENEFICJENCI,Dzieci i młodzież otrzymujący stypendia socjalne lub zasiłki szkolne,2017,powiat m. Tarnów,3.23
224,POMOC SPOŁECZNA - BENEFICJENCI,Dzieci i młodzież otrzymujący stypendia socjalne lub zasiłki szkolne,2017,powiat miechowski,7.05
224,POMOC SPOŁECZNA - BENEFICJENCI,Dzieci i młodzież otrzymujący stypendia socjalne lub zasiłki szkolne,2017,powiat myślenicki,8.29
224,POMOC SPOŁECZNA - BENEFICJENCI,Dzieci i młodzież otrzymujący stypendia socjalne lub zasiłki szkolne,2017,powiat nowosądecki,17.89
224,POMOC SPOŁECZNA - BENEFICJENCI,Dzieci i młodzież otrzymujący stypendia socjalne lub zasiłki szkolne,2017,powiat nowotarski,9.79
224,POMOC SPOŁECZNA - BENEFICJENCI,Dzieci i młodzież otrzymujący stypendia socjalne lub zasiłki szkolne,2017,powiat olkuski,4.13
224,POMOC SPOŁECZNA - BENEFICJENCI,Dzieci i młodzież otrzymujący stypendia socjalne lub zasiłki szkolne,2017,powiat oświęcimski,2.76
224,POMOC SPOŁECZNA - BENEFICJENCI,Dzieci i młodzież otrzymujący stypendia socjalne lub zasiłki szkolne,2017,powiat proszowicki,6.57
224,POMOC SPOŁECZNA - BENEFICJENCI,Dzieci i młodzież otrzymujący stypendia socjalne lub zasiłki szkolne,2017,powiat suski,10.44
224,POMOC SPOŁECZNA - BENEFICJENCI,Dzieci i młodzież otrzymujący stypendia socjalne lub zasiłki szkolne,2017,powiat tarnowski,10.14
224,POMOC SPOŁECZNA - BENEFICJENCI,Dzieci i młodzież otrzymujący stypendia socjalne lub zasiłki szkolne,2017,powiat tatrzański,4.49
224,POMOC SPOŁECZNA - BENEFICJENCI,Dzieci i młodzież otrzymujący stypendia socjalne lub zasiłki szkolne,2017,powiat wadowicki,15.35
224,POMOC SPOŁECZNA - BENEFICJENCI,Dzieci i młodzież otrzymujący stypendia socjalne lub zasiłki szkolne,2017,powiat wielicki,3.42
162,POMOC SPOŁECZNA - BENEFICJENCI,Liczba pensjonariuszy DPS na 1000 mieszkańców,2023,powiat bocheński,1.34
162,POMOC SPOŁECZNA - BENEFICJENCI,Liczba pensjonariuszy DPS na 1000 mieszkańców,2023,powiat brzeski,1.58
162,POMOC SPOŁECZNA - BENEFICJENCI,Liczba pensjonariuszy DPS na 1000 mieszkańców,2023,powiat chrzanowski,0.84
162,POMOC SPOŁECZNA - BENEFICJENCI,Liczba pensjonariuszy DPS na 1000 mieszkańców,2023,powiat dąbrowski,1.7
162,POMOC SPOŁECZNA - BENEFICJENCI,Liczba pensjonariuszy DPS na 1000 mieszkańców,2023,powiat gorlicki,2.87
162,POMOC SPOŁECZNA - BENEFICJENCI,Liczba pensjonariuszy DPS na 1000 mieszkańców,2023,powiat krakowski,2.68
162,POMOC SPOŁECZNA - BENEFICJENCI,Liczba pensjonariuszy DPS na 1000 mieszkańców,2023,powiat limanowski,2.96
162,POMOC SPOŁECZNA - BENEFICJENCI,Liczba pensjonariuszy DPS na 1000 mieszkańców,2023,powiat m. Kraków,2.68
162,POMOC SPOŁECZNA - BENEFICJENCI,Liczba pensjonariuszy DPS na 1000 mieszkańców,2023,powiat m. Nowy Sącz,4.02
162,POMOC SPOŁECZNA - BENEFICJENCI,Liczba pensjonariuszy DPS na 1000 mieszkańców,2023,powiat m. Tarnów,3.2
162,POMOC SPOŁECZNA - BENEFICJENCI,Liczba pensjonariuszy DPS na 1000 mieszkańców,2023,powiat miechowski,6.94
162,POMOC SPOŁECZNA - BENEFICJENCI,Liczba pensjonariuszy DPS na 1000 mieszkańców,2023,powiat myślenicki,1.56
162,POMOC SPOŁECZNA - BENEFICJENCI,Liczba pensjonariuszy DPS na 1000 mieszkańców,2023,powiat nowosądecki,1.3
162,POMOC SPOŁECZNA - BENEFICJENCI,Liczba pensjonariuszy DPS na 1000 mieszkańców,2023,powiat nowotarski,0.79
162,POMOC SPOŁECZNA - BENEFICJENCI,Liczba pensjonariuszy DPS na 1000 mieszkańców,2023,powiat olkuski,0.91
162,POMOC SPOŁECZNA - BENEFICJENCI,Liczba pensjonariuszy DPS na 1000 mieszkańców,2023,powiat oświęcimski,2.17
162,POMOC SPOŁECZNA - BENEFICJENCI,Liczba pensjonariuszy DPS na 1000 mieszkańców,2023,powiat proszowicki,4.14
162,POMOC SPOŁECZNA - BENEFICJENCI,Liczba pensjonariuszy DPS na 1000 mieszkańców,2023,powiat suski,2.12
162,POMOC SPOŁECZNA - BENEFICJENCI,Liczba pensjonariuszy DPS na 1000 mieszkańców,2023,powiat tarnowski,2.98
162,POMOC SPOŁECZNA - BENEFICJENCI,Liczba pensjonariuszy DPS na 1000 mieszkańców,2023,powiat tatrzański,2.0
162,POMOC SPOŁECZNA - BENEFICJENCI,Liczba pensjonariuszy DPS na 1000 mieszkańców,2023,powiat wadowicki,2.51
162,POMOC SPOŁECZNA - BENEFICJENCI,Liczba pensjonariuszy DPS na 1000 mieszkańców,2023,powiat wielicki,1.38
163,POMOC SPOŁECZNA - BENEFICJENCI,Pensjonariusze DPS nieopuszczający łóżek,2024,powiat bocheński,8.28
163,POMOC SPOŁECZNA - BENEFICJENCI,Pensjonariusze DPS nieopuszczający łóżek,2024,powiat brzeski,25.34
163,POMOC SPOŁECZNA - BENEFICJENCI,Pensjonariusze DPS nieopuszczający łóżek,2024,powiat chrzanowski,0.0
163,POMOC SPOŁECZNA - BENEFICJENCI,Pensjonariusze DPS nieopuszczający łóżek,2024,powiat dąbrowski,8.74
163,POMOC SPOŁECZNA - BENEFICJENCI,Pensjonariusze DPS nieopuszczający łóżek,2024,powiat gorlicki,11.82
163,POMOC SPOŁECZNA - BENEFICJENCI,Pensjonariusze DPS nieopuszczający łóżek,2024,powiat krakowski,7.92
163,POMOC SPOŁECZNA - BENEFICJENCI,Pensjonariusze DPS nieopuszczający łóżek,2024,powiat limanowski,11.79
163,POMOC SPOŁECZNA - BENEFICJENCI,Pensjonariusze DPS nieopuszczający łóżek,2024,powiat m. Kraków,17.29
163,POMOC SPOŁECZNA - BENEFICJENCI,Pensjonariusze DPS nieopuszczający łóżek,2024,powiat m. Nowy Sącz,13.23
163,POMOC SPOŁECZNA - BENEFICJENCI,Pensjonariusze DPS nieopuszczający łóżek,2024,powiat m. Tarnów,34.81
163,POMOC SPOŁECZNA - BENEFICJENCI,Pensjonariusze DPS nieopuszczający łóżek,2024,powiat miechowski,3.36
163,POMOC SPOŁECZNA - BENEFICJENCI,Pensjonariusze DPS nieopuszczający łóżek,2024,powiat myślenicki,2.86
163,POMOC SPOŁECZNA - BENEFICJENCI,Pensjonariusze DPS nieopuszczający łóżek,2024,powiat nowosądecki,7.47
163,POMOC SPOŁECZNA - BENEFICJENCI,Pensjonariusze DPS nieopuszczający łóżek,2024,powiat nowotarski,0.0
163,POMOC SPOŁECZNA - BENEFICJENCI,Pensjonariusze DPS nieopuszczający łóżek,2024,powiat olkuski,20.41
163,POMOC SPOŁECZNA - BENEFICJENCI,Pensjonariusze DPS nieopuszczający łóżek,2024,powiat oświęcimski,7.76
163,POMOC SPOŁECZNA - BENEFICJENCI,Pensjonariusze DPS nieopuszczający łóżek,2024,powiat proszowicki,6.9
163,POMOC SPOŁECZNA - BENEFICJENCI,Pensjonariusze DPS nieopuszczający łóżek,2024,powiat suski,0.56
163,POMOC SPOŁECZNA - BENEFICJENCI,Pensjonariusze DPS nieopuszczający łóżek,2024,powiat tarnowski,16.47
163,POMOC SPOŁECZNA - BENEFICJENCI,Pensjonariusze DPS nieopuszczający łóżek,2024,powiat tatrzański,8.89
163,POMOC SPOŁECZNA - BENEFICJENCI,Pensjonariusze DPS nieopuszczający łóżek,2024,powiat wadowicki,11.42
163,POMOC SPOŁECZNA - BENEFICJENCI,Pensjonariusze DPS nieopuszczający łóżek,2024,powiat wielicki,5.45
164,POMOC SPOŁECZNA - BENEFICJENCI,Pensjonariusze DPS do 18 roku życia,2024,powiat bocheński,0.0
164,POMOC SPOŁECZNA - BENEFICJENCI,Pensjonariusze DPS do 18 roku życia,2024,powiat brzeski,8.22
164,POMOC SPOŁECZNA - BENEFICJENCI,Pensjonariusze DPS do 18 roku życia,2024,powiat chrzanowski,0.0
164,POMOC SPOŁECZNA - BENEFICJENCI,Pensjonariusze DPS do 18 roku życia,2024,powiat dąbrowski,0.0
164,POMOC SPOŁECZNA - BENEFICJENCI,Pensjonariusze DPS do 18 roku życia,2024,powiat gorlicki,0.0
164,POMOC SPOŁECZNA - BENEFICJENCI,Pensjonariusze DPS do 18 roku życia,2024,powiat krakowski,0.49
164,POMOC SPOŁECZNA - BENEFICJENCI,Pensjonariusze DPS do 18 roku życia,2024,powiat limanowski,0.0
164,POMOC SPOŁECZNA - BENEFICJENCI,Pensjonariusze DPS do 18 roku życia,2024,powiat m. Kraków,0.66
164,POMOC SPOŁECZNA - BENEFICJENCI,Pensjonariusze DPS do 18 roku życia,2024,powiat m. Nowy Sącz,0.31
164,POMOC SPOŁECZNA - BENEFICJENCI,Pensjonariusze DPS do 18 roku życia,2024,powiat m. Tarnów,0.29
164,POMOC SPOŁECZNA - BENEFICJENCI,Pensjonariusze DPS do 18 roku życia,2024,powiat miechowski,0.31
164,POMOC SPOŁECZNA - BENEFICJENCI,Pensjonariusze DPS do 18 roku życia,2024,powiat myślenicki,0.0
164,POMOC SPOŁECZNA - BENEFICJENCI,Pensjonariusze DPS do 18 roku życia,2024,powiat nowosądecki,0.0
164,POMOC SPOŁECZNA - BENEFICJENCI,Pensjonariusze DPS do 18 roku życia,2024,powiat nowotarski,0.0
164,POMOC SPOŁECZNA - BENEFICJENCI,Pensjonariusze DPS do 18 roku życia,2024,powiat olkuski,0.0
164,POMOC SPOŁECZNA - BENEFICJENCI,Pensjonariusze DPS do 18 roku życia,2024,powiat oświęcimski,0.31
164,POMOC SPOŁECZNA - BENEFICJENCI,Pensjonariusze DPS do 18 roku życia,2024,powiat proszowicki,0.0
164,POMOC SPOŁECZNA - BENEFICJENCI,Pensjonariusze DPS do 18 roku życia,2024,powiat suski,3.95
164,POMOC SPOŁECZNA - BENEFICJENCI,Pensjonariusze DPS do 18 roku życia,2024,powiat tarnowski,0.49
164,POMOC SPOŁECZNA - BENEFICJENCI,Pensjonariusze DPS do 18 roku życia,2024,powiat tatrzański,14.81
164,POMOC SPOŁECZNA - BENEFICJENCI,Pensjonariusze DPS do 18 roku życia,2024,powiat wadowicki,1.02
164,POMOC SPOŁECZNA - BENEFICJENCI,Pensjonariusze DPS do 18 roku życia,2024,powiat wielicki,0.0
165,POMOC SPOŁECZNA - BENEFICJENCI,Pensjonariusze DPS w wieku 19-40 lat,2024,powiat bocheński,6.37
165,POMOC SPOŁECZNA - BENEFICJENCI,Pensjonariusze DPS w wieku 19-40 lat,2024,powiat brzeski,17.12
165,POMOC SPOŁECZNA - BENEFICJENCI,Pensjonariusze DPS w wieku 19-40 lat,2024,powiat chrzanowski,6.0
165,POMOC SPOŁECZNA - BENEFICJENCI,Pensjonariusze DPS w wieku 19-40 lat,2024,powiat dąbrowski,0.0
165,POMOC SPOŁECZNA - BENEFICJENCI,Pensjonariusze DPS w wieku 19-40 lat,2024,powiat gorlicki,2.03
165,POMOC SPOŁECZNA - BENEFICJENCI,Pensjonariusze DPS w wieku 19-40 lat,2024,powiat krakowski,11.57
165,POMOC SPOŁECZNA - BENEFICJENCI,Pensjonariusze DPS w wieku 19-40 lat,2024,powiat limanowski,7.69
165,POMOC SPOŁECZNA - BENEFICJENCI,Pensjonariusze DPS w wieku 19-40 lat,2024,powiat m. Kraków,8.08
165,POMOC SPOŁECZNA - BENEFICJENCI,Pensjonariusze DPS w wieku 19-40 lat,2024,powiat m. Nowy Sącz,6.77
165,POMOC SPOŁECZNA - BENEFICJENCI,Pensjonariusze DPS w wieku 19-40 lat,2024,powiat m. Tarnów,10.03
165,POMOC SPOŁECZNA - BENEFICJENCI,Pensjonariusze DPS w wieku 19-40 lat,2024,powiat miechowski,12.23
165,POMOC SPOŁECZNA - BENEFICJENCI,Pensjonariusze DPS w wieku 19-40 lat,2024,powiat myślenicki,13.33
165,POMOC SPOŁECZNA - BENEFICJENCI,Pensjonariusze DPS w wieku 19-40 lat,2024,powiat nowosądecki,5.69
165,POMOC SPOŁECZNA - BENEFICJENCI,Pensjonariusze DPS w wieku 19-40 lat,2024,powiat nowotarski,1.97
165,POMOC SPOŁECZNA - BENEFICJENCI,Pensjonariusze DPS w wieku 19-40 lat,2024,powiat olkuski,4.08
165,POMOC SPOŁECZNA - BENEFICJENCI,Pensjonariusze DPS w wieku 19-40 lat,2024,powiat oświęcimski,18.94
165,POMOC SPOŁECZNA - BENEFICJENCI,Pensjonariusze DPS w wieku 19-40 lat,2024,powiat proszowicki,8.62
165,POMOC SPOŁECZNA - BENEFICJENCI,Pensjonariusze DPS w wieku 19-40 lat,2024,powiat suski,14.69
165,POMOC SPOŁECZNA - BENEFICJENCI,Pensjonariusze DPS w wieku 19-40 lat,2024,powiat tarnowski,10.21
165,POMOC SPOŁECZNA - BENEFICJENCI,Pensjonariusze DPS w wieku 19-40 lat,2024,powiat tatrzański,23.7
165,POMOC SPOŁECZNA - BENEFICJENCI,Pensjonariusze DPS w wieku 19-40 lat,2024,powiat wadowicki,11.68
165,POMOC SPOŁECZNA - BENEFICJENCI,Pensjonariusze DPS w wieku 19-40 lat,2024,powiat wielicki,6.93
166,POMOC SPOŁECZNA - BENEFICJENCI,Pensjonariusze DPS w wieku 41-60 lat,2024,powiat bocheński,21.02
166,POMOC SPOŁECZNA - BENEFICJENCI,Pensjonariusze DPS w wieku 41-60 lat,2024,powiat brzeski,21.23
166,POMOC SPOŁECZNA - BENEFICJENCI,Pensjonariusze DPS w wieku 41-60 lat,2024,powiat chrzanowski,35.0
166,POMOC SPOŁECZNA - BENEFICJENCI,Pensjonariusze DPS w wieku 41-60 lat,2024,powiat dąbrowski,10.68
166,POMOC SPOŁECZNA - BENEFICJENCI,Pensjonariusze DPS w wieku 41-60 lat,2024,powiat gorlicki,22.3
166,POMOC SPOŁECZNA - BENEFICJENCI,Pensjonariusze DPS w wieku 41-60 lat,2024,powiat krakowski,35.93
166,POMOC SPOŁECZNA - BENEFICJENCI,Pensjonariusze DPS w wieku 41-60 lat,2024,powiat limanowski,31.54
166,POMOC SPOŁECZNA - BENEFICJENCI,Pensjonariusze DPS w wieku 41-60 lat,2024,powiat m. Kraków,21.49
166,POMOC SPOŁECZNA - BENEFICJENCI,Pensjonariusze DPS w wieku 41-60 lat,2024,powiat m. Nowy Sącz,24.62
166,POMOC SPOŁECZNA - BENEFICJENCI,Pensjonariusze DPS w wieku 41-60 lat,2024,powiat m. Tarnów,16.52
166,POMOC SPOŁECZNA - BENEFICJENCI,Pensjonariusze DPS w wieku 41-60 lat,2024,powiat miechowski,20.18
166,POMOC SPOŁECZNA - BENEFICJENCI,Pensjonariusze DPS w wieku 41-60 lat,2024,powiat myślenicki,31.43
166,POMOC SPOŁECZNA - BENEFICJENCI,Pensjonariusze DPS w wieku 41-60 lat,2024,powiat nowosądecki,23.13
166,POMOC SPOŁECZNA - BENEFICJENCI,Pensjonariusze DPS w wieku 41-60 lat,2024,powiat nowotarski,19.08
166,POMOC SPOŁECZNA - BENEFICJENCI,Pensjonariusze DPS w wieku 41-60 lat,2024,powiat olkuski,20.41
166,POMOC SPOŁECZNA - BENEFICJENCI,Pensjonariusze DPS w wieku 41-60 lat,2024,powiat oświęcimski,44.1
166,POMOC SPOŁECZNA - BENEFICJENCI,Pensjonariusze DPS w wieku 41-60 lat,2024,powiat proszowicki,36.21
166,POMOC SPOŁECZNA - BENEFICJENCI,Pensjonariusze DPS w wieku 41-60 lat,2024,powiat suski,25.42
166,POMOC SPOŁECZNA - BENEFICJENCI,Pensjonariusze DPS w wieku 41-60 lat,2024,powiat tarnowski,28.34
166,POMOC SPOŁECZNA - BENEFICJENCI,Pensjonariusze DPS w wieku 41-60 lat,2024,powiat tatrzański,13.33
166,POMOC SPOŁECZNA - BENEFICJENCI,Pensjonariusze DPS w wieku 41-60 lat,2024,powiat wadowicki,32.49
166,POMOC SPOŁECZNA - BENEFICJENCI,Pensjonariusze DPS w wieku 41-60 lat,2024,powiat wielicki,21.78
167,POMOC SPOŁECZNA - BENEFICJENCI,Pensjonariusze DPS w wieku 61-74 lat,2024,powiat bocheński,35.03
167,POMOC SPOŁECZNA - BENEFICJENCI,Pensjonariusze DPS w wieku 61-74 lat,2024,powiat brzeski,23.29
167,POMOC SPOŁECZNA - BENEFICJENCI,Pensjonariusze DPS w wieku 61-74 lat,2024,powiat chrzanowski,44.0
167,POMOC SPOŁECZNA - BENEFICJENCI,Pensjonariusze DPS w wieku 61-74 lat,2024,powiat dąbrowski,38.83
167,POMOC SPOŁECZNA - BENEFICJENCI,Pensjonariusze DPS w wieku 61-74 lat,2024,powiat gorlicki,36.82
167,POMOC SPOŁECZNA - BENEFICJENCI,Pensjonariusze DPS w wieku 61-74 lat,2024,powiat krakowski,33.74
167,POMOC SPOŁECZNA - BENEFICJENCI,Pensjonariusze DPS w wieku 61-74 lat,2024,powiat limanowski,39.74
167,POMOC SPOŁECZNA - BENEFICJENCI,Pensjonariusze DPS w wieku 61-74 lat,2024,powiat m. Kraków,32.59
167,POMOC SPOŁECZNA - BENEFICJENCI,Pensjonariusze DPS w wieku 61-74 lat,2024,powiat m. Nowy Sącz,36.31
167,POMOC SPOŁECZNA - BENEFICJENCI,Pensjonariusze DPS w wieku 61-74 lat,2024,powiat m. Tarnów,24.48
167,POMOC SPOŁECZNA - BENEFICJENCI,Pensjonariusze DPS w wieku 61-74 lat,2024,powiat miechowski,31.5
167,POMOC SPOŁECZNA - BENEFICJENCI,Pensjonariusze DPS w wieku 61-74 lat,2024,powiat myślenicki,35.24
167,POMOC SPOŁECZNA - BENEFICJENCI,Pensjonariusze DPS w wieku 61-74 lat,2024,powiat nowosądecki,37.37
167,POMOC SPOŁECZNA - BENEFICJENCI,Pensjonariusze DPS w wieku 61-74 lat,2024,powiat nowotarski,29.61
167,POMOC SPOŁECZNA - BENEFICJENCI,Pensjonariusze DPS w wieku 61-74 lat,2024,powiat olkuski,47.96
167,POMOC SPOŁECZNA - BENEFICJENCI,Pensjonariusze DPS w wieku 61-74 lat,2024,powiat oświęcimski,31.99
167,POMOC SPOŁECZNA - BENEFICJENCI,Pensjonariusze DPS w wieku 61-74 lat,2024,powiat proszowicki,33.91
167,POMOC SPOŁECZNA - BENEFICJENCI,Pensjonariusze DPS w wieku 61-74 lat,2024,powiat suski,32.2
167,POMOC SPOŁECZNA - BENEFICJENCI,Pensjonariusze DPS w wieku 61-74 lat,2024,powiat tarnowski,30.81
167,POMOC SPOŁECZNA - BENEFICJENCI,Pensjonariusze DPS w wieku 61-74 lat,2024,powiat tatrzański,17.04
167,POMOC SPOŁECZNA - BENEFICJENCI,Pensjonariusze DPS w wieku 61-74 lat,2024,powiat wadowicki,36.29
167,POMOC SPOŁECZNA - BENEFICJENCI,Pensjonariusze DPS w wieku 61-74 lat,2024,powiat wielicki,36.63
168,POMOC SPOŁECZNA - BENEFICJENCI,Pensjonariusze DPS w wieku powyżej 74 lat,2024,powiat bocheński,37.58
168,POMOC SPOŁECZNA - BENEFICJENCI,Pensjonariusze DPS w wieku powyżej 74 lat,2024,powiat brzeski,30.14
168,POMOC SPOŁECZNA - BENEFICJENCI,Pensjonariusze DPS w wieku powyżej 74 lat,2024,powiat chrzanowski,15.0
168,POMOC SPOŁECZNA - BENEFICJENCI,Pensjonariusze DPS w wieku powyżej 74 lat,2024,powiat dąbrowski,50.49
168,POMOC SPOŁECZNA - BENEFICJENCI,Pensjonariusze DPS w wieku powyżej 74 lat,2024,powiat gorlicki,38.85
168,POMOC SPOŁECZNA - BENEFICJENCI,Pensjonariusze DPS w wieku powyżej 74 lat,2024,powiat krakowski,18.27
168,POMOC SPOŁECZNA - BENEFICJENCI,Pensjonariusze DPS w wieku powyżej 74 lat,2024,powiat limanowski,21.03
168,POMOC SPOŁECZNA - BENEFICJENCI,Pensjonariusze DPS w wieku powyżej 74 lat,2024,powiat m. Kraków,37.18
168,POMOC SPOŁECZNA - BENEFICJENCI,Pensjonariusze DPS w wieku powyżej 74 lat,2024,powiat m. Nowy Sącz,32.0
168,POMOC SPOŁECZNA - BENEFICJENCI,Pensjonariusze DPS w wieku powyżej 74 lat,2024,powiat m. Tarnów,48.67
168,POMOC SPOŁECZNA - BENEFICJENCI,Pensjonariusze DPS w wieku powyżej 74 lat,2024,powiat miechowski,35.78
168,POMOC SPOŁECZNA - BENEFICJENCI,Pensjonariusze DPS w wieku powyżej 74 lat,2024,powiat myślenicki,20.0
168,POMOC SPOŁECZNA - BENEFICJENCI,Pensjonariusze DPS w wieku powyżej 74 lat,2024,powiat nowosądecki,33.81
168,POMOC SPOŁECZNA - BENEFICJENCI,Pensjonariusze DPS w wieku powyżej 74 lat,2024,powiat nowotarski,49.34
168,POMOC SPOŁECZNA - BENEFICJENCI,Pensjonariusze DPS w wieku powyżej 74 lat,2024,powiat olkuski,27.55
168,POMOC SPOŁECZNA - BENEFICJENCI,Pensjonariusze DPS w wieku powyżej 74 lat,2024,powiat oświęcimski,4.66
168,POMOC SPOŁECZNA - BENEFICJENCI,Pensjonariusze DPS w wieku powyżej 74 lat,2024,powiat proszowicki,21.26
168,POMOC SPOŁECZNA - BENEFICJENCI,Pensjonariusze DPS w wieku powyżej 74 lat,2024,powiat suski,23.73
168,POMOC SPOŁECZNA - BENEFICJENCI,Pensjonariusze DPS w wieku powyżej 74 lat,2024,powiat tarnowski,30.15
168,POMOC SPOŁECZNA - BENEFICJENCI,Pensjonariusze DPS w wieku powyżej 74 lat,2024,powiat tatrzański,31.11
168,POMOC SPOŁECZNA - BENEFICJENCI,Pensjonariusze DPS w wieku powyżej 74 lat,2024,powiat wadowicki,18.53
168,POMOC SPOŁECZNA - BENEFICJENCI,Pensjonariusze DPS w wieku powyżej 74 lat,2024,powiat wielicki,34.65
226,POMOC SPOŁECZNA - ŚWIADCZENIA,Świadczenia niepieniężne z pomocy społecznej,2024,powiat bocheński,63.25
226,POMOC SPOŁECZNA - ŚWIADCZENIA,Świadczenia niepieniężne z pomocy społecznej,2024,powiat brzeski,50.34
226,POMOC SPOŁECZNA - ŚWIADCZENIA,Świadczenia niepieniężne z pomocy społecznej,2024,powiat chrzanowski,51.79
226,POMOC SPOŁECZNA - ŚWIADCZENIA,Świadczenia niepieniężne z pomocy społecznej,2024,powiat dąbrowski,70.73
226,POMOC SPOŁECZNA - ŚWIADCZENIA,Świadczenia niepieniężne z pomocy społecznej,2024,powiat gorlicki,63.47
226,POMOC SPOŁECZNA - ŚWIADCZENIA,Świadczenia niepieniężne z pomocy społecznej,2024,powiat krakowski,46.44
226,POMOC SPOŁECZNA - ŚWIADCZENIA,Świadczenia niepieniężne z pomocy społecznej,2024,powiat limanowski,74.78
226,POMOC SPOŁECZNA - ŚWIADCZENIA,Świadczenia niepieniężne z pomocy społecznej,2024,powiat m. Kraków,55.01
226,POMOC SPOŁECZNA - ŚWIADCZENIA,Świadczenia niepieniężne z pomocy społecznej,2024,powiat m. Nowy Sącz,55.94
226,POMOC SPOŁECZNA - ŚWIADCZENIA,Świadczenia niepieniężne z pomocy społecznej,2024,powiat m. Tarnów,49.1
226,POMOC SPOŁECZNA - ŚWIADCZENIA,Świadczenia niepieniężne z pomocy społecznej,2024,powiat miechowski,65.38
226,POMOC SPOŁECZNA - ŚWIADCZENIA,Świadczenia niepieniężne z pomocy społecznej,2024,powiat myślenicki,67.43
226,POMOC SPOŁECZNA - ŚWIADCZENIA,Świadczenia niepieniężne z pomocy społecznej,2024,powiat nowosądecki,72.51
226,POMOC SPOŁECZNA - ŚWIADCZENIA,Świadczenia niepieniężne z pomocy społecznej,2024,powiat nowotarski,61.29
226,POMOC SPOŁECZNA - ŚWIADCZENIA,Świadczenia niepieniężne z pomocy społecznej,2024,powiat olkuski,39.29
226,POMOC SPOŁECZNA - ŚWIADCZENIA,Świadczenia niepieniężne z pomocy społecznej,2024,powiat oświęcimski,47.11
226,POMOC SPOŁECZNA - ŚWIADCZENIA,Świadczenia niepieniężne z pomocy społecznej,2024,powiat proszowicki,59.72
226,POMOC SPOŁECZNA - ŚWIADCZENIA,Świadczenia niepieniężne z pomocy społecznej,2024,powiat suski,46.42
226,POMOC SPOŁECZNA - ŚWIADCZENIA,Świadczenia niepieniężne z pomocy społecznej,2024,powiat tarnowski,57.12
226,POMOC SPOŁECZNA - ŚWIADCZENIA,Świadczenia niepieniężne z pomocy społecznej,2024,powiat tatrzański,58.2
226,POMOC SPOŁECZNA - ŚWIADCZENIA,Świadczenia niepieniężne z pomocy społecznej,2024,powiat wadowicki,53.0
226,POMOC SPOŁECZNA - ŚWIADCZENIA,Świadczenia niepieniężne z pomocy społecznej,2024,powiat wielicki,54.6
227,POMOC SPOŁECZNA - ŚWIADCZENIA,Osoby korzystające z usług opiekuńczych i specjalistycznych usług opiekuńczych,2024,powiat bocheński,233
227,POMOC SPOŁECZNA - ŚWIADCZENIA,Osoby korzystające z usług opiekuńczych i specjalistycznych usług opiekuńczych,2024,powiat brzeski,178
227,POMOC SPOŁECZNA - ŚWIADCZENIA,Osoby korzystające z usług opiekuńczych i specjalistycznych usług opiekuńczych,2024,powiat chrzanowski,483
227,POMOC SPOŁECZNA - ŚWIADCZENIA,Osoby korzystające z usług opiekuńczych i specjalistycznych usług opiekuńczych,2024,powiat dąbrowski,69
227,POMOC SPOŁECZNA - ŚWIADCZENIA,Osoby korzystające z usług opiekuńczych i specjalistycznych usług opiekuńczych,2024,powiat gorlicki,285
227,POMOC SPOŁECZNA - ŚWIADCZENIA,Osoby korzystające z usług opiekuńczych i specjalistycznych usług opiekuńczych,2024,powiat krakowski,340
227,POMOC SPOŁECZNA - ŚWIADCZENIA,Osoby korzystające z usług opiekuńczych i specjalistycznych usług opiekuńczych,2024,powiat limanowski,206
227,POMOC SPOŁECZNA - ŚWIADCZENIA,Osoby korzystające z usług opiekuńczych i specjalistycznych usług opiekuńczych,2024,powiat m. Kraków,1995
227,POMOC SPOŁECZNA - ŚWIADCZENIA,Osoby korzystające z usług opiekuńczych i specjalistycznych usług opiekuńczych,2024,powiat m. Nowy Sącz,294
227,POMOC SPOŁECZNA - ŚWIADCZENIA,Osoby korzystające z usług opiekuńczych i specjalistycznych usług opiekuńczych,2024,powiat m. Tarnów,364
227,POMOC SPOŁECZNA - ŚWIADCZENIA,Osoby korzystające z usług opiekuńczych i specjalistycznych usług opiekuńczych,2024,powiat miechowski,115
227,POMOC SPOŁECZNA - ŚWIADCZENIA,Osoby korzystające z usług opiekuńczych i specjalistycznych usług opiekuńczych,2024,powiat myślenicki,153
227,POMOC SPOŁECZNA - ŚWIADCZENIA,Osoby korzystające z usług opiekuńczych i specjalistycznych usług opiekuńczych,2024,powiat nowosądecki,392
227,POMOC SPOŁECZNA - ŚWIADCZENIA,Osoby korzystające z usług opiekuńczych i specjalistycznych usług opiekuńczych,2024,powiat nowotarski,257
227,POMOC SPOŁECZNA - ŚWIADCZENIA,Osoby korzystające z usług opiekuńczych i specjalistycznych usług opiekuńczych,2024,powiat olkuski,297
227,POMOC SPOŁECZNA - ŚWIADCZENIA,Osoby korzystające z usług opiekuńczych i specjalistycznych usług opiekuńczych,2024,powiat oświęcimski,483
227,POMOC SPOŁECZNA - ŚWIADCZENIA,Osoby korzystające z usług opiekuńczych i specjalistycznych usług opiekuńczych,2024,powiat proszowicki,46
227,POMOC SPOŁECZNA - ŚWIADCZENIA,Osoby korzystające z usług opiekuńczych i specjalistycznych usług opiekuńczych,2024,powiat suski,50
227,POMOC SPOŁECZNA - ŚWIADCZENIA,Osoby korzystające z usług opiekuńczych i specjalistycznych usług opiekuńczych,2024,powiat tarnowski,319
227,POMOC SPOŁECZNA - ŚWIADCZENIA,Osoby korzystające z usług opiekuńczych i specjalistycznych usług opiekuńczych,2024,powiat tatrzański,139
227,POMOC SPOŁECZNA - ŚWIADCZENIA,Osoby korzystające z usług opiekuńczych i specjalistycznych usług opiekuńczych,2024,powiat wadowicki,408
227,POMOC SPOŁECZNA - ŚWIADCZENIA,Osoby korzystające z usług opiekuńczych i specjalistycznych usług opiekuńczych,2024,powiat wielicki,314
228,POMOC SPOŁECZNA - ŚWIADCZENIA,Osoby korzystające ze specjalistycznych usług opiekuńczych dla osób z zaburzeniami psychicznymi,2024,powiat bocheński,22
228,POMOC SPOŁECZNA - ŚWIADCZENIA,Osoby korzystające ze specjalistycznych usług opiekuńczych dla osób z zaburzeniami psychicznymi,2024,powiat brzeski,1
228,POMOC SPOŁECZNA - ŚWIADCZENIA,Osoby korzystające ze specjalistycznych usług opiekuńczych dla osób z zaburzeniami psychicznymi,2024,powiat chrzanowski,26
228,POMOC SPOŁECZNA - ŚWIADCZENIA,Osoby korzystające ze specjalistycznych usług opiekuńczych dla osób z zaburzeniami psychicznymi,2024,powiat dąbrowski,18
228,POMOC SPOŁECZNA - ŚWIADCZENIA,Osoby korzystające ze specjalistycznych usług opiekuńczych dla osób z zaburzeniami psychicznymi,2024,powiat gorlicki,62
228,POMOC SPOŁECZNA - ŚWIADCZENIA,Osoby korzystające ze specjalistycznych usług opiekuńczych dla osób z zaburzeniami psychicznymi,2024,powiat krakowski,24
228,POMOC SPOŁECZNA - ŚWIADCZENIA,Osoby korzystające ze specjalistycznych usług opiekuńczych dla osób z zaburzeniami psychicznymi,2024,powiat limanowski,26
228,POMOC SPOŁECZNA - ŚWIADCZENIA,Osoby korzystające ze specjalistycznych usług opiekuńczych dla osób z zaburzeniami psychicznymi,2024,powiat m. Kraków,290
228,POMOC SPOŁECZNA - ŚWIADCZENIA,Osoby korzystające ze specjalistycznych usług opiekuńczych dla osób z zaburzeniami psychicznymi,2024,powiat m. Nowy Sącz,22
228,POMOC SPOŁECZNA - ŚWIADCZENIA,Osoby korzystające ze specjalistycznych usług opiekuńczych dla osób z zaburzeniami psychicznymi,2024,powiat m. Tarnów,8
228,POMOC SPOŁECZNA - ŚWIADCZENIA,Osoby korzystające ze specjalistycznych usług opiekuńczych dla osób z zaburzeniami psychicznymi,2024,powiat miechowski,26
228,POMOC SPOŁECZNA - ŚWIADCZENIA,Osoby korzystające ze specjalistycznych usług opiekuńczych dla osób z zaburzeniami psychicznymi,2024,powiat myślenicki,22
228,POMOC SPOŁECZNA - ŚWIADCZENIA,Osoby korzystające ze specjalistycznych usług opiekuńczych dla osób z zaburzeniami psychicznymi,2024,powiat nowosądecki,39
228,POMOC SPOŁECZNA - ŚWIADCZENIA,Osoby korzystające ze specjalistycznych usług opiekuńczych dla osób z zaburzeniami psychicznymi,2024,powiat nowotarski,8
228,POMOC SPOŁECZNA - ŚWIADCZENIA,Osoby korzystające ze specjalistycznych usług opiekuńczych dla osób z zaburzeniami psychicznymi,2024,powiat olkuski,2
228,POMOC SPOŁECZNA - ŚWIADCZENIA,Osoby korzystające ze specjalistycznych usług opiekuńczych dla osób z zaburzeniami psychicznymi,2024,powiat oświęcimski,8
228,POMOC SPOŁECZNA - ŚWIADCZENIA,Osoby korzystające ze specjalistycznych usług opiekuńczych dla osób z zaburzeniami psychicznymi,2024,powiat proszowicki,0
228,POMOC SPOŁECZNA - ŚWIADCZENIA,Osoby korzystające ze specjalistycznych usług opiekuńczych dla osób z zaburzeniami psychicznymi,2024,powiat suski,0
228,POMOC SPOŁECZNA - ŚWIADCZENIA,Osoby korzystające ze specjalistycznych usług opiekuńczych dla osób z zaburzeniami psychicznymi,2024,powiat tarnowski,17
228,POMOC SPOŁECZNA - ŚWIADCZENIA,Osoby korzystające ze specjalistycznych usług opiekuńczych dla osób z zaburzeniami psychicznymi,2024,powiat tatrzański,19
228,POMOC SPOŁECZNA - ŚWIADCZENIA,Osoby korzystające ze specjalistycznych usług opiekuńczych dla osób z zaburzeniami psychicznymi,2024,powiat wadowicki,10
228,POMOC SPOŁECZNA - ŚWIADCZENIA,Osoby korzystające ze specjalistycznych usług opiekuńczych dla osób z zaburzeniami psychicznymi,2024,powiat wielicki,56
229,POMOC SPOŁECZNA - ŚWIADCZENIA,Osoby objęte kontraktami socjalnymi,2024,powiat bocheński,1.63
229,POMOC SPOŁECZNA - ŚWIADCZENIA,Osoby objęte kontraktami socjalnymi,2024,powiat brzeski,0.91
229,POMOC SPOŁECZNA - ŚWIADCZENIA,Osoby objęte kontraktami socjalnymi,2024,powiat chrzanowski,3.34
229,POMOC SPOŁECZNA - ŚWIADCZENIA,Osoby objęte kontraktami socjalnymi,2024,powiat dąbrowski,1.58
229,POMOC SPOŁECZNA - ŚWIADCZENIA,Osoby objęte kontraktami socjalnymi,2024,powiat gorlicki,1.99
229,POMOC SPOŁECZNA - ŚWIADCZENIA,Osoby objęte kontraktami socjalnymi,2024,powiat krakowski,1.66
229,POMOC SPOŁECZNA - ŚWIADCZENIA,Osoby objęte kontraktami socjalnymi,2024,powiat limanowski,0.16
229,POMOC SPOŁECZNA - ŚWIADCZENIA,Osoby objęte kontraktami socjalnymi,2024,powiat m. Kraków,3.44
229,POMOC SPOŁECZNA - ŚWIADCZENIA,Osoby objęte kontraktami socjalnymi,2024,powiat m. Nowy Sącz,3.71
229,POMOC SPOŁECZNA - ŚWIADCZENIA,Osoby objęte kontraktami socjalnymi,2024,powiat m. Tarnów,7.57
229,POMOC SPOŁECZNA - ŚWIADCZENIA,Osoby objęte kontraktami socjalnymi,2024,powiat miechowski,5.05
229,POMOC SPOŁECZNA - ŚWIADCZENIA,Osoby objęte kontraktami socjalnymi,2024,powiat myślenicki,2.91
229,POMOC SPOŁECZNA - ŚWIADCZENIA,Osoby objęte kontraktami socjalnymi,2024,powiat nowosądecki,0.51
229,POMOC SPOŁECZNA - ŚWIADCZENIA,Osoby objęte kontraktami socjalnymi,2024,powiat nowotarski,1.03
229,POMOC SPOŁECZNA - ŚWIADCZENIA,Osoby objęte kontraktami socjalnymi,2024,powiat olkuski,7.5
229,POMOC SPOŁECZNA - ŚWIADCZENIA,Osoby objęte kontraktami socjalnymi,2024,powiat oświęcimski,4.65
229,POMOC SPOŁECZNA - ŚWIADCZENIA,Osoby objęte kontraktami socjalnymi,2024,powiat proszowicki,0.36
229,POMOC SPOŁECZNA - ŚWIADCZENIA,Osoby objęte kontraktami socjalnymi,2024,powiat suski,2.02
229,POMOC SPOŁECZNA - ŚWIADCZENIA,Osoby objęte kontraktami socjalnymi,2024,powiat tarnowski,1.72
229,POMOC SPOŁECZNA - ŚWIADCZENIA,Osoby objęte kontraktami socjalnymi,2024,powiat tatrzański,0.81
229,POMOC SPOŁECZNA - ŚWIADCZENIA,Osoby objęte kontraktami socjalnymi,2024,powiat wadowicki,1.85
229,POMOC SPOŁECZNA - ŚWIADCZENIA,Osoby objęte kontraktami socjalnymi,2024,powiat wielicki,1.06
175,POMOC SPOŁECZNA - ŚWIADCZENIA,Osoby objęte dożywianiem na 1000 mieszkańców,2024,powiat bocheński,15
175,POMOC SPOŁECZNA - ŚWIADCZENIA,Osoby objęte dożywianiem na 1000 mieszkańców,2024,powiat brzeski,12
175,POMOC SPOŁECZNA - ŚWIADCZENIA,Osoby objęte dożywianiem na 1000 mieszkańców,2024,powiat chrzanowski,21
175,POMOC SPOŁECZNA - ŚWIADCZENIA,Osoby objęte dożywianiem na 1000 mieszkańców,2024,powiat dąbrowski,29
175,POMOC SPOŁECZNA - ŚWIADCZENIA,Osoby objęte dożywianiem na 1000 mieszkańców,2024,powiat gorlicki,36
175,POMOC SPOŁECZNA - ŚWIADCZENIA,Osoby objęte dożywianiem na 1000 mieszkańców,2024,powiat krakowski,9
175,POMOC SPOŁECZNA - ŚWIADCZENIA,Osoby objęte dożywianiem na 1000 mieszkańców,2024,powiat limanowski,26
175,POMOC SPOŁECZNA - ŚWIADCZENIA,Osoby objęte dożywianiem na 1000 mieszkańców,2024,powiat m. Kraków,12
175,POMOC SPOŁECZNA - ŚWIADCZENIA,Osoby objęte dożywianiem na 1000 mieszkańców,2024,powiat m. Nowy Sącz,14
175,POMOC SPOŁECZNA - ŚWIADCZENIA,Osoby objęte dożywianiem na 1000 mieszkańców,2024,powiat m. Tarnów,25
175,POMOC SPOŁECZNA - ŚWIADCZENIA,Osoby objęte dożywianiem na 1000 mieszkańców,2024,powiat miechowski,13
175,POMOC SPOŁECZNA - ŚWIADCZENIA,Osoby objęte dożywianiem na 1000 mieszkańców,2024,powiat myślenicki,13
175,POMOC SPOŁECZNA - ŚWIADCZENIA,Osoby objęte dożywianiem na 1000 mieszkańców,2024,powiat nowosądecki,31
175,POMOC SPOŁECZNA - ŚWIADCZENIA,Osoby objęte dożywianiem na 1000 mieszkańców,2024,powiat nowotarski,12
175,POMOC SPOŁECZNA - ŚWIADCZENIA,Osoby objęte dożywianiem na 1000 mieszkańców,2024,powiat olkuski,11
175,POMOC SPOŁECZNA - ŚWIADCZENIA,Osoby objęte dożywianiem na 1000 mieszkańców,2024,powiat oświęcimski,13
175,POMOC SPOŁECZNA - ŚWIADCZENIA,Osoby objęte dożywianiem na 1000 mieszkańców,2024,powiat proszowicki,15
175,POMOC SPOŁECZNA - ŚWIADCZENIA,Osoby objęte dożywianiem na 1000 mieszkańców,2024,powiat suski,19
175,POMOC SPOŁECZNA - ŚWIADCZENIA,Osoby objęte dożywianiem na 1000 mieszkańców,2024,powiat tarnowski,19
175,POMOC SPOŁECZNA - ŚWIADCZENIA,Osoby objęte dożywianiem na 1000 mieszkańców,2024,powiat tatrzański,14
175,POMOC SPOŁECZNA - ŚWIADCZENIA,Osoby objęte dożywianiem na 1000 mieszkańców,2024,powiat wadowicki,10
175,POMOC SPOŁECZNA - ŚWIADCZENIA,Osoby objęte dożywianiem na 1000 mieszkańców,2024,powiat wielicki,9
176,POMOC SPOŁECZNA - ŚWIADCZENIA,Udział dzieci w ogóle osób objętych dożywianiem,2024,powiat bocheński,19
176,POMOC SPOŁECZNA - ŚWIADCZENIA,Udział dzieci w ogóle osób objętych dożywianiem,2024,powiat brzeski,18
176,POMOC SPOŁECZNA - ŚWIADCZENIA,Udział dzieci w ogóle osób objętych dożywianiem,2024,powiat chrzanowski,14
176,POMOC SPOŁECZNA - ŚWIADCZENIA,Udział dzieci w ogóle osób objętych dożywianiem,2024,powiat dąbrowski,18
176,POMOC SPOŁECZNA - ŚWIADCZENIA,Udział dzieci w ogóle osób objętych dożywianiem,2024,powiat gorlicki,16
176,POMOC SPOŁECZNA - ŚWIADCZENIA,Udział dzieci w ogóle osób objętych dożywianiem,2024,powiat krakowski,14
176,POMOC SPOŁECZNA - ŚWIADCZENIA,Udział dzieci w ogóle osób objętych dożywianiem,2024,powiat limanowski,17
176,POMOC SPOŁECZNA - ŚWIADCZENIA,Udział dzieci w ogóle osób objętych dożywianiem,2024,powiat m. Kraków,11
176,POMOC SPOŁECZNA - ŚWIADCZENIA,Udział dzieci w ogóle osób objętych dożywianiem,2024,powiat m. Nowy Sącz,15
176,POMOC SPOŁECZNA - ŚWIADCZENIA,Udział dzieci w ogóle osób objętych dożywianiem,2024,powiat m. Tarnów,13
176,POMOC SPOŁECZNA - ŚWIADCZENIA,Udział dzieci w ogóle osób objętych dożywianiem,2024,powiat miechowski,16
176,POMOC SPOŁECZNA - ŚWIADCZENIA,Udział dzieci w ogóle osób objętych dożywianiem,2024,powiat myślenicki,19
176,POMOC SPOŁECZNA - ŚWIADCZENIA,Udział dzieci w ogóle osób objętych dożywianiem,2024,powiat nowosądecki,22
176,POMOC SPOŁECZNA - ŚWIADCZENIA,Udział dzieci w ogóle osób objętych dożywianiem,2024,powiat nowotarski,15
176,POMOC SPOŁECZNA - ŚWIADCZENIA,Udział dzieci w ogóle osób objętych dożywianiem,2024,powiat olkuski,20
176,POMOC SPOŁECZNA - ŚWIADCZENIA,Udział dzieci w ogóle osób objętych dożywianiem,2024,powiat oświęcimski,11
176,POMOC SPOŁECZNA - ŚWIADCZENIA,Udział dzieci w ogóle osób objętych dożywianiem,2024,powiat proszowicki,16
176,POMOC SPOŁECZNA - ŚWIADCZENIA,Udział dzieci w ogóle osób objętych dożywianiem,2024,powiat suski,15
176,POMOC SPOŁECZNA - ŚWIADCZENIA,Udział dzieci w ogóle osób objętych dożywianiem,2024,powiat tarnowski,17
176,POMOC SPOŁECZNA - ŚWIADCZENIA,Udział dzieci w ogóle osób objętych dożywianiem,2024,powiat tatrzański,15
176,POMOC SPOŁECZNA - ŚWIADCZENIA,Udział dzieci w ogóle osób objętych dożywianiem,2024,powiat wadowicki,17
176,POMOC SPOŁECZNA - ŚWIADCZENIA,Udział dzieci w ogóle osób objętych dożywianiem,2024,powiat wielicki,15
177,POMOC SPOŁECZNA - ŚWIADCZENIA,Udział uczniów w ogóle osób objętych dożywianiem,2024,powiat bocheński,34
177,POMOC SPOŁECZNA - ŚWIADCZENIA,Udział uczniów w ogóle osób objętych dożywianiem,2024,powiat brzeski,44
177,POMOC SPOŁECZNA - ŚWIADCZENIA,Udział uczniów w ogóle osób objętych dożywianiem,2024,powiat chrzanowski,22
177,POMOC SPOŁECZNA - ŚWIADCZENIA,Udział uczniów w ogóle osób objętych dożywianiem,2024,powiat dąbrowski,42
177,POMOC SPOŁECZNA - ŚWIADCZENIA,Udział uczniów w ogóle osób objętych dożywianiem,2024,powiat gorlicki,41
177,POMOC SPOŁECZNA - ŚWIADCZENIA,Udział uczniów w ogóle osób objętych dożywianiem,2024,powiat krakowski,28
177,POMOC SPOŁECZNA - ŚWIADCZENIA,Udział uczniów w ogóle osób objętych dożywianiem,2024,powiat limanowski,53
177,POMOC SPOŁECZNA - ŚWIADCZENIA,Udział uczniów w ogóle osób objętych dożywianiem,2024,powiat m. Kraków,20
177,POMOC SPOŁECZNA - ŚWIADCZENIA,Udział uczniów w ogóle osób objętych dożywianiem,2024,powiat m. Nowy Sącz,23
177,POMOC SPOŁECZNA - ŚWIADCZENIA,Udział uczniów w ogóle osób objętych dożywianiem,2024,powiat m. Tarnów,23
177,POMOC SPOŁECZNA - ŚWIADCZENIA,Udział uczniów w ogóle osób objętych dożywianiem,2024,powiat miechowski,38
177,POMOC SPOŁECZNA - ŚWIADCZENIA,Udział uczniów w ogóle osób objętych dożywianiem,2024,powiat myślenicki,36
177,POMOC SPOŁECZNA - ŚWIADCZENIA,Udział uczniów w ogóle osób objętych dożywianiem,2024,powiat nowosądecki,45
177,POMOC SPOŁECZNA - ŚWIADCZENIA,Udział uczniów w ogóle osób objętych dożywianiem,2024,powiat nowotarski,42
177,POMOC SPOŁECZNA - ŚWIADCZENIA,Udział uczniów w ogóle osób objętych dożywianiem,2024,powiat olkuski,25
177,POMOC SPOŁECZNA - ŚWIADCZENIA,Udział uczniów w ogóle osób objętych dożywianiem,2024,powiat oświęcimski,20
177,POMOC SPOŁECZNA - ŚWIADCZENIA,Udział uczniów w ogóle osób objętych dożywianiem,2024,powiat proszowicki,45
177,POMOC SPOŁECZNA - ŚWIADCZENIA,Udział uczniów w ogóle osób objętych dożywianiem,2024,powiat suski,36
177,POMOC SPOŁECZNA - ŚWIADCZENIA,Udział uczniów w ogóle osób objętych dożywianiem,2024,powiat tarnowski,39
177,POMOC SPOŁECZNA - ŚWIADCZENIA,Udział uczniów w ogóle osób objętych dożywianiem,2024,powiat tatrzański,31
177,POMOC SPOŁECZNA - ŚWIADCZENIA,Udział uczniów w ogóle osób objętych dożywianiem,2024,powiat wadowicki,32
177,POMOC SPOŁECZNA - ŚWIADCZENIA,Udział uczniów w ogóle osób objętych dożywianiem,2024,powiat wielicki,23
241,POMOC SPOŁECZNA I OTOCZENIE - INFRASTRUKTURA,Domy pomocy społecznej,2024,powiat bocheński,1
241,POMOC SPOŁECZNA I OTOCZENIE - INFRASTRUKTURA,Domy pomocy społecznej,2024,powiat brzeski,3
241,POMOC SPOŁECZNA I OTOCZENIE - INFRASTRUKTURA,Domy pomocy społecznej,2024,powiat chrzanowski,1
241,POMOC SPOŁECZNA I OTOCZENIE - INFRASTRUKTURA,Domy pomocy społecznej,2024,powiat dąbrowski,2
241,POMOC SPOŁECZNA I OTOCZENIE - INFRASTRUKTURA,Domy pomocy społecznej,2024,powiat gorlicki,4
241,POMOC SPOŁECZNA I OTOCZENIE - INFRASTRUKTURA,Domy pomocy społecznej,2024,powiat krakowski,10
241,POMOC SPOŁECZNA I OTOCZENIE - INFRASTRUKTURA,Domy pomocy społecznej,2024,powiat limanowski,5
241,POMOC SPOŁECZNA I OTOCZENIE - INFRASTRUKTURA,Domy pomocy społecznej,2024,powiat m. Kraków,15
241,POMOC SPOŁECZNA I OTOCZENIE - INFRASTRUKTURA,Domy pomocy społecznej,2024,powiat m. Nowy Sącz,3
241,POMOC SPOŁECZNA I OTOCZENIE - INFRASTRUKTURA,Domy pomocy społecznej,2024,powiat m. Tarnów,4
241,POMOC SPOŁECZNA I OTOCZENIE - INFRASTRUKTURA,Domy pomocy społecznej,2024,powiat miechowski,5
241,POMOC SPOŁECZNA I OTOCZENIE - INFRASTRUKTURA,Domy pomocy społecznej,2024,powiat myślenicki,3
241,POMOC SPOŁECZNA I OTOCZENIE - INFRASTRUKTURA,Domy pomocy społecznej,2024,powiat nowosądecki,5
241,POMOC SPOŁECZNA I OTOCZENIE - INFRASTRUKTURA,Domy pomocy społecznej,2024,powiat nowotarski,2
241,POMOC SPOŁECZNA I OTOCZENIE - INFRASTRUKTURA,Domy pomocy społecznej,2024,powiat olkuski,1
241,POMOC SPOŁECZNA I OTOCZENIE - INFRASTRUKTURA,Domy pomocy społecznej,2024,powiat oświęcimski,3
241,POMOC SPOŁECZNA I OTOCZENIE - INFRASTRUKTURA,Domy pomocy społecznej,2024,powiat proszowicki,2
241,POMOC SPOŁECZNA I OTOCZENIE - INFRASTRUKTURA,Domy pomocy społecznej,2024,powiat suski,2
241,POMOC SPOŁECZNA I OTOCZENIE - INFRASTRUKTURA,Domy pomocy społecznej,2024,powiat tarnowski,8
241,POMOC SPOŁECZNA I OTOCZENIE - INFRASTRUKTURA,Domy pomocy społecznej,2024,powiat tatrzański,2
241,POMOC SPOŁECZNA I OTOCZENIE - INFRASTRUKTURA,Domy pomocy społecznej,2024,powiat wadowicki,5
241,POMOC SPOŁECZNA I OTOCZENIE - INFRASTRUKTURA,Domy pomocy społecznej,2024,powiat wielicki,5
245,POMOC SPOŁECZNA I OTOCZENIE - INFRASTRUKTURA,Dzienne domy pomocy,2024,powiat bocheński,2
245,POMOC SPOŁECZNA I OTOCZENIE - INFRASTRUKTURA,Dzienne domy pomocy,2024,powiat brzeski,1
245,POMOC SPOŁECZNA I OTOCZENIE - INFRASTRUKTURA,Dzienne domy pomocy,2024,powiat chrzanowski,1
245,POMOC SPOŁECZNA I OTOCZENIE - INFRASTRUKTURA,Dzienne domy pomocy,2024,powiat dąbrowski,1
245,POMOC SPOŁECZNA I OTOCZENIE - INFRASTRUKTURA,Dzienne domy pomocy,2024,powiat gorlicki,5
245,POMOC SPOŁECZNA I OTOCZENIE - INFRASTRUKTURA,Dzienne domy pomocy,2024,powiat krakowski,1
245,POMOC SPOŁECZNA I OTOCZENIE - INFRASTRUKTURA,Dzienne domy pomocy,2024,powiat limanowski,2
245,POMOC SPOŁECZNA I OTOCZENIE - INFRASTRUKTURA,Dzienne domy pomocy,2024,powiat m. Kraków,1
245,POMOC SPOŁECZNA I OTOCZENIE - INFRASTRUKTURA,Dzienne domy pomocy,2024,powiat m. Nowy Sącz,1
245,POMOC SPOŁECZNA I OTOCZENIE - INFRASTRUKTURA,Dzienne domy pomocy,2024,powiat m. Tarnów,1
245,POMOC SPOŁECZNA I OTOCZENIE - INFRASTRUKTURA,Dzienne domy pomocy,2024,powiat miechowski,2
245,POMOC SPOŁECZNA I OTOCZENIE - INFRASTRUKTURA,Dzienne domy pomocy,2024,powiat myślenicki,1
245,POMOC SPOŁECZNA I OTOCZENIE - INFRASTRUKTURA,Dzienne domy pomocy,2024,powiat nowosądecki,3
245,POMOC SPOŁECZNA I OTOCZENIE - INFRASTRUKTURA,Dzienne domy pomocy,2024,powiat nowotarski,0
245,POMOC SPOŁECZNA I OTOCZENIE - INFRASTRUKTURA,Dzienne domy pomocy,2024,powiat olkuski,3
245,POMOC SPOŁECZNA I OTOCZENIE - INFRASTRUKTURA,Dzienne domy pomocy,2024,powiat oświęcimski,3
245,POMOC SPOŁECZNA I OTOCZENIE - INFRASTRUKTURA,Dzienne domy pomocy,2024,powiat proszowicki,3
245,POMOC SPOŁECZNA I OTOCZENIE - INFRASTRUKTURA,Dzienne domy pomocy,2024,powiat suski,1
245,POMOC SPOŁECZNA I OTOCZENIE - INFRASTRUKTURA,Dzienne domy pomocy,2024,powiat tarnowski,4
245,POMOC SPOŁECZNA I OTOCZENIE - INFRASTRUKTURA,Dzienne domy pomocy,2024,powiat tatrzański,0
245,POMOC SPOŁECZNA I OTOCZENIE - INFRASTRUKTURA,Dzienne domy pomocy,2024,powiat wadowicki,5
245,POMOC SPOŁECZNA I OTOCZENIE - INFRASTRUKTURA,Dzienne domy pomocy,2024,powiat wielicki,2
279,POMOC SPOŁECZNA I OTOCZENIE - INFRASTRUKTURA,Placówki specjalistycznego poradnictwa - jednostki  powiatowe,2024,powiat bocheński,0
279,POMOC SPOŁECZNA I OTOCZENIE - INFRASTRUKTURA,Placówki specjalistycznego poradnictwa - jednostki  powiatowe,2024,powiat brzeski,0
279,POMOC SPOŁECZNA I OTOCZENIE - INFRASTRUKTURA,Placówki specjalistycznego poradnictwa - jednostki  powiatowe,2024,powiat chrzanowski,0
279,POMOC SPOŁECZNA I OTOCZENIE - INFRASTRUKTURA,Placówki specjalistycznego poradnictwa - jednostki  powiatowe,2024,powiat dąbrowski,0
279,POMOC SPOŁECZNA I OTOCZENIE - INFRASTRUKTURA,Placówki specjalistycznego poradnictwa - jednostki  powiatowe,2024,powiat gorlicki,0
279,POMOC SPOŁECZNA I OTOCZENIE - INFRASTRUKTURA,Placówki specjalistycznego poradnictwa - jednostki  powiatowe,2024,powiat krakowski,0
279,POMOC SPOŁECZNA I OTOCZENIE - INFRASTRUKTURA,Placówki specjalistycznego poradnictwa - jednostki  powiatowe,2024,powiat limanowski,0
279,POMOC SPOŁECZNA I OTOCZENIE - INFRASTRUKTURA,Placówki specjalistycznego poradnictwa - jednostki  powiatowe,2024,powiat m. Kraków,2
279,POMOC SPOŁECZNA I OTOCZENIE - INFRASTRUKTURA,Placówki specjalistycznego poradnictwa - jednostki  powiatowe,2024,powiat m. Nowy Sącz,0
279,POMOC SPOŁECZNA I OTOCZENIE - INFRASTRUKTURA,Placówki specjalistycznego poradnictwa - jednostki  powiatowe,2024,powiat m. Tarnów,0
279,POMOC SPOŁECZNA I OTOCZENIE - INFRASTRUKTURA,Placówki specjalistycznego poradnictwa - jednostki  powiatowe,2024,powiat miechowski,0
279,POMOC SPOŁECZNA I OTOCZENIE - INFRASTRUKTURA,Placówki specjalistycznego poradnictwa - jednostki  powiatowe,2024,powiat myślenicki,0
279,POMOC SPOŁECZNA I OTOCZENIE - INFRASTRUKTURA,Placówki specjalistycznego poradnictwa - jednostki  powiatowe,2024,powiat nowosądecki,0
279,POMOC SPOŁECZNA I OTOCZENIE - INFRASTRUKTURA,Placówki specjalistycznego poradnictwa - jednostki  powiatowe,2024,powiat nowotarski,0
279,POMOC SPOŁECZNA I OTOCZENIE - INFRASTRUKTURA,Placówki specjalistycznego poradnictwa - jednostki  powiatowe,2024,powiat olkuski,0
279,POMOC SPOŁECZNA I OTOCZENIE - INFRASTRUKTURA,Placówki specjalistycznego poradnictwa - jednostki  powiatowe,2024,powiat oświęcimski,0
279,POMOC SPOŁECZNA I OTOCZENIE - INFRASTRUKTURA,Placówki specjalistycznego poradnictwa - jednostki  powiatowe,2024,powiat proszowicki,0
279,POMOC SPOŁECZNA I OTOCZENIE - INFRASTRUKTURA,Placówki specjalistycznego poradnictwa - jednostki  powiatowe,2024,powiat suski,1
279,POMOC SPOŁECZNA I OTOCZENIE - INFRASTRUKTURA,Placówki specjalistycznego poradnictwa - jednostki  powiatowe,2024,powiat tarnowski,0
279,POMOC SPOŁECZNA I OTOCZENIE - INFRASTRUKTURA,Placówki specjalistycznego poradnictwa - jednostki  powiatowe,2024,powiat tatrzański,0
279,POMOC SPOŁECZNA I OTOCZENIE - INFRASTRUKTURA,Placówki specjalistycznego poradnictwa - jednostki  powiatowe,2024,powiat wadowicki,1
279,POMOC SPOŁECZNA I OTOCZENIE - INFRASTRUKTURA,Placówki specjalistycznego poradnictwa - jednostki  powiatowe,2024,powiat wielicki,0
255,POMOC SPOŁECZNA I OTOCZENIE - INFRASTRUKTURA,Kluby integracji społecznej,2024,powiat bocheński,2
255,POMOC SPOŁECZNA I OTOCZENIE - INFRASTRUKTURA,Kluby integracji społecznej,2024,powiat brzeski,1
255,POMOC SPOŁECZNA I OTOCZENIE - INFRASTRUKTURA,Kluby integracji społecznej,2024,powiat chrzanowski,3
255,POMOC SPOŁECZNA I OTOCZENIE - INFRASTRUKTURA,Kluby integracji społecznej,2024,powiat dąbrowski,1
255,POMOC SPOŁECZNA I OTOCZENIE - INFRASTRUKTURA,Kluby integracji społecznej,2024,powiat gorlicki,0
255,POMOC SPOŁECZNA I OTOCZENIE - INFRASTRUKTURA,Kluby integracji społecznej,2024,powiat krakowski,1
255,POMOC SPOŁECZNA I OTOCZENIE - INFRASTRUKTURA,Kluby integracji społecznej,2024,powiat limanowski,1
255,POMOC SPOŁECZNA I OTOCZENIE - INFRASTRUKTURA,Kluby integracji społecznej,2024,powiat m. Kraków,2
255,POMOC SPOŁECZNA I OTOCZENIE - INFRASTRUKTURA,Kluby integracji społecznej,2024,powiat m. Nowy Sącz,2
255,POMOC SPOŁECZNA I OTOCZENIE - INFRASTRUKTURA,Kluby integracji społecznej,2024,powiat m. Tarnów,3
255,POMOC SPOŁECZNA I OTOCZENIE - INFRASTRUKTURA,Kluby integracji społecznej,2024,powiat miechowski,1
255,POMOC SPOŁECZNA I OTOCZENIE - INFRASTRUKTURA,Kluby integracji społecznej,2024,powiat myślenicki,1
255,POMOC SPOŁECZNA I OTOCZENIE - INFRASTRUKTURA,Kluby integracji społecznej,2024,powiat nowosądecki,0
255,POMOC SPOŁECZNA I OTOCZENIE - INFRASTRUKTURA,Kluby integracji społecznej,2024,powiat nowotarski,2
255,POMOC SPOŁECZNA I OTOCZENIE - INFRASTRUKTURA,Kluby integracji społecznej,2024,powiat olkuski,2
255,POMOC SPOŁECZNA I OTOCZENIE - INFRASTRUKTURA,Kluby integracji społecznej,2024,powiat oświęcimski,2
255,POMOC SPOŁECZNA I OTOCZENIE - INFRASTRUKTURA,Kluby integracji społecznej,2024,powiat proszowicki,1
255,POMOC SPOŁECZNA I OTOCZENIE - INFRASTRUKTURA,Kluby integracji społecznej,2024,powiat suski,3
255,POMOC SPOŁECZNA I OTOCZENIE - INFRASTRUKTURA,Kluby integracji społecznej,2024,powiat tarnowski,0
255,POMOC SPOŁECZNA I OTOCZENIE - INFRASTRUKTURA,Kluby integracji społecznej,2024,powiat tatrzański,0
255,POMOC SPOŁECZNA I OTOCZENIE - INFRASTRUKTURA,Kluby integracji społecznej,2024,powiat wadowicki,3
255,POMOC SPOŁECZNA I OTOCZENIE - INFRASTRUKTURA,Kluby integracji społecznej,2024,powiat wielicki,0
250,POMOC SPOŁECZNA I OTOCZENIE - INFRASTRUKTURA,Mieszkania treningowe oraz wspomagane,2024,powiat bocheński,3
250,POMOC SPOŁECZNA I OTOCZENIE - INFRASTRUKTURA,Mieszkania treningowe oraz wspomagane,2024,powiat brzeski,1
250,POMOC SPOŁECZNA I OTOCZENIE - INFRASTRUKTURA,Mieszkania treningowe oraz wspomagane,2024,powiat chrzanowski,5
250,POMOC SPOŁECZNA I OTOCZENIE - INFRASTRUKTURA,Mieszkania treningowe oraz wspomagane,2024,powiat dąbrowski,3
250,POMOC SPOŁECZNA I OTOCZENIE - INFRASTRUKTURA,Mieszkania treningowe oraz wspomagane,2024,powiat gorlicki,9
250,POMOC SPOŁECZNA I OTOCZENIE - INFRASTRUKTURA,Mieszkania treningowe oraz wspomagane,2024,powiat krakowski,5
250,POMOC SPOŁECZNA I OTOCZENIE - INFRASTRUKTURA,Mieszkania treningowe oraz wspomagane,2024,powiat limanowski,5
250,POMOC SPOŁECZNA I OTOCZENIE - INFRASTRUKTURA,Mieszkania treningowe oraz wspomagane,2024,powiat m. Kraków,32
250,POMOC SPOŁECZNA I OTOCZENIE - INFRASTRUKTURA,Mieszkania treningowe oraz wspomagane,2024,powiat m. Nowy Sącz,4
250,POMOC SPOŁECZNA I OTOCZENIE - INFRASTRUKTURA,Mieszkania treningowe oraz wspomagane,2024,powiat m. Tarnów,18
250,POMOC SPOŁECZNA I OTOCZENIE - INFRASTRUKTURA,Mieszkania treningowe oraz wspomagane,2024,powiat miechowski,1
250,POMOC SPOŁECZNA I OTOCZENIE - INFRASTRUKTURA,Mieszkania treningowe oraz wspomagane,2024,powiat myślenicki,5
250,POMOC SPOŁECZNA I OTOCZENIE - INFRASTRUKTURA,Mieszkania treningowe oraz wspomagane,2024,powiat nowosądecki,8
250,POMOC SPOŁECZNA I OTOCZENIE - INFRASTRUKTURA,Mieszkania treningowe oraz wspomagane,2024,powiat nowotarski,3
250,POMOC SPOŁECZNA I OTOCZENIE - INFRASTRUKTURA,Mieszkania treningowe oraz wspomagane,2024,powiat olkuski,7
250,POMOC SPOŁECZNA I OTOCZENIE - INFRASTRUKTURA,Mieszkania treningowe oraz wspomagane,2024,powiat oświęcimski,6
250,POMOC SPOŁECZNA I OTOCZENIE - INFRASTRUKTURA,Mieszkania treningowe oraz wspomagane,2024,powiat proszowicki,3
250,POMOC SPOŁECZNA I OTOCZENIE - INFRASTRUKTURA,Mieszkania treningowe oraz wspomagane,2024,powiat suski,6
250,POMOC SPOŁECZNA I OTOCZENIE - INFRASTRUKTURA,Mieszkania treningowe oraz wspomagane,2024,powiat tarnowski,9
250,POMOC SPOŁECZNA I OTOCZENIE - INFRASTRUKTURA,Mieszkania treningowe oraz wspomagane,2024,powiat tatrzański,0
250,POMOC SPOŁECZNA I OTOCZENIE - INFRASTRUKTURA,Mieszkania treningowe oraz wspomagane,2024,powiat wadowicki,7
250,POMOC SPOŁECZNA I OTOCZENIE - INFRASTRUKTURA,Mieszkania treningowe oraz wspomagane,2024,powiat wielicki,3
247,POMOC SPOŁECZNA I OTOCZENIE - INFRASTRUKTURA,"Noclegownie, schroniska i domy dla osób bezdomnych",2024,powiat bocheński,0
247,POMOC SPOŁECZNA I OTOCZENIE - INFRASTRUKTURA,"Noclegownie, schroniska i domy dla osób bezdomnych",2024,powiat brzeski,1
247,POMOC SPOŁECZNA I OTOCZENIE - INFRASTRUKTURA,"Noclegownie, schroniska i domy dla osób bezdomnych",2024,powiat chrzanowski,1
247,POMOC SPOŁECZNA I OTOCZENIE - INFRASTRUKTURA,"Noclegownie, schroniska i domy dla osób bezdomnych",2024,powiat dąbrowski,0
247,POMOC SPOŁECZNA I OTOCZENIE - INFRASTRUKTURA,"Noclegownie, schroniska i domy dla osób bezdomnych",2024,powiat gorlicki,1
247,POMOC SPOŁECZNA I OTOCZENIE - INFRASTRUKTURA,"Noclegownie, schroniska i domy dla osób bezdomnych",2024,powiat krakowski,0
247,POMOC SPOŁECZNA I OTOCZENIE - INFRASTRUKTURA,"Noclegownie, schroniska i domy dla osób bezdomnych",2024,powiat limanowski,0
247,POMOC SPOŁECZNA I OTOCZENIE - INFRASTRUKTURA,"Noclegownie, schroniska i domy dla osób bezdomnych",2024,powiat m. Kraków,8
247,POMOC SPOŁECZNA I OTOCZENIE - INFRASTRUKTURA,"Noclegownie, schroniska i domy dla osób bezdomnych",2024,powiat m. Nowy Sącz,1
247,POMOC SPOŁECZNA I OTOCZENIE - INFRASTRUKTURA,"Noclegownie, schroniska i domy dla osób bezdomnych",2024,powiat m. Tarnów,2
247,POMOC SPOŁECZNA I OTOCZENIE - INFRASTRUKTURA,"Noclegownie, schroniska i domy dla osób bezdomnych",2024,powiat miechowski,1
247,POMOC SPOŁECZNA I OTOCZENIE - INFRASTRUKTURA,"Noclegownie, schroniska i domy dla osób bezdomnych",2024,powiat myślenicki,0
247,POMOC SPOŁECZNA I OTOCZENIE - INFRASTRUKTURA,"Noclegownie, schroniska i domy dla osób bezdomnych",2024,powiat nowosądecki,0
247,POMOC SPOŁECZNA I OTOCZENIE - INFRASTRUKTURA,"Noclegownie, schroniska i domy dla osób bezdomnych",2024,powiat nowotarski,1
247,POMOC SPOŁECZNA I OTOCZENIE - INFRASTRUKTURA,"Noclegownie, schroniska i domy dla osób bezdomnych",2024,powiat olkuski,2
247,POMOC SPOŁECZNA I OTOCZENIE - INFRASTRUKTURA,"Noclegownie, schroniska i domy dla osób bezdomnych",2024,powiat oświęcimski,4
247,POMOC SPOŁECZNA I OTOCZENIE - INFRASTRUKTURA,"Noclegownie, schroniska i domy dla osób bezdomnych",2024,powiat proszowicki,0
247,POMOC SPOŁECZNA I OTOCZENIE - INFRASTRUKTURA,"Noclegownie, schroniska i domy dla osób bezdomnych",2024,powiat suski,0
247,POMOC SPOŁECZNA I OTOCZENIE - INFRASTRUKTURA,"Noclegownie, schroniska i domy dla osób bezdomnych",2024,powiat tarnowski,0
247,POMOC SPOŁECZNA I OTOCZENIE - INFRASTRUKTURA,"Noclegownie, schroniska i domy dla osób bezdomnych",2024,powiat tatrzański,1
247,POMOC SPOŁECZNA I OTOCZENIE - INFRASTRUKTURA,"Noclegownie, schroniska i domy dla osób bezdomnych",2024,powiat wadowicki,2
247,POMOC SPOŁECZNA I OTOCZENIE - INFRASTRUKTURA,"Noclegownie, schroniska i domy dla osób bezdomnych",2024,powiat wielicki,0
243,POMOC SPOŁECZNA I OTOCZENIE - INFRASTRUKTURA,Ośrodki interwencji kryzysowej,2024,powiat bocheński,1
243,POMOC SPOŁECZNA I OTOCZENIE - INFRASTRUKTURA,Ośrodki interwencji kryzysowej,2024,powiat brzeski,1
243,POMOC SPOŁECZNA I OTOCZENIE - INFRASTRUKTURA,Ośrodki interwencji kryzysowej,2024,powiat chrzanowski,1
243,POMOC SPOŁECZNA I OTOCZENIE - INFRASTRUKTURA,Ośrodki interwencji kryzysowej,2024,powiat dąbrowski,0
243,POMOC SPOŁECZNA I OTOCZENIE - INFRASTRUKTURA,Ośrodki interwencji kryzysowej,2024,powiat gorlicki,1
243,POMOC SPOŁECZNA I OTOCZENIE - INFRASTRUKTURA,Ośrodki interwencji kryzysowej,2024,powiat krakowski,0
243,POMOC SPOŁECZNA I OTOCZENIE - INFRASTRUKTURA,Ośrodki interwencji kryzysowej,2024,powiat limanowski,1
243,POMOC SPOŁECZNA I OTOCZENIE - INFRASTRUKTURA,Ośrodki interwencji kryzysowej,2024,powiat m. Kraków,1
243,POMOC SPOŁECZNA I OTOCZENIE - INFRASTRUKTURA,Ośrodki interwencji kryzysowej,2024,powiat m. Nowy Sącz,1
243,POMOC SPOŁECZNA I OTOCZENIE - INFRASTRUKTURA,Ośrodki interwencji kryzysowej,2024,powiat m. Tarnów,1
243,POMOC SPOŁECZNA I OTOCZENIE - INFRASTRUKTURA,Ośrodki interwencji kryzysowej,2024,powiat miechowski,0
243,POMOC SPOŁECZNA I OTOCZENIE - INFRASTRUKTURA,Ośrodki interwencji kryzysowej,2024,powiat myślenicki,1
243,POMOC SPOŁECZNA I OTOCZENIE - INFRASTRUKTURA,Ośrodki interwencji kryzysowej,2024,powiat nowosądecki,0
243,POMOC SPOŁECZNA I OTOCZENIE - INFRASTRUKTURA,Ośrodki interwencji kryzysowej,2024,powiat nowotarski,0
243,POMOC SPOŁECZNA I OTOCZENIE - INFRASTRUKTURA,Ośrodki interwencji kryzysowej,2024,powiat olkuski,0
243,POMOC SPOŁECZNA I OTOCZENIE - INFRASTRUKTURA,Ośrodki interwencji kryzysowej,2024,powiat oświęcimski,1
243,POMOC SPOŁECZNA I OTOCZENIE - INFRASTRUKTURA,Ośrodki interwencji kryzysowej,2024,powiat proszowicki,1
243,POMOC SPOŁECZNA I OTOCZENIE - INFRASTRUKTURA,Ośrodki interwencji kryzysowej,2024,powiat suski,0
243,POMOC SPOŁECZNA I OTOCZENIE - INFRASTRUKTURA,Ośrodki interwencji kryzysowej,2024,powiat tarnowski,1
243,POMOC SPOŁECZNA I OTOCZENIE - INFRASTRUKTURA,Ośrodki interwencji kryzysowej,2024,powiat tatrzański,1
243,POMOC SPOŁECZNA I OTOCZENIE - INFRASTRUKTURA,Ośrodki interwencji kryzysowej,2024,powiat wadowicki,1
243,POMOC SPOŁECZNA I OTOCZENIE - INFRASTRUKTURA,Ośrodki interwencji kryzysowej,2024,powiat wielicki,1
248,POMOC SPOŁECZNA I OTOCZENIE - INFRASTRUKTURA,Placówki opiekuńczo-wychowawcze,2024,powiat bocheński,2
248,POMOC SPOŁECZNA I OTOCZENIE - INFRASTRUKTURA,Placówki opiekuńczo-wychowawcze,2024,powiat brzeski,2
248,POMOC SPOŁECZNA I OTOCZENIE - INFRASTRUKTURA,Placówki opiekuńczo-wychowawcze,2024,powiat chrzanowski,3
248,POMOC SPOŁECZNA I OTOCZENIE - INFRASTRUKTURA,Placówki opiekuńczo-wychowawcze,2024,powiat dąbrowski,2
248,POMOC SPOŁECZNA I OTOCZENIE - INFRASTRUKTURA,Placówki opiekuńczo-wychowawcze,2024,powiat gorlicki,3
248,POMOC SPOŁECZNA I OTOCZENIE - INFRASTRUKTURA,Placówki opiekuńczo-wychowawcze,2024,powiat krakowski,5
248,POMOC SPOŁECZNA I OTOCZENIE - INFRASTRUKTURA,Placówki opiekuńczo-wychowawcze,2024,powiat limanowski,0
248,POMOC SPOŁECZNA I OTOCZENIE - INFRASTRUKTURA,Placówki opiekuńczo-wychowawcze,2024,powiat m. Kraków,39
248,POMOC SPOŁECZNA I OTOCZENIE - INFRASTRUKTURA,Placówki opiekuńczo-wychowawcze,2024,powiat m. Nowy Sącz,6
248,POMOC SPOŁECZNA I OTOCZENIE - INFRASTRUKTURA,Placówki opiekuńczo-wychowawcze,2024,powiat m. Tarnów,5
248,POMOC SPOŁECZNA I OTOCZENIE - INFRASTRUKTURA,Placówki opiekuńczo-wychowawcze,2024,powiat miechowski,3
248,POMOC SPOŁECZNA I OTOCZENIE - INFRASTRUKTURA,Placówki opiekuńczo-wychowawcze,2024,powiat myślenicki,2
248,POMOC SPOŁECZNA I OTOCZENIE - INFRASTRUKTURA,Placówki opiekuńczo-wychowawcze,2024,powiat nowosądecki,3
248,POMOC SPOŁECZNA I OTOCZENIE - INFRASTRUKTURA,Placówki opiekuńczo-wychowawcze,2024,powiat nowotarski,4
248,POMOC SPOŁECZNA I OTOCZENIE - INFRASTRUKTURA,Placówki opiekuńczo-wychowawcze,2024,powiat olkuski,2
248,POMOC SPOŁECZNA I OTOCZENIE - INFRASTRUKTURA,Placówki opiekuńczo-wychowawcze,2024,powiat oświęcimski,8
248,POMOC SPOŁECZNA I OTOCZENIE - INFRASTRUKTURA,Placówki opiekuńczo-wychowawcze,2024,powiat proszowicki,0
248,POMOC SPOŁECZNA I OTOCZENIE - INFRASTRUKTURA,Placówki opiekuńczo-wychowawcze,2024,powiat suski,1
248,POMOC SPOŁECZNA I OTOCZENIE - INFRASTRUKTURA,Placówki opiekuńczo-wychowawcze,2024,powiat tarnowski,2
248,POMOC SPOŁECZNA I OTOCZENIE - INFRASTRUKTURA,Placówki opiekuńczo-wychowawcze,2024,powiat tatrzański,2
248,POMOC SPOŁECZNA I OTOCZENIE - INFRASTRUKTURA,Placówki opiekuńczo-wychowawcze,2024,powiat wadowicki,2
248,POMOC SPOŁECZNA I OTOCZENIE - INFRASTRUKTURA,Placówki opiekuńczo-wychowawcze,2024,powiat wielicki,1
249,POMOC SPOŁECZNA I OTOCZENIE - INFRASTRUKTURA,Placówki wsparcia dziennego,2024,powiat bocheński,8
249,POMOC SPOŁECZNA I OTOCZENIE - INFRASTRUKTURA,Placówki wsparcia dziennego,2024,powiat brzeski,5
249,POMOC SPOŁECZNA I OTOCZENIE - INFRASTRUKTURA,Placówki wsparcia dziennego,2024,powiat chrzanowski,9
249,POMOC SPOŁECZNA I OTOCZENIE - INFRASTRUKTURA,Placówki wsparcia dziennego,2024,powiat dąbrowski,5
249,POMOC SPOŁECZNA I OTOCZENIE - INFRASTRUKTURA,Placówki wsparcia dziennego,2024,powiat gorlicki,27
249,POMOC SPOŁECZNA I OTOCZENIE - INFRASTRUKTURA,Placówki wsparcia dziennego,2024,powiat krakowski,7
249,POMOC SPOŁECZNA I OTOCZENIE - INFRASTRUKTURA,Placówki wsparcia dziennego,2024,powiat limanowski,10
249,POMOC SPOŁECZNA I OTOCZENIE - INFRASTRUKTURA,Placówki wsparcia dziennego,2024,powiat m. Kraków,26
249,POMOC SPOŁECZNA I OTOCZENIE - INFRASTRUKTURA,Placówki wsparcia dziennego,2024,powiat m. Nowy Sącz,14
249,POMOC SPOŁECZNA I OTOCZENIE - INFRASTRUKTURA,Placówki wsparcia dziennego,2024,powiat m. Tarnów,3
249,POMOC SPOŁECZNA I OTOCZENIE - INFRASTRUKTURA,Placówki wsparcia dziennego,2024,powiat miechowski,5
249,POMOC SPOŁECZNA I OTOCZENIE - INFRASTRUKTURA,Placówki wsparcia dziennego,2024,powiat myślenicki,8
249,POMOC SPOŁECZNA I OTOCZENIE - INFRASTRUKTURA,Placówki wsparcia dziennego,2024,powiat nowosądecki,18
249,POMOC SPOŁECZNA I OTOCZENIE - INFRASTRUKTURA,Placówki wsparcia dziennego,2024,powiat nowotarski,8
249,POMOC SPOŁECZNA I OTOCZENIE - INFRASTRUKTURA,Placówki wsparcia dziennego,2024,powiat olkuski,4
249,POMOC SPOŁECZNA I OTOCZENIE - INFRASTRUKTURA,Placówki wsparcia dziennego,2024,powiat oświęcimski,5
249,POMOC SPOŁECZNA I OTOCZENIE - INFRASTRUKTURA,Placówki wsparcia dziennego,2024,powiat proszowicki,3
249,POMOC SPOŁECZNA I OTOCZENIE - INFRASTRUKTURA,Placówki wsparcia dziennego,2024,powiat suski,10
249,POMOC SPOŁECZNA I OTOCZENIE - INFRASTRUKTURA,Placówki wsparcia dziennego,2024,powiat tarnowski,18
249,POMOC SPOŁECZNA I OTOCZENIE - INFRASTRUKTURA,Placówki wsparcia dziennego,2024,powiat tatrzański,1
249,POMOC SPOŁECZNA I OTOCZENIE - INFRASTRUKTURA,Placówki wsparcia dziennego,2024,powiat wadowicki,15
249,POMOC SPOŁECZNA I OTOCZENIE - INFRASTRUKTURA,Placówki wsparcia dziennego,2024,powiat wielicki,9
242,POMOC SPOŁECZNA I OTOCZENIE - INFRASTRUKTURA,"Placówki zapewniające całodobową opiekę osobom niepełnosprawnym, przewlekle chorym lub osobom w podeszłym wieku",2024,powiat bocheński,1
242,POMOC SPOŁECZNA I OTOCZENIE - INFRASTRUKTURA,"Placówki zapewniające całodobową opiekę osobom niepełnosprawnym, przewlekle chorym lub osobom w podeszłym wieku",2024,powiat brzeski,4
242,POMOC SPOŁECZNA I OTOCZENIE - INFRASTRUKTURA,"Placówki zapewniające całodobową opiekę osobom niepełnosprawnym, przewlekle chorym lub osobom w podeszłym wieku",2024,powiat chrzanowski,5
242,POMOC SPOŁECZNA I OTOCZENIE - INFRASTRUKTURA,"Placówki zapewniające całodobową opiekę osobom niepełnosprawnym, przewlekle chorym lub osobom w podeszłym wieku",2024,powiat dąbrowski,0
242,POMOC SPOŁECZNA I OTOCZENIE - INFRASTRUKTURA,"Placówki zapewniające całodobową opiekę osobom niepełnosprawnym, przewlekle chorym lub osobom w podeszłym wieku",2024,powiat gorlicki,0
242,POMOC SPOŁECZNA I OTOCZENIE - INFRASTRUKTURA,"Placówki zapewniające całodobową opiekę osobom niepełnosprawnym, przewlekle chorym lub osobom w podeszłym wieku",2024,powiat krakowski,3
242,POMOC SPOŁECZNA I OTOCZENIE - INFRASTRUKTURA,"Placówki zapewniające całodobową opiekę osobom niepełnosprawnym, przewlekle chorym lub osobom w podeszłym wieku",2024,powiat limanowski,2
242,POMOC SPOŁECZNA I OTOCZENIE - INFRASTRUKTURA,"Placówki zapewniające całodobową opiekę osobom niepełnosprawnym, przewlekle chorym lub osobom w podeszłym wieku",2024,powiat m. Kraków,7
242,POMOC SPOŁECZNA I OTOCZENIE - INFRASTRUKTURA,"Placówki zapewniające całodobową opiekę osobom niepełnosprawnym, przewlekle chorym lub osobom w podeszłym wieku",2024,powiat m. Nowy Sącz,0
242,POMOC SPOŁECZNA I OTOCZENIE - INFRASTRUKTURA,"Placówki zapewniające całodobową opiekę osobom niepełnosprawnym, przewlekle chorym lub osobom w podeszłym wieku",2024,powiat m. Tarnów,1
242,POMOC SPOŁECZNA I OTOCZENIE - INFRASTRUKTURA,"Placówki zapewniające całodobową opiekę osobom niepełnosprawnym, przewlekle chorym lub osobom w podeszłym wieku",2024,powiat miechowski,0
242,POMOC SPOŁECZNA I OTOCZENIE - INFRASTRUKTURA,"Placówki zapewniające całodobową opiekę osobom niepełnosprawnym, przewlekle chorym lub osobom w podeszłym wieku",2024,powiat myślenicki,6
242,POMOC SPOŁECZNA I OTOCZENIE - INFRASTRUKTURA,"Placówki zapewniające całodobową opiekę osobom niepełnosprawnym, przewlekle chorym lub osobom w podeszłym wieku",2024,powiat nowosądecki,2
242,POMOC SPOŁECZNA I OTOCZENIE - INFRASTRUKTURA,"Placówki zapewniające całodobową opiekę osobom niepełnosprawnym, przewlekle chorym lub osobom w podeszłym wieku",2024,powiat nowotarski,5
242,POMOC SPOŁECZNA I OTOCZENIE - INFRASTRUKTURA,"Placówki zapewniające całodobową opiekę osobom niepełnosprawnym, przewlekle chorym lub osobom w podeszłym wieku",2024,powiat olkuski,5
242,POMOC SPOŁECZNA I OTOCZENIE - INFRASTRUKTURA,"Placówki zapewniające całodobową opiekę osobom niepełnosprawnym, przewlekle chorym lub osobom w podeszłym wieku",2024,powiat oświęcimski,1
242,POMOC SPOŁECZNA I OTOCZENIE - INFRASTRUKTURA,"Placówki zapewniające całodobową opiekę osobom niepełnosprawnym, przewlekle chorym lub osobom w podeszłym wieku",2024,powiat proszowicki,0
242,POMOC SPOŁECZNA I OTOCZENIE - INFRASTRUKTURA,"Placówki zapewniające całodobową opiekę osobom niepełnosprawnym, przewlekle chorym lub osobom w podeszłym wieku",2024,powiat suski,1
242,POMOC SPOŁECZNA I OTOCZENIE - INFRASTRUKTURA,"Placówki zapewniające całodobową opiekę osobom niepełnosprawnym, przewlekle chorym lub osobom w podeszłym wieku",2024,powiat tarnowski,8
242,POMOC SPOŁECZNA I OTOCZENIE - INFRASTRUKTURA,"Placówki zapewniające całodobową opiekę osobom niepełnosprawnym, przewlekle chorym lub osobom w podeszłym wieku",2024,powiat tatrzański,1
242,POMOC SPOŁECZNA I OTOCZENIE - INFRASTRUKTURA,"Placówki zapewniające całodobową opiekę osobom niepełnosprawnym, przewlekle chorym lub osobom w podeszłym wieku",2024,powiat wadowicki,2
242,POMOC SPOŁECZNA I OTOCZENIE - INFRASTRUKTURA,"Placówki zapewniające całodobową opiekę osobom niepełnosprawnym, przewlekle chorym lub osobom w podeszłym wieku",2024,powiat wielicki,4
256,POMOC SPOŁECZNA I OTOCZENIE - INFRASTRUKTURA,Spółdzielnie socjalne,2020,powiat bocheński,3
256,POMOC SPOŁECZNA I OTOCZENIE - INFRASTRUKTURA,Spółdzielnie socjalne,2020,powiat brzeski,2
256,POMOC SPOŁECZNA I OTOCZENIE - INFRASTRUKTURA,Spółdzielnie socjalne,2020,powiat chrzanowski,3
256,POMOC SPOŁECZNA I OTOCZENIE - INFRASTRUKTURA,Spółdzielnie socjalne,2020,powiat dąbrowski,1
256,POMOC SPOŁECZNA I OTOCZENIE - INFRASTRUKTURA,Spółdzielnie socjalne,2020,powiat gorlicki,2
256,POMOC SPOŁECZNA I OTOCZENIE - INFRASTRUKTURA,Spółdzielnie socjalne,2020,powiat krakowski,5
256,POMOC SPOŁECZNA I OTOCZENIE - INFRASTRUKTURA,Spółdzielnie socjalne,2020,powiat limanowski,2
256,POMOC SPOŁECZNA I OTOCZENIE - INFRASTRUKTURA,Spółdzielnie socjalne,2020,powiat m. Kraków,12
256,POMOC SPOŁECZNA I OTOCZENIE - INFRASTRUKTURA,Spółdzielnie socjalne,2020,powiat m. Nowy Sącz,1
256,POMOC SPOŁECZNA I OTOCZENIE - INFRASTRUKTURA,Spółdzielnie socjalne,2020,powiat m. Tarnów,2
256,POMOC SPOŁECZNA I OTOCZENIE - INFRASTRUKTURA,Spółdzielnie socjalne,2020,powiat miechowski,1
256,POMOC SPOŁECZNA I OTOCZENIE - INFRASTRUKTURA,Spółdzielnie socjalne,2020,powiat myślenicki,2
256,POMOC SPOŁECZNA I OTOCZENIE - INFRASTRUKTURA,Spółdzielnie socjalne,2020,powiat nowosądecki,2
256,POMOC SPOŁECZNA I OTOCZENIE - INFRASTRUKTURA,Spółdzielnie socjalne,2020,powiat nowotarski,3
256,POMOC SPOŁECZNA I OTOCZENIE - INFRASTRUKTURA,Spółdzielnie socjalne,2020,powiat olkuski,3
256,POMOC SPOŁECZNA I OTOCZENIE - INFRASTRUKTURA,Spółdzielnie socjalne,2020,powiat oświęcimski,4
256,POMOC SPOŁECZNA I OTOCZENIE - INFRASTRUKTURA,Spółdzielnie socjalne,2020,powiat proszowicki,1
256,POMOC SPOŁECZNA I OTOCZENIE - INFRASTRUKTURA,Spółdzielnie socjalne,2020,powiat suski,2
256,POMOC SPOŁECZNA I OTOCZENIE - INFRASTRUKTURA,Spółdzielnie socjalne,2020,powiat tarnowski,0
256,POMOC SPOŁECZNA I OTOCZENIE - INFRASTRUKTURA,Spółdzielnie socjalne,2020,powiat tatrzański,1
256,POMOC SPOŁECZNA I OTOCZENIE - INFRASTRUKTURA,Spółdzielnie socjalne,2020,powiat wadowicki,2
256,POMOC SPOŁECZNA I OTOCZENIE - INFRASTRUKTURA,Spółdzielnie socjalne,2020,powiat wielicki,4
244,POMOC SPOŁECZNA I OTOCZENIE - INFRASTRUKTURA,Środowiskowe domy samopomocy,2024,powiat bocheński,5
244,POMOC SPOŁECZNA I OTOCZENIE - INFRASTRUKTURA,Środowiskowe domy samopomocy,2024,powiat brzeski,1
244,POMOC SPOŁECZNA I OTOCZENIE - INFRASTRUKTURA,Środowiskowe domy samopomocy,2024,powiat chrzanowski,2
244,POMOC SPOŁECZNA I OTOCZENIE - INFRASTRUKTURA,Środowiskowe domy samopomocy,2024,powiat dąbrowski,2
244,POMOC SPOŁECZNA I OTOCZENIE - INFRASTRUKTURA,Środowiskowe domy samopomocy,2024,powiat gorlicki,3
244,POMOC SPOŁECZNA I OTOCZENIE - INFRASTRUKTURA,Środowiskowe domy samopomocy,2024,powiat krakowski,8
244,POMOC SPOŁECZNA I OTOCZENIE - INFRASTRUKTURA,Środowiskowe domy samopomocy,2024,powiat limanowski,3
244,POMOC SPOŁECZNA I OTOCZENIE - INFRASTRUKTURA,Środowiskowe domy samopomocy,2024,powiat m. Kraków,11
244,POMOC SPOŁECZNA I OTOCZENIE - INFRASTRUKTURA,Środowiskowe domy samopomocy,2024,powiat m. Nowy Sącz,1
244,POMOC SPOŁECZNA I OTOCZENIE - INFRASTRUKTURA,Środowiskowe domy samopomocy,2024,powiat m. Tarnów,2
244,POMOC SPOŁECZNA I OTOCZENIE - INFRASTRUKTURA,Środowiskowe domy samopomocy,2024,powiat miechowski,4
244,POMOC SPOŁECZNA I OTOCZENIE - INFRASTRUKTURA,Środowiskowe domy samopomocy,2024,powiat myślenicki,4
244,POMOC SPOŁECZNA I OTOCZENIE - INFRASTRUKTURA,Środowiskowe domy samopomocy,2024,powiat nowosądecki,4
244,POMOC SPOŁECZNA I OTOCZENIE - INFRASTRUKTURA,Środowiskowe domy samopomocy,2024,powiat nowotarski,5
244,POMOC SPOŁECZNA I OTOCZENIE - INFRASTRUKTURA,Środowiskowe domy samopomocy,2024,powiat olkuski,4
244,POMOC SPOŁECZNA I OTOCZENIE - INFRASTRUKTURA,Środowiskowe domy samopomocy,2024,powiat oświęcimski,4
244,POMOC SPOŁECZNA I OTOCZENIE - INFRASTRUKTURA,Środowiskowe domy samopomocy,2024,powiat proszowicki,4
244,POMOC SPOŁECZNA I OTOCZENIE - INFRASTRUKTURA,Środowiskowe domy samopomocy,2024,powiat suski,1
244,POMOC SPOŁECZNA I OTOCZENIE - INFRASTRUKTURA,Środowiskowe domy samopomocy,2024,powiat tarnowski,7
244,POMOC SPOŁECZNA I OTOCZENIE - INFRASTRUKTURA,Środowiskowe domy samopomocy,2024,powiat tatrzański,0
244,POMOC SPOŁECZNA I OTOCZENIE - INFRASTRUKTURA,Środowiskowe domy samopomocy,2024,powiat wadowicki,3
244,POMOC SPOŁECZNA I OTOCZENIE - INFRASTRUKTURA,Środowiskowe domy samopomocy,2024,powiat wielicki,6
253,POMOC SPOŁECZNA I OTOCZENIE - INFRASTRUKTURA,Uniwersytety trzeciego wieku,2021,powiat bocheński,2
253,POMOC SPOŁECZNA I OTOCZENIE - INFRASTRUKTURA,Uniwersytety trzeciego wieku,2021,powiat brzeski,2
253,POMOC SPOŁECZNA I OTOCZENIE - INFRASTRUKTURA,Uniwersytety trzeciego wieku,2021,powiat chrzanowski,3
253,POMOC SPOŁECZNA I OTOCZENIE - INFRASTRUKTURA,Uniwersytety trzeciego wieku,2021,powiat dąbrowski,1
253,POMOC SPOŁECZNA I OTOCZENIE - INFRASTRUKTURA,Uniwersytety trzeciego wieku,2021,powiat gorlicki,2
253,POMOC SPOŁECZNA I OTOCZENIE - INFRASTRUKTURA,Uniwersytety trzeciego wieku,2021,powiat krakowski,5
253,POMOC SPOŁECZNA I OTOCZENIE - INFRASTRUKTURA,Uniwersytety trzeciego wieku,2021,powiat limanowski,2
253,POMOC SPOŁECZNA I OTOCZENIE - INFRASTRUKTURA,Uniwersytety trzeciego wieku,2021,powiat m. Kraków,10
253,POMOC SPOŁECZNA I OTOCZENIE - INFRASTRUKTURA,Uniwersytety trzeciego wieku,2021,powiat m. Nowy Sącz,1
253,POMOC SPOŁECZNA I OTOCZENIE - INFRASTRUKTURA,Uniwersytety trzeciego wieku,2021,powiat m. Tarnów,2
253,POMOC SPOŁECZNA I OTOCZENIE - INFRASTRUKTURA,Uniwersytety trzeciego wieku,2021,powiat miechowski,1
253,POMOC SPOŁECZNA I OTOCZENIE - INFRASTRUKTURA,Uniwersytety trzeciego wieku,2021,powiat myślenicki,2
253,POMOC SPOŁECZNA I OTOCZENIE - INFRASTRUKTURA,Uniwersytety trzeciego wieku,2021,powiat nowosądecki,2
253,POMOC SPOŁECZNA I OTOCZENIE - INFRASTRUKTURA,Uniwersytety trzeciego wieku,2021,powiat nowotarski,3
253,POMOC SPOŁECZNA I OTOCZENIE - INFRASTRUKTURA,Uniwersytety trzeciego wieku,2021,powiat olkuski,3
253,POMOC SPOŁECZNA I OTOCZENIE - INFRASTRUKTURA,Uniwersytety trzeciego wieku,2021,powiat oświęcimski,4
253,POMOC SPOŁECZNA I OTOCZENIE - INFRASTRUKTURA,Uniwersytety trzeciego wieku,2021,powiat proszowicki,1
253,POMOC SPOŁECZNA I OTOCZENIE - INFRASTRUKTURA,Uniwersytety trzeciego wieku,2021,powiat suski,2
253,POMOC SPOŁECZNA I OTOCZENIE - INFRASTRUKTURA,Uniwersytety trzeciego wieku,2021,powiat tarnowski,0
253,POMOC SPOŁECZNA I OTOCZENIE - INFRASTRUKTURA,Uniwersytety trzeciego wieku,2021,powiat tatrzański,1
253,POMOC SPOŁECZNA I OTOCZENIE - INFRASTRUKTURA,Uniwersytety trzeciego wieku,2021,powiat wadowicki,2
253,POMOC SPOŁECZNA I OTOCZENIE - INFRASTRUKTURA,Uniwersytety trzeciego wieku,2021,powiat wielicki,4
252,POMOC SPOŁECZNA I OTOCZENIE - INFRASTRUKTURA,Zakłady aktywności zawodowej,2024,powiat bocheński,0
252,POMOC SPOŁECZNA I OTOCZENIE - INFRASTRUKTURA,Zakłady aktywności zawodowej,2024,powiat brzeski,1
252,POMOC SPOŁECZNA I OTOCZENIE - INFRASTRUKTURA,Zakłady aktywności zawodowej,2024,powiat chrzanowski,0
252,POMOC SPOŁECZNA I OTOCZENIE - INFRASTRUKTURA,Zakłady aktywności zawodowej,2024,powiat dąbrowski,0
252,POMOC SPOŁECZNA I OTOCZENIE - INFRASTRUKTURA,Zakłady aktywności zawodowej,2024,powiat gorlicki,1
252,POMOC SPOŁECZNA I OTOCZENIE - INFRASTRUKTURA,Zakłady aktywności zawodowej,2024,powiat krakowski,1
252,POMOC SPOŁECZNA I OTOCZENIE - INFRASTRUKTURA,Zakłady aktywności zawodowej,2024,powiat limanowski,1
252,POMOC SPOŁECZNA I OTOCZENIE - INFRASTRUKTURA,Zakłady aktywności zawodowej,2024,powiat m. Kraków,2
252,POMOC SPOŁECZNA I OTOCZENIE - INFRASTRUKTURA,Zakłady aktywności zawodowej,2024,powiat m. Nowy Sącz,0
252,POMOC SPOŁECZNA I OTOCZENIE - INFRASTRUKTURA,Zakłady aktywności zawodowej,2024,powiat m. Tarnów,1
252,POMOC SPOŁECZNA I OTOCZENIE - INFRASTRUKTURA,Zakłady aktywności zawodowej,2024,powiat miechowski,1
252,POMOC SPOŁECZNA I OTOCZENIE - INFRASTRUKTURA,Zakłady aktywności zawodowej,2024,powiat myślenicki,0
252,POMOC SPOŁECZNA I OTOCZENIE - INFRASTRUKTURA,Zakłady aktywności zawodowej,2024,powiat nowosądecki,2
252,POMOC SPOŁECZNA I OTOCZENIE - INFRASTRUKTURA,Zakłady aktywności zawodowej,2024,powiat nowotarski,1
252,POMOC SPOŁECZNA I OTOCZENIE - INFRASTRUKTURA,Zakłady aktywności zawodowej,2024,powiat olkuski,1
252,POMOC SPOŁECZNA I OTOCZENIE - INFRASTRUKTURA,Zakłady aktywności zawodowej,2024,powiat oświęcimski,0
252,POMOC SPOŁECZNA I OTOCZENIE - INFRASTRUKTURA,Zakłady aktywności zawodowej,2024,powiat proszowicki,0
252,POMOC SPOŁECZNA I OTOCZENIE - INFRASTRUKTURA,Zakłady aktywności zawodowej,2024,powiat suski,1
252,POMOC SPOŁECZNA I OTOCZENIE - INFRASTRUKTURA,Zakłady aktywności zawodowej,2024,powiat tarnowski,2
252,POMOC SPOŁECZNA I OTOCZENIE - INFRASTRUKTURA,Zakłady aktywności zawodowej,2024,powiat tatrzański,0
252,POMOC SPOŁECZNA I OTOCZENIE - INFRASTRUKTURA,Zakłady aktywności zawodowej,2024,powiat wadowicki,0
252,POMOC SPOŁECZNA I OTOCZENIE - INFRASTRUKTURA,Zakłady aktywności zawodowej,2024,powiat wielicki,0
275,PIECZA ZASTĘPCZA,Stopień deinstytucjonalizacji pieczy zastępczej - dzieci  z danego terytorium,2023,powiat bocheński,64.91
275,PIECZA ZASTĘPCZA,Stopień deinstytucjonalizacji pieczy zastępczej - dzieci  z danego terytorium,2023,powiat brzeski,52.56
275,PIECZA ZASTĘPCZA,Stopień deinstytucjonalizacji pieczy zastępczej - dzieci  z danego terytorium,2023,powiat chrzanowski,60.33
275,PIECZA ZASTĘPCZA,Stopień deinstytucjonalizacji pieczy zastępczej - dzieci  z danego terytorium,2023,powiat dąbrowski,41.67
275,PIECZA ZASTĘPCZA,Stopień deinstytucjonalizacji pieczy zastępczej - dzieci  z danego terytorium,2023,powiat gorlicki,73.75
275,PIECZA ZASTĘPCZA,Stopień deinstytucjonalizacji pieczy zastępczej - dzieci  z danego terytorium,2023,powiat krakowski,71.26
275,PIECZA ZASTĘPCZA,Stopień deinstytucjonalizacji pieczy zastępczej - dzieci  z danego terytorium,2023,powiat limanowski,89.09
275,PIECZA ZASTĘPCZA,Stopień deinstytucjonalizacji pieczy zastępczej - dzieci  z danego terytorium,2023,powiat m. Kraków,42.81
275,PIECZA ZASTĘPCZA,Stopień deinstytucjonalizacji pieczy zastępczej - dzieci  z danego terytorium,2023,powiat m. Nowy Sącz,77.87
275,PIECZA ZASTĘPCZA,Stopień deinstytucjonalizacji pieczy zastępczej - dzieci  z danego terytorium,2023,powiat m. Tarnów,64.67
275,PIECZA ZASTĘPCZA,Stopień deinstytucjonalizacji pieczy zastępczej - dzieci  z danego terytorium,2023,powiat miechowski,50.0
275,PIECZA ZASTĘPCZA,Stopień deinstytucjonalizacji pieczy zastępczej - dzieci  z danego terytorium,2023,powiat myślenicki,70.83
275,PIECZA ZASTĘPCZA,Stopień deinstytucjonalizacji pieczy zastępczej - dzieci  z danego terytorium,2023,powiat nowosądecki,82.72
275,PIECZA ZASTĘPCZA,Stopień deinstytucjonalizacji pieczy zastępczej - dzieci  z danego terytorium,2023,powiat nowotarski,78.79
275,PIECZA ZASTĘPCZA,Stopień deinstytucjonalizacji pieczy zastępczej - dzieci  z danego terytorium,2023,powiat olkuski,64.79
275,PIECZA ZASTĘPCZA,Stopień deinstytucjonalizacji pieczy zastępczej - dzieci  z danego terytorium,2023,powiat oświęcimski,68.46
275,PIECZA ZASTĘPCZA,Stopień deinstytucjonalizacji pieczy zastępczej - dzieci  z danego terytorium,2023,powiat proszowicki,84.85
275,PIECZA ZASTĘPCZA,Stopień deinstytucjonalizacji pieczy zastępczej - dzieci  z danego terytorium,2023,powiat suski,100.0
275,PIECZA ZASTĘPCZA,Stopień deinstytucjonalizacji pieczy zastępczej - dzieci  z danego terytorium,2023,powiat tarnowski,73.39
275,PIECZA ZASTĘPCZA,Stopień deinstytucjonalizacji pieczy zastępczej - dzieci  z danego terytorium,2023,powiat tatrzański,77.65
275,PIECZA ZASTĘPCZA,Stopień deinstytucjonalizacji pieczy zastępczej - dzieci  z danego terytorium,2023,powiat wadowicki,73.4
275,PIECZA ZASTĘPCZA,Stopień deinstytucjonalizacji pieczy zastępczej - dzieci  z danego terytorium,2023,powiat wielicki,78.5
259,PIECZA ZASTĘPCZA,Intensywność pieczy zastępczej,2024,powiat bocheński,6.21
259,PIECZA ZASTĘPCZA,Intensywność pieczy zastępczej,2024,powiat brzeski,5.15
259,PIECZA ZASTĘPCZA,Intensywność pieczy zastępczej,2024,powiat chrzanowski,10.7
259,PIECZA ZASTĘPCZA,Intensywność pieczy zastępczej,2024,powiat dąbrowski,4.63
259,PIECZA ZASTĘPCZA,Intensywność pieczy zastępczej,2024,powiat gorlicki,6.1
259,PIECZA ZASTĘPCZA,Intensywność pieczy zastępczej,2024,powiat krakowski,4.15
259,PIECZA ZASTĘPCZA,Intensywność pieczy zastępczej,2024,powiat limanowski,3.0
259,PIECZA ZASTĘPCZA,Intensywność pieczy zastępczej,2024,powiat m. Kraków,6.17
259,PIECZA ZASTĘPCZA,Intensywność pieczy zastępczej,2024,powiat m. Nowy Sącz,11.49
259,PIECZA ZASTĘPCZA,Intensywność pieczy zastępczej,2024,powiat m. Tarnów,10.6
259,PIECZA ZASTĘPCZA,Intensywność pieczy zastępczej,2024,powiat miechowski,11.33
259,PIECZA ZASTĘPCZA,Intensywność pieczy zastępczej,2024,powiat myślenicki,1.89
259,PIECZA ZASTĘPCZA,Intensywność pieczy zastępczej,2024,powiat nowosądecki,3.4
259,PIECZA ZASTĘPCZA,Intensywność pieczy zastępczej,2024,powiat nowotarski,5.55
259,PIECZA ZASTĘPCZA,Intensywność pieczy zastępczej,2024,powiat olkuski,6.7
259,PIECZA ZASTĘPCZA,Intensywność pieczy zastępczej,2024,powiat oświęcimski,7.85
259,PIECZA ZASTĘPCZA,Intensywność pieczy zastępczej,2024,powiat proszowicki,6.67
259,PIECZA ZASTĘPCZA,Intensywność pieczy zastępczej,2024,powiat suski,5.85
259,PIECZA ZASTĘPCZA,Intensywność pieczy zastępczej,2024,powiat tarnowski,3.88
259,PIECZA ZASTĘPCZA,Intensywność pieczy zastępczej,2024,powiat tatrzański,7.18
259,PIECZA ZASTĘPCZA,Intensywność pieczy zastępczej,2024,powiat wadowicki,5.08
259,PIECZA ZASTĘPCZA,Intensywność pieczy zastępczej,2024,powiat wielicki,4.06
276,PIECZA ZASTĘPCZA,Intensywność pieczy zastępczej - dzieci z danego terytorium,2023,powiat bocheński,4.91
276,PIECZA ZASTĘPCZA,Intensywność pieczy zastępczej - dzieci z danego terytorium,2023,powiat brzeski,4.84
276,PIECZA ZASTĘPCZA,Intensywność pieczy zastępczej - dzieci z danego terytorium,2023,powiat chrzanowski,10.37
276,PIECZA ZASTĘPCZA,Intensywność pieczy zastępczej - dzieci z danego terytorium,2023,powiat dąbrowski,2.95
276,PIECZA ZASTĘPCZA,Intensywność pieczy zastępczej - dzieci z danego terytorium,2023,powiat gorlicki,5.45
276,PIECZA ZASTĘPCZA,Intensywność pieczy zastępczej - dzieci z danego terytorium,2023,powiat krakowski,3.17
276,PIECZA ZASTĘPCZA,Intensywność pieczy zastępczej - dzieci z danego terytorium,2023,powiat limanowski,2.57
276,PIECZA ZASTĘPCZA,Intensywność pieczy zastępczej - dzieci z danego terytorium,2023,powiat m. Kraków,6.36
276,PIECZA ZASTĘPCZA,Intensywność pieczy zastępczej - dzieci z danego terytorium,2023,powiat m. Nowy Sącz,10.39
276,PIECZA ZASTĘPCZA,Intensywność pieczy zastępczej - dzieci z danego terytorium,2023,powiat m. Tarnów,11.82
276,PIECZA ZASTĘPCZA,Intensywność pieczy zastępczej - dzieci z danego terytorium,2023,powiat miechowski,6.59
276,PIECZA ZASTĘPCZA,Intensywność pieczy zastępczej - dzieci z danego terytorium,2023,powiat myślenicki,1.91
276,PIECZA ZASTĘPCZA,Intensywność pieczy zastępczej - dzieci z danego terytorium,2023,powiat nowosądecki,2.38
276,PIECZA ZASTĘPCZA,Intensywność pieczy zastępczej - dzieci z danego terytorium,2023,powiat nowotarski,4.69
276,PIECZA ZASTĘPCZA,Intensywność pieczy zastępczej - dzieci z danego terytorium,2023,powiat olkuski,6.28
276,PIECZA ZASTĘPCZA,Intensywność pieczy zastępczej - dzieci z danego terytorium,2023,powiat oświęcimski,7.27
276,PIECZA ZASTĘPCZA,Intensywność pieczy zastępczej - dzieci z danego terytorium,2023,powiat proszowicki,5.91
276,PIECZA ZASTĘPCZA,Intensywność pieczy zastępczej - dzieci z danego terytorium,2023,powiat suski,6.29
276,PIECZA ZASTĘPCZA,Intensywność pieczy zastępczej - dzieci z danego terytorium,2023,powiat tarnowski,3.54
276,PIECZA ZASTĘPCZA,Intensywność pieczy zastępczej - dzieci z danego terytorium,2023,powiat tatrzański,10.07
276,PIECZA ZASTĘPCZA,Intensywność pieczy zastępczej - dzieci z danego terytorium,2023,powiat wadowicki,4.24
276,PIECZA ZASTĘPCZA,Intensywność pieczy zastępczej - dzieci z danego terytorium,2023,powiat wielicki,4.48
29,PIECZA ZASTĘPCZA,Liczba rodzin zastępczych,2024,powiat bocheński,80
29,PIECZA ZASTĘPCZA,Liczba rodzin zastępczych,2024,powiat brzeski,57
29,PIECZA ZASTĘPCZA,Liczba rodzin zastępczych,2024,powiat chrzanowski,130
29,PIECZA ZASTĘPCZA,Liczba rodzin zastępczych,2024,powiat dąbrowski,28
29,PIECZA ZASTĘPCZA,Liczba rodzin zastępczych,2024,powiat gorlicki,77
29,PIECZA ZASTĘPCZA,Liczba rodzin zastępczych,2024,powiat krakowski,161
29,PIECZA ZASTĘPCZA,Liczba rodzin zastępczych,2024,powiat limanowski,63
29,PIECZA ZASTĘPCZA,Liczba rodzin zastępczych,2024,powiat m. Kraków,380
29,PIECZA ZASTĘPCZA,Liczba rodzin zastępczych,2024,powiat m. Nowy Sącz,56
29,PIECZA ZASTĘPCZA,Liczba rodzin zastępczych,2024,powiat m. Tarnów,83
29,PIECZA ZASTĘPCZA,Liczba rodzin zastępczych,2024,powiat miechowski,41
29,PIECZA ZASTĘPCZA,Liczba rodzin zastępczych,2024,powiat myślenicki,17
29,PIECZA ZASTĘPCZA,Liczba rodzin zastępczych,2024,powiat nowosądecki,100
29,PIECZA ZASTĘPCZA,Liczba rodzin zastępczych,2024,powiat nowotarski,121
29,PIECZA ZASTĘPCZA,Liczba rodzin zastępczych,2024,powiat olkuski,84
29,PIECZA ZASTĘPCZA,Liczba rodzin zastępczych,2024,powiat oświęcimski,125
29,PIECZA ZASTĘPCZA,Liczba rodzin zastępczych,2024,powiat proszowicki,25
29,PIECZA ZASTĘPCZA,Liczba rodzin zastępczych,2024,powiat suski,53
29,PIECZA ZASTĘPCZA,Liczba rodzin zastępczych,2024,powiat tarnowski,99
29,PIECZA ZASTĘPCZA,Liczba rodzin zastępczych,2024,powiat tatrzański,56
29,PIECZA ZASTĘPCZA,Liczba rodzin zastępczych,2024,powiat wadowicki,101
29,PIECZA ZASTĘPCZA,Liczba rodzin zastępczych,2024,powiat wielicki,94
30,PIECZA ZASTĘPCZA,Liczba dzieci w rodzinach zastępczych,2024,powiat bocheński,124
30,PIECZA ZASTĘPCZA,Liczba dzieci w rodzinach zastępczych,2024,powiat brzeski,82
30,PIECZA ZASTĘPCZA,Liczba dzieci w rodzinach zastępczych,2024,powiat chrzanowski,198
30,PIECZA ZASTĘPCZA,Liczba dzieci w rodzinach zastępczych,2024,powiat dąbrowski,41
30,PIECZA ZASTĘPCZA,Liczba dzieci w rodzinach zastępczych,2024,powiat gorlicki,122
30,PIECZA ZASTĘPCZA,Liczba dzieci w rodzinach zastępczych,2024,powiat krakowski,220
30,PIECZA ZASTĘPCZA,Liczba dzieci w rodzinach zastępczych,2024,powiat limanowski,99
30,PIECZA ZASTĘPCZA,Liczba dzieci w rodzinach zastępczych,2024,powiat m. Kraków,497
30,PIECZA ZASTĘPCZA,Liczba dzieci w rodzinach zastępczych,2024,powiat m. Nowy Sącz,85
30,PIECZA ZASTĘPCZA,Liczba dzieci w rodzinach zastępczych,2024,powiat m. Tarnów,125
30,PIECZA ZASTĘPCZA,Liczba dzieci w rodzinach zastępczych,2024,powiat miechowski,57
30,PIECZA ZASTĘPCZA,Liczba dzieci w rodzinach zastępczych,2024,powiat myślenicki,38
30,PIECZA ZASTĘPCZA,Liczba dzieci w rodzinach zastępczych,2024,powiat nowosądecki,157
30,PIECZA ZASTĘPCZA,Liczba dzieci w rodzinach zastępczych,2024,powiat nowotarski,193
30,PIECZA ZASTĘPCZA,Liczba dzieci w rodzinach zastępczych,2024,powiat olkuski,98
30,PIECZA ZASTĘPCZA,Liczba dzieci w rodzinach zastępczych,2024,powiat oświęcimski,169
30,PIECZA ZASTĘPCZA,Liczba dzieci w rodzinach zastępczych,2024,powiat proszowicki,43
30,PIECZA ZASTĘPCZA,Liczba dzieci w rodzinach zastępczych,2024,powiat suski,81
30,PIECZA ZASTĘPCZA,Liczba dzieci w rodzinach zastępczych,2024,powiat tarnowski,154
30,PIECZA ZASTĘPCZA,Liczba dzieci w rodzinach zastępczych,2024,powiat tatrzański,87
30,PIECZA ZASTĘPCZA,Liczba dzieci w rodzinach zastępczych,2024,powiat wadowicki,159
30,PIECZA ZASTĘPCZA,Liczba dzieci w rodzinach zastępczych,2024,powiat wielicki,148
18,ZDROWIE,Dostępność szpitali,2023,powiat bocheński,20
18,ZDROWIE,Dostępność szpitali,2023,powiat brzeski,25
18,ZDROWIE,Dostępność szpitali,2023,powiat chrzanowski,42
18,ZDROWIE,Dostępność szpitali,2023,powiat dąbrowski,37
18,ZDROWIE,Dostępność szpitali,2023,powiat gorlicki,40
18,ZDROWIE,Dostępność szpitali,2023,powiat krakowski,10
18,ZDROWIE,Dostępność szpitali,2023,powiat limanowski,32
18,ZDROWIE,Dostępność szpitali,2023,powiat m. Kraków,70
18,ZDROWIE,Dostępność szpitali,2023,powiat m. Nowy Sącz,95
18,ZDROWIE,Dostępność szpitali,2023,powiat m. Tarnów,88
18,ZDROWIE,Dostępność szpitali,2023,powiat miechowski,43
18,ZDROWIE,Dostępność szpitali,2023,powiat myślenicki,18
18,ZDROWIE,Dostępność szpitali,2023,powiat nowosądecki,17
18,ZDROWIE,Dostępność szpitali,2023,powiat nowotarski,33
18,ZDROWIE,Dostępność szpitali,2023,powiat olkuski,40
18,ZDROWIE,Dostępność szpitali,2023,powiat oświęcimski,30
18,ZDROWIE,Dostępność szpitali,2023,powiat proszowicki,47
18,ZDROWIE,Dostępność szpitali,2023,powiat suski,38
18,ZDROWIE,Dostępność szpitali,2023,powiat tarnowski,5
18,ZDROWIE,Dostępność szpitali,2023,powiat tatrzański,88
18,ZDROWIE,Dostępność szpitali,2023,powiat wadowicki,17
18,ZDROWIE,Dostępność szpitali,2023,powiat wielicki,0
85,ZDROWIE,Średni czas pobytu w szpitalu,2023,powiat bocheński,6.0
85,ZDROWIE,Średni czas pobytu w szpitalu,2023,powiat brzeski,6.2
85,ZDROWIE,Średni czas pobytu w szpitalu,2023,powiat chrzanowski,6.2
85,ZDROWIE,Średni czas pobytu w szpitalu,2023,powiat dąbrowski,5.9
85,ZDROWIE,Średni czas pobytu w szpitalu,2023,powiat gorlicki,7.5
85,ZDROWIE,Średni czas pobytu w szpitalu,2023,powiat krakowski,18.0
85,ZDROWIE,Średni czas pobytu w szpitalu,2023,powiat limanowski,7.4
85,ZDROWIE,Średni czas pobytu w szpitalu,2023,powiat m. Kraków,5.1
85,ZDROWIE,Średni czas pobytu w szpitalu,2023,powiat m. Nowy Sącz,5.1
85,ZDROWIE,Średni czas pobytu w szpitalu,2023,powiat m. Tarnów,6.0
85,ZDROWIE,Średni czas pobytu w szpitalu,2023,powiat miechowski,6.1
85,ZDROWIE,Średni czas pobytu w szpitalu,2023,powiat myślenicki,5.1
85,ZDROWIE,Średni czas pobytu w szpitalu,2023,powiat nowosądecki,9.3
85,ZDROWIE,Średni czas pobytu w szpitalu,2023,powiat nowotarski,5.4
85,ZDROWIE,Średni czas pobytu w szpitalu,2023,powiat olkuski,10.7
85,ZDROWIE,Średni czas pobytu w szpitalu,2023,powiat oświęcimski,7.7
85,ZDROWIE,Średni czas pobytu w szpitalu,2023,powiat proszowicki,5.0
85,ZDROWIE,Średni czas pobytu w szpitalu,2023,powiat suski,5.0
85,ZDROWIE,Średni czas pobytu w szpitalu,2023,powiat tarnowski,3.7
85,ZDROWIE,Średni czas pobytu w szpitalu,2023,powiat tatrzański,8.6
85,ZDROWIE,Średni czas pobytu w szpitalu,2023,powiat wadowicki,5.4
85,ZDROWIE,Średni czas pobytu w szpitalu,2023,powiat wielicki,0.0
84,ZDROWIE,Wykorzystanie łóżek szpitalnych,2023,powiat bocheński,59.3
84,ZDROWIE,Wykorzystanie łóżek szpitalnych,2023,powiat brzeski,68.38
84,ZDROWIE,Wykorzystanie łóżek szpitalnych,2023,powiat chrzanowski,65.94
84,ZDROWIE,Wykorzystanie łóżek szpitalnych,2023,powiat dąbrowski,74.47
84,ZDROWIE,Wykorzystanie łóżek szpitalnych,2023,powiat gorlicki,76.23
84,ZDROWIE,Wykorzystanie łóżek szpitalnych,2023,powiat krakowski,69.87
84,ZDROWIE,Wykorzystanie łóżek szpitalnych,2023,powiat limanowski,69.71
84,ZDROWIE,Wykorzystanie łóżek szpitalnych,2023,powiat m. Kraków,71.83
84,ZDROWIE,Wykorzystanie łóżek szpitalnych,2023,powiat m. Nowy Sącz,68.83
84,ZDROWIE,Wykorzystanie łóżek szpitalnych,2023,powiat m. Tarnów,80.62
84,ZDROWIE,Wykorzystanie łóżek szpitalnych,2023,powiat miechowski,69.43
84,ZDROWIE,Wykorzystanie łóżek szpitalnych,2023,powiat myślenicki,63.51
84,ZDROWIE,Wykorzystanie łóżek szpitalnych,2023,powiat nowosądecki,63.46
84,ZDROWIE,Wykorzystanie łóżek szpitalnych,2023,powiat nowotarski,66.26
84,ZDROWIE,Wykorzystanie łóżek szpitalnych,2023,powiat olkuski,73.43
84,ZDROWIE,Wykorzystanie łóżek szpitalnych,2023,powiat oświęcimski,71.94
84,ZDROWIE,Wykorzystanie łóżek szpitalnych,2023,powiat proszowicki,62.36
84,ZDROWIE,Wykorzystanie łóżek szpitalnych,2023,powiat suski,57.32
84,ZDROWIE,Wykorzystanie łóżek szpitalnych,2023,powiat tarnowski,50.37
84,ZDROWIE,Wykorzystanie łóżek szpitalnych,2023,powiat tatrzański,75.34
84,ZDROWIE,Wykorzystanie łóżek szpitalnych,2023,powiat wadowicki,69.91
84,ZDROWIE,Wykorzystanie łóżek szpitalnych,2023,powiat wielicki,0.0
82,ZDROWIE,Schorzenia z powodu otyłości u dzieci,2023,powiat bocheński,15.47
82,ZDROWIE,Schorzenia z powodu otyłości u dzieci,2023,powiat brzeski,16.66
82,ZDROWIE,Schorzenia z powodu otyłości u dzieci,2023,powiat chrzanowski,8.68
82,ZDROWIE,Schorzenia z powodu otyłości u dzieci,2023,powiat dąbrowski,18.35
82,ZDROWIE,Schorzenia z powodu otyłości u dzieci,2023,powiat gorlicki,16.44
82,ZDROWIE,Schorzenia z powodu otyłości u dzieci,2023,powiat krakowski,6.65
82,ZDROWIE,Schorzenia z powodu otyłości u dzieci,2023,powiat limanowski,7.16
82,ZDROWIE,Schorzenia z powodu otyłości u dzieci,2023,powiat m. Kraków,5.55
82,ZDROWIE,Schorzenia z powodu otyłości u dzieci,2023,powiat m. Nowy Sącz,3.65
82,ZDROWIE,Schorzenia z powodu otyłości u dzieci,2023,powiat m. Tarnów,12.19
82,ZDROWIE,Schorzenia z powodu otyłości u dzieci,2023,powiat miechowski,10.16
82,ZDROWIE,Schorzenia z powodu otyłości u dzieci,2023,powiat myślenicki,6.15
82,ZDROWIE,Schorzenia z powodu otyłości u dzieci,2023,powiat nowosądecki,14.92
82,ZDROWIE,Schorzenia z powodu otyłości u dzieci,2023,powiat nowotarski,9.47
82,ZDROWIE,Schorzenia z powodu otyłości u dzieci,2023,powiat olkuski,6.33
82,ZDROWIE,Schorzenia z powodu otyłości u dzieci,2023,powiat oświęcimski,10.05
82,ZDROWIE,Schorzenia z powodu otyłości u dzieci,2023,powiat proszowicki,12.2
82,ZDROWIE,Schorzenia z powodu otyłości u dzieci,2023,powiat suski,17.09
82,ZDROWIE,Schorzenia z powodu otyłości u dzieci,2023,powiat tarnowski,13.64
82,ZDROWIE,Schorzenia z powodu otyłości u dzieci,2023,powiat tatrzański,15.99
82,ZDROWIE,Schorzenia z powodu otyłości u dzieci,2023,powiat wadowicki,8.8
82,ZDROWIE,Schorzenia z powodu otyłości u dzieci,2023,powiat wielicki,5.57
83,ZDROWIE,Schorzenia z powodu niedożywienia u dzieci,2023,powiat bocheński,0.29
83,ZDROWIE,Schorzenia z powodu niedożywienia u dzieci,2023,powiat brzeski,0.16
83,ZDROWIE,Schorzenia z powodu niedożywienia u dzieci,2023,powiat chrzanowski,0.24
83,ZDROWIE,Schorzenia z powodu niedożywienia u dzieci,2023,powiat dąbrowski,6.66
83,ZDROWIE,Schorzenia z powodu niedożywienia u dzieci,2023,powiat gorlicki,3.94
83,ZDROWIE,Schorzenia z powodu niedożywienia u dzieci,2023,powiat krakowski,0.24
83,ZDROWIE,Schorzenia z powodu niedożywienia u dzieci,2023,powiat limanowski,1.13
83,ZDROWIE,Schorzenia z powodu niedożywienia u dzieci,2023,powiat m. Kraków,0.69
83,ZDROWIE,Schorzenia z powodu niedożywienia u dzieci,2023,powiat m. Nowy Sącz,3.34
83,ZDROWIE,Schorzenia z powodu niedożywienia u dzieci,2023,powiat m. Tarnów,1.78
83,ZDROWIE,Schorzenia z powodu niedożywienia u dzieci,2023,powiat miechowski,0.35
83,ZDROWIE,Schorzenia z powodu niedożywienia u dzieci,2023,powiat myślenicki,0.24
83,ZDROWIE,Schorzenia z powodu niedożywienia u dzieci,2023,powiat nowosądecki,2.68
83,ZDROWIE,Schorzenia z powodu niedożywienia u dzieci,2023,powiat nowotarski,0.32
83,ZDROWIE,Schorzenia z powodu niedożywienia u dzieci,2023,powiat olkuski,0.43
83,ZDROWIE,Schorzenia z powodu niedożywienia u dzieci,2023,powiat oświęcimski,0.29
83,ZDROWIE,Schorzenia z powodu niedożywienia u dzieci,2023,powiat proszowicki,0.0
83,ZDROWIE,Schorzenia z powodu niedożywienia u dzieci,2023,powiat suski,1.83
83,ZDROWIE,Schorzenia z powodu niedożywienia u dzieci,2023,powiat tarnowski,0.52
83,ZDROWIE,Schorzenia z powodu niedożywienia u dzieci,2023,powiat tatrzański,3.88
83,ZDROWIE,Schorzenia z powodu niedożywienia u dzieci,2023,powiat wadowicki,0.33
83,ZDROWIE,Schorzenia z powodu niedożywienia u dzieci,2023,powiat wielicki,0.48
88,ZDROWIE,Zachorowania na nowotwory,2023,powiat bocheński,23.77
88,ZDROWIE,Zachorowania na nowotwory,2023,powiat brzeski,22.67
88,ZDROWIE,Zachorowania na nowotwory,2023,powiat chrzanowski,28.95
88,ZDROWIE,Zachorowania na nowotwory,2023,powiat dąbrowski,21.13
88,ZDROWIE,Zachorowania na nowotwory,2023,powiat gorlicki,24.15
88,ZDROWIE,Zachorowania na nowotwory,2023,powiat krakowski,24.15
88,ZDROWIE,Zachorowania na nowotwory,2023,powiat limanowski,22.69
88,ZDROWIE,Zachorowania na nowotwory,2023,powiat m. Kraków,31.97
88,ZDROWIE,Zachorowania na nowotwory,2023,powiat m. Nowy Sącz,16.34
88,ZDROWIE,Zachorowania na nowotwory,2023,powiat m. Tarnów,49.26
88,ZDROWIE,Zachorowania na nowotwory,2023,powiat miechowski,14.66
88,ZDROWIE,Zachorowania na nowotwory,2023,powiat myślenicki,19.9
88,ZDROWIE,Zachorowania na nowotwory,2023,powiat nowosądecki,13.46
88,ZDROWIE,Zachorowania na nowotwory,2023,powiat nowotarski,13.08
88,ZDROWIE,Zachorowania na nowotwory,2023,powiat olkuski,53.06
88,ZDROWIE,Zachorowania na nowotwory,2023,powiat oświęcimski,32.81
88,ZDROWIE,Zachorowania na nowotwory,2023,powiat proszowicki,44.56
88,ZDROWIE,Zachorowania na nowotwory,2023,powiat suski,20.41
88,ZDROWIE,Zachorowania na nowotwory,2023,powiat tarnowski,19.82
88,ZDROWIE,Zachorowania na nowotwory,2023,powiat tatrzański,16.84
88,ZDROWIE,Zachorowania na nowotwory,2023,powiat wadowicki,30.86
88,ZDROWIE,Zachorowania na nowotwory,2023,powiat wielicki,28.98
89,ZDROWIE,Zachorowania na cukrzycę,2023,powiat bocheński,43.02
89,ZDROWIE,Zachorowania na cukrzycę,2023,powiat brzeski,37.62
89,ZDROWIE,Zachorowania na cukrzycę,2023,powiat chrzanowski,48.57
89,ZDROWIE,Zachorowania na cukrzycę,2023,powiat dąbrowski,48.91
89,ZDROWIE,Zachorowania na cukrzycę,2023,powiat gorlicki,63.94
89,ZDROWIE,Zachorowania na cukrzycę,2023,powiat krakowski,50.37
89,ZDROWIE,Zachorowania na cukrzycę,2023,powiat limanowski,59.31
89,ZDROWIE,Zachorowania na cukrzycę,2023,powiat m. Kraków,48.42
89,ZDROWIE,Zachorowania na cukrzycę,2023,powiat m. Nowy Sącz,38.18
89,ZDROWIE,Zachorowania na cukrzycę,2023,powiat m. Tarnów,89.23
89,ZDROWIE,Zachorowania na cukrzycę,2023,powiat miechowski,60.49
89,ZDROWIE,Zachorowania na cukrzycę,2023,powiat myślenicki,43.98
89,ZDROWIE,Zachorowania na cukrzycę,2023,powiat nowosądecki,40.12
89,ZDROWIE,Zachorowania na cukrzycę,2023,powiat nowotarski,41.86
89,ZDROWIE,Zachorowania na cukrzycę,2023,powiat olkuski,77.13
89,ZDROWIE,Zachorowania na cukrzycę,2023,powiat oświęcimski,55.77
89,ZDROWIE,Zachorowania na cukrzycę,2023,powiat proszowicki,76.2
89,ZDROWIE,Zachorowania na cukrzycę,2023,powiat suski,48.41
89,ZDROWIE,Zachorowania na cukrzycę,2023,powiat tarnowski,43.08
89,ZDROWIE,Zachorowania na cukrzycę,2023,powiat tatrzański,36.56
89,ZDROWIE,Zachorowania na cukrzycę,2023,powiat wadowicki,56.02
89,ZDROWIE,Zachorowania na cukrzycę,2023,powiat wielicki,38.27
90,ZDROWIE,Zachorowania na choroby układu krążenia,2023,powiat bocheński,170.91
90,ZDROWIE,Zachorowania na choroby układu krążenia,2023,powiat brzeski,181.74
90,ZDROWIE,Zachorowania na choroby układu krążenia,2023,powiat chrzanowski,210.58
90,ZDROWIE,Zachorowania na choroby układu krążenia,2023,powiat dąbrowski,174.65
90,ZDROWIE,Zachorowania na choroby układu krążenia,2023,powiat gorlicki,257.91
90,ZDROWIE,Zachorowania na choroby układu krążenia,2023,powiat krakowski,201.39
90,ZDROWIE,Zachorowania na choroby układu krążenia,2023,powiat limanowski,210.52
90,ZDROWIE,Zachorowania na choroby układu krążenia,2023,powiat m. Kraków,201.96
90,ZDROWIE,Zachorowania na choroby układu krążenia,2023,powiat m. Nowy Sącz,163.72
90,ZDROWIE,Zachorowania na choroby układu krążenia,2023,powiat m. Tarnów,388.59
90,ZDROWIE,Zachorowania na choroby układu krążenia,2023,powiat miechowski,209.82
90,ZDROWIE,Zachorowania na choroby układu krążenia,2023,powiat myślenicki,197.6
90,ZDROWIE,Zachorowania na choroby układu krążenia,2023,powiat nowosądecki,152.26
90,ZDROWIE,Zachorowania na choroby układu krążenia,2023,powiat nowotarski,168.72
90,ZDROWIE,Zachorowania na choroby układu krążenia,2023,powiat olkuski,326.7
90,ZDROWIE,Zachorowania na choroby układu krążenia,2023,powiat oświęcimski,247.71
90,ZDROWIE,Zachorowania na choroby układu krążenia,2023,powiat proszowicki,281.65
90,ZDROWIE,Zachorowania na choroby układu krążenia,2023,powiat suski,196.83
90,ZDROWIE,Zachorowania na choroby układu krążenia,2023,powiat tarnowski,175.14
90,ZDROWIE,Zachorowania na choroby układu krążenia,2023,powiat tatrzański,159.09
90,ZDROWIE,Zachorowania na choroby układu krążenia,2023,powiat wadowicki,233.87
90,ZDROWIE,Zachorowania na choroby układu krążenia,2023,powiat wielicki,166.42
120,ZDROWIE,Zgony z powodu chorób nowotworowych,2024,powiat bocheński,28.4
120,ZDROWIE,Zgony z powodu chorób nowotworowych,2024,powiat brzeski,27.0
120,ZDROWIE,Zgony z powodu chorób nowotworowych,2024,powiat chrzanowski,28.6
120,ZDROWIE,Zgony z powodu chorób nowotworowych,2024,powiat dąbrowski,28.3
120,ZDROWIE,Zgony z powodu chorób nowotworowych,2024,powiat gorlicki,26.4
120,ZDROWIE,Zgony z powodu chorób nowotworowych,2024,powiat krakowski,30.3
120,ZDROWIE,Zgony z powodu chorób nowotworowych,2024,powiat limanowski,29.4
120,ZDROWIE,Zgony z powodu chorób nowotworowych,2024,powiat m. Kraków,31.1
120,ZDROWIE,Zgony z powodu chorób nowotworowych,2024,powiat m. Nowy Sącz,29.7
120,ZDROWIE,Zgony z powodu chorób nowotworowych,2024,powiat m. Tarnów,26.8
120,ZDROWIE,Zgony z powodu chorób nowotworowych,2024,powiat miechowski,25.4
120,ZDROWIE,Zgony z powodu chorób nowotworowych,2024,powiat myślenicki,29.1
120,ZDROWIE,Zgony z powodu chorób nowotworowych,2024,powiat nowosądecki,24.8
120,ZDROWIE,Zgony z powodu chorób nowotworowych,2024,powiat nowotarski,27.1
120,ZDROWIE,Zgony z powodu chorób nowotworowych,2024,powiat olkuski,25.9
120,ZDROWIE,Zgony z powodu chorób nowotworowych,2024,powiat oświęcimski,26.9
120,ZDROWIE,Zgony z powodu chorób nowotworowych,2024,powiat proszowicki,25.6
120,ZDROWIE,Zgony z powodu chorób nowotworowych,2024,powiat suski,27.3
120,ZDROWIE,Zgony z powodu chorób nowotworowych,2024,powiat tarnowski,25.9
120,ZDROWIE,Zgony z powodu chorób nowotworowych,2024,powiat tatrzański,26.4
120,ZDROWIE,Zgony z powodu chorób nowotworowych,2024,powiat wadowicki,27.6
120,ZDROWIE,Zgony z powodu chorób nowotworowych,2024,powiat wielicki,30.2
121,ZDROWIE,Zgony z powodu chorób układu krążenia,2024,powiat bocheński,45.1
121,ZDROWIE,Zgony z powodu chorób układu krążenia,2024,powiat brzeski,48.4
121,ZDROWIE,Zgony z powodu chorób układu krążenia,2024,powiat chrzanowski,37.3
121,ZDROWIE,Zgony z powodu chorób układu krążenia,2024,powiat dąbrowski,38.7
121,ZDROWIE,Zgony z powodu chorób układu krążenia,2024,powiat gorlicki,41.5
121,ZDROWIE,Zgony z powodu chorób układu krążenia,2024,powiat krakowski,42.2
121,ZDROWIE,Zgony z powodu chorób układu krążenia,2024,powiat limanowski,40.7
121,ZDROWIE,Zgony z powodu chorób układu krążenia,2024,powiat m. Kraków,43.0
121,ZDROWIE,Zgony z powodu chorób układu krążenia,2024,powiat m. Nowy Sącz,37.9
121,ZDROWIE,Zgony z powodu chorób układu krążenia,2024,powiat m. Tarnów,38.7
121,ZDROWIE,Zgony z powodu chorób układu krążenia,2024,powiat miechowski,42.8
121,ZDROWIE,Zgony z powodu chorób układu krążenia,2024,powiat myślenicki,43.0
121,ZDROWIE,Zgony z powodu chorób układu krążenia,2024,powiat nowosądecki,40.6
121,ZDROWIE,Zgony z powodu chorób układu krążenia,2024,powiat nowotarski,38.3
121,ZDROWIE,Zgony z powodu chorób układu krążenia,2024,powiat olkuski,39.6
121,ZDROWIE,Zgony z powodu chorób układu krążenia,2024,powiat oświęcimski,42.7
121,ZDROWIE,Zgony z powodu chorób układu krążenia,2024,powiat proszowicki,39.5
121,ZDROWIE,Zgony z powodu chorób układu krążenia,2024,powiat suski,43.4
121,ZDROWIE,Zgony z powodu chorób układu krążenia,2024,powiat tarnowski,41.2
121,ZDROWIE,Zgony z powodu chorób układu krążenia,2024,powiat tatrzański,37.5
121,ZDROWIE,Zgony z powodu chorób układu krążenia,2024,powiat wadowicki,49.2
121,ZDROWIE,Zgony z powodu chorób układu krążenia,2024,powiat wielicki,42.2
123,ZDROWIE,Zgony z przyczyn zewnętrznych,2023,powiat bocheński,2.28
123,ZDROWIE,Zgony z przyczyn zewnętrznych,2023,powiat brzeski,3.05
123,ZDROWIE,Zgony z przyczyn zewnętrznych,2023,powiat chrzanowski,2.56
123,ZDROWIE,Zgony z przyczyn zewnętrznych,2023,powiat dąbrowski,2.6
123,ZDROWIE,Zgony z przyczyn zewnętrznych,2023,powiat gorlicki,3.63
123,ZDROWIE,Zgony z przyczyn zewnętrznych,2023,powiat krakowski,2.92
123,ZDROWIE,Zgony z przyczyn zewnętrznych,2023,powiat limanowski,3.51
123,ZDROWIE,Zgony z przyczyn zewnętrznych,2023,powiat m. Kraków,2.54
123,ZDROWIE,Zgony z przyczyn zewnętrznych,2023,powiat m. Nowy Sącz,3.83
123,ZDROWIE,Zgony z przyczyn zewnętrznych,2023,powiat m. Tarnów,2.37
123,ZDROWIE,Zgony z przyczyn zewnętrznych,2023,powiat miechowski,4.32
123,ZDROWIE,Zgony z przyczyn zewnętrznych,2023,powiat myślenicki,4.45
123,ZDROWIE,Zgony z przyczyn zewnętrznych,2023,powiat nowosądecki,4.53
123,ZDROWIE,Zgony z przyczyn zewnętrznych,2023,powiat nowotarski,4.09
123,ZDROWIE,Zgony z przyczyn zewnętrznych,2023,powiat olkuski,2.23
123,ZDROWIE,Zgony z przyczyn zewnętrznych,2023,powiat oświęcimski,2.83
123,ZDROWIE,Zgony z przyczyn zewnętrznych,2023,powiat proszowicki,3.48
123,ZDROWIE,Zgony z przyczyn zewnętrznych,2023,powiat suski,3.36
123,ZDROWIE,Zgony z przyczyn zewnętrznych,2023,powiat tarnowski,4.25
123,ZDROWIE,Zgony z przyczyn zewnętrznych,2023,powiat tatrzański,3.55
123,ZDROWIE,Zgony z przyczyn zewnętrznych,2023,powiat wadowicki,3.04
123,ZDROWIE,Zgony z przyczyn zewnętrznych,2023,powiat wielicki,3.0
214,NIEPEŁNOSPRAWNOŚĆ,Odsetek osób niepełnosprawnych prawnie,2021,powiat bocheński,0.52
214,NIEPEŁNOSPRAWNOŚĆ,Odsetek osób niepełnosprawnych prawnie,2021,powiat brzeski,0.48
214,NIEPEŁNOSPRAWNOŚĆ,Odsetek osób niepełnosprawnych prawnie,2021,powiat chrzanowski,0.68
214,NIEPEŁNOSPRAWNOŚĆ,Odsetek osób niepełnosprawnych prawnie,2021,powiat dąbrowski,0.49
214,NIEPEŁNOSPRAWNOŚĆ,Odsetek osób niepełnosprawnych prawnie,2021,powiat gorlicki,0.69
214,NIEPEŁNOSPRAWNOŚĆ,Odsetek osób niepełnosprawnych prawnie,2021,powiat krakowski,0.49
214,NIEPEŁNOSPRAWNOŚĆ,Odsetek osób niepełnosprawnych prawnie,2021,powiat limanowski,0.46
214,NIEPEŁNOSPRAWNOŚĆ,Odsetek osób niepełnosprawnych prawnie,2021,powiat m. Kraków,0.4
214,NIEPEŁNOSPRAWNOŚĆ,Odsetek osób niepełnosprawnych prawnie,2021,powiat m. Nowy Sącz,0.5
214,NIEPEŁNOSPRAWNOŚĆ,Odsetek osób niepełnosprawnych prawnie,2021,powiat m. Tarnów,0.53
214,NIEPEŁNOSPRAWNOŚĆ,Odsetek osób niepełnosprawnych prawnie,2021,powiat miechowski,0.45
214,NIEPEŁNOSPRAWNOŚĆ,Odsetek osób niepełnosprawnych prawnie,2021,powiat myślenicki,0.53
214,NIEPEŁNOSPRAWNOŚĆ,Odsetek osób niepełnosprawnych prawnie,2021,powiat nowosądecki,0.49
214,NIEPEŁNOSPRAWNOŚĆ,Odsetek osób niepełnosprawnych prawnie,2021,powiat nowotarski,0.49
214,NIEPEŁNOSPRAWNOŚĆ,Odsetek osób niepełnosprawnych prawnie,2021,powiat olkuski,0.44
214,NIEPEŁNOSPRAWNOŚĆ,Odsetek osób niepełnosprawnych prawnie,2021,powiat oświęcimski,0.59
214,NIEPEŁNOSPRAWNOŚĆ,Odsetek osób niepełnosprawnych prawnie,2021,powiat proszowicki,0.36
214,NIEPEŁNOSPRAWNOŚĆ,Odsetek osób niepełnosprawnych prawnie,2021,powiat suski,0.55
214,NIEPEŁNOSPRAWNOŚĆ,Odsetek osób niepełnosprawnych prawnie,2021,powiat tarnowski,0.44
214,NIEPEŁNOSPRAWNOŚĆ,Odsetek osób niepełnosprawnych prawnie,2021,powiat tatrzański,0.42
214,NIEPEŁNOSPRAWNOŚĆ,Odsetek osób niepełnosprawnych prawnie,2021,powiat wadowicki,0.62
214,NIEPEŁNOSPRAWNOŚĆ,Odsetek osób niepełnosprawnych prawnie,2021,powiat wielicki,0.6
213,NIEPEŁNOSPRAWNOŚĆ,Odsetek osób niepełnosprawnych biologicznie,2021,powiat bocheński,5.16
213,NIEPEŁNOSPRAWNOŚĆ,Odsetek osób niepełnosprawnych biologicznie,2021,powiat brzeski,5.88
213,NIEPEŁNOSPRAWNOŚĆ,Odsetek osób niepełnosprawnych biologicznie,2021,powiat chrzanowski,5.68
213,NIEPEŁNOSPRAWNOŚĆ,Odsetek osób niepełnosprawnych biologicznie,2021,powiat dąbrowski,5.56
213,NIEPEŁNOSPRAWNOŚĆ,Odsetek osób niepełnosprawnych biologicznie,2021,powiat gorlicki,5.35
213,NIEPEŁNOSPRAWNOŚĆ,Odsetek osób niepełnosprawnych biologicznie,2021,powiat krakowski,5.02
213,NIEPEŁNOSPRAWNOŚĆ,Odsetek osób niepełnosprawnych biologicznie,2021,powiat limanowski,4.05
213,NIEPEŁNOSPRAWNOŚĆ,Odsetek osób niepełnosprawnych biologicznie,2021,powiat m. Kraków,4.8
213,NIEPEŁNOSPRAWNOŚĆ,Odsetek osób niepełnosprawnych biologicznie,2021,powiat m. Nowy Sącz,3.45
213,NIEPEŁNOSPRAWNOŚĆ,Odsetek osób niepełnosprawnych biologicznie,2021,powiat m. Tarnów,5.17
213,NIEPEŁNOSPRAWNOŚĆ,Odsetek osób niepełnosprawnych biologicznie,2021,powiat miechowski,9.27
213,NIEPEŁNOSPRAWNOŚĆ,Odsetek osób niepełnosprawnych biologicznie,2021,powiat myślenicki,4.65
213,NIEPEŁNOSPRAWNOŚĆ,Odsetek osób niepełnosprawnych biologicznie,2021,powiat nowosądecki,4.19
213,NIEPEŁNOSPRAWNOŚĆ,Odsetek osób niepełnosprawnych biologicznie,2021,powiat nowotarski,5.83
213,NIEPEŁNOSPRAWNOŚĆ,Odsetek osób niepełnosprawnych biologicznie,2021,powiat olkuski,5.31
213,NIEPEŁNOSPRAWNOŚĆ,Odsetek osób niepełnosprawnych biologicznie,2021,powiat oświęcimski,4.91
213,NIEPEŁNOSPRAWNOŚĆ,Odsetek osób niepełnosprawnych biologicznie,2021,powiat proszowicki,6.88
213,NIEPEŁNOSPRAWNOŚĆ,Odsetek osób niepełnosprawnych biologicznie,2021,powiat suski,5.75
213,NIEPEŁNOSPRAWNOŚĆ,Odsetek osób niepełnosprawnych biologicznie,2021,powiat tarnowski,5.64
213,NIEPEŁNOSPRAWNOŚĆ,Odsetek osób niepełnosprawnych biologicznie,2021,powiat tatrzański,6.6
213,NIEPEŁNOSPRAWNOŚĆ,Odsetek osób niepełnosprawnych biologicznie,2021,powiat wadowicki,5.05
213,NIEPEŁNOSPRAWNOŚĆ,Odsetek osób niepełnosprawnych biologicznie,2021,powiat wielicki,4.31
216,NIEPEŁNOSPRAWNOŚĆ,Odsetek osób niepełnosprawnych prawnie w wieku 0-15 lat,2021,powiat bocheński,2.65
216,NIEPEŁNOSPRAWNOŚĆ,Odsetek osób niepełnosprawnych prawnie w wieku 0-15 lat,2021,powiat brzeski,2.65
216,NIEPEŁNOSPRAWNOŚĆ,Odsetek osób niepełnosprawnych prawnie w wieku 0-15 lat,2021,powiat chrzanowski,4.54
216,NIEPEŁNOSPRAWNOŚĆ,Odsetek osób niepełnosprawnych prawnie w wieku 0-15 lat,2021,powiat dąbrowski,2.94
216,NIEPEŁNOSPRAWNOŚĆ,Odsetek osób niepełnosprawnych prawnie w wieku 0-15 lat,2021,powiat gorlicki,3.81
216,NIEPEŁNOSPRAWNOŚĆ,Odsetek osób niepełnosprawnych prawnie w wieku 0-15 lat,2021,powiat krakowski,2.57
216,NIEPEŁNOSPRAWNOŚĆ,Odsetek osób niepełnosprawnych prawnie w wieku 0-15 lat,2021,powiat limanowski,2.17
216,NIEPEŁNOSPRAWNOŚĆ,Odsetek osób niepełnosprawnych prawnie w wieku 0-15 lat,2021,powiat m. Kraków,2.78
216,NIEPEŁNOSPRAWNOŚĆ,Odsetek osób niepełnosprawnych prawnie w wieku 0-15 lat,2021,powiat m. Nowy Sącz,2.95
216,NIEPEŁNOSPRAWNOŚĆ,Odsetek osób niepełnosprawnych prawnie w wieku 0-15 lat,2021,powiat m. Tarnów,3.85
216,NIEPEŁNOSPRAWNOŚĆ,Odsetek osób niepełnosprawnych prawnie w wieku 0-15 lat,2021,powiat miechowski,2.84
216,NIEPEŁNOSPRAWNOŚĆ,Odsetek osób niepełnosprawnych prawnie w wieku 0-15 lat,2021,powiat myślenicki,2.67
216,NIEPEŁNOSPRAWNOŚĆ,Odsetek osób niepełnosprawnych prawnie w wieku 0-15 lat,2021,powiat nowosądecki,2.32
216,NIEPEŁNOSPRAWNOŚĆ,Odsetek osób niepełnosprawnych prawnie w wieku 0-15 lat,2021,powiat nowotarski,2.62
216,NIEPEŁNOSPRAWNOŚĆ,Odsetek osób niepełnosprawnych prawnie w wieku 0-15 lat,2021,powiat olkuski,2.88
216,NIEPEŁNOSPRAWNOŚĆ,Odsetek osób niepełnosprawnych prawnie w wieku 0-15 lat,2021,powiat oświęcimski,3.59
216,NIEPEŁNOSPRAWNOŚĆ,Odsetek osób niepełnosprawnych prawnie w wieku 0-15 lat,2021,powiat proszowicki,2.21
216,NIEPEŁNOSPRAWNOŚĆ,Odsetek osób niepełnosprawnych prawnie w wieku 0-15 lat,2021,powiat suski,2.98
216,NIEPEŁNOSPRAWNOŚĆ,Odsetek osób niepełnosprawnych prawnie w wieku 0-15 lat,2021,powiat tarnowski,2.44
216,NIEPEŁNOSPRAWNOŚĆ,Odsetek osób niepełnosprawnych prawnie w wieku 0-15 lat,2021,powiat tatrzański,2.39
216,NIEPEŁNOSPRAWNOŚĆ,Odsetek osób niepełnosprawnych prawnie w wieku 0-15 lat,2021,powiat wadowicki,3.41
216,NIEPEŁNOSPRAWNOŚĆ,Odsetek osób niepełnosprawnych prawnie w wieku 0-15 lat,2021,powiat wielicki,2.94
217,NIEPEŁNOSPRAWNOŚĆ,Osoby niepełnosprawnie prawnie o stopniu niepełnosprawności lekkim,2021,powiat bocheński,27.86
217,NIEPEŁNOSPRAWNOŚĆ,Osoby niepełnosprawnie prawnie o stopniu niepełnosprawności lekkim,2021,powiat brzeski,24.14
217,NIEPEŁNOSPRAWNOŚĆ,Osoby niepełnosprawnie prawnie o stopniu niepełnosprawności lekkim,2021,powiat chrzanowski,27.83
217,NIEPEŁNOSPRAWNOŚĆ,Osoby niepełnosprawnie prawnie o stopniu niepełnosprawności lekkim,2021,powiat dąbrowski,21.59
217,NIEPEŁNOSPRAWNOŚĆ,Osoby niepełnosprawnie prawnie o stopniu niepełnosprawności lekkim,2021,powiat gorlicki,22.21
217,NIEPEŁNOSPRAWNOŚĆ,Osoby niepełnosprawnie prawnie o stopniu niepełnosprawności lekkim,2021,powiat krakowski,25.69
217,NIEPEŁNOSPRAWNOŚĆ,Osoby niepełnosprawnie prawnie o stopniu niepełnosprawności lekkim,2021,powiat limanowski,23.07
217,NIEPEŁNOSPRAWNOŚĆ,Osoby niepełnosprawnie prawnie o stopniu niepełnosprawności lekkim,2021,powiat m. Kraków,23.82
217,NIEPEŁNOSPRAWNOŚĆ,Osoby niepełnosprawnie prawnie o stopniu niepełnosprawności lekkim,2021,powiat m. Nowy Sącz,23.77
217,NIEPEŁNOSPRAWNOŚĆ,Osoby niepełnosprawnie prawnie o stopniu niepełnosprawności lekkim,2021,powiat m. Tarnów,21.27
217,NIEPEŁNOSPRAWNOŚĆ,Osoby niepełnosprawnie prawnie o stopniu niepełnosprawności lekkim,2021,powiat miechowski,20.01
217,NIEPEŁNOSPRAWNOŚĆ,Osoby niepełnosprawnie prawnie o stopniu niepełnosprawności lekkim,2021,powiat myślenicki,27.28
217,NIEPEŁNOSPRAWNOŚĆ,Osoby niepełnosprawnie prawnie o stopniu niepełnosprawności lekkim,2021,powiat nowosądecki,25.01
217,NIEPEŁNOSPRAWNOŚĆ,Osoby niepełnosprawnie prawnie o stopniu niepełnosprawności lekkim,2021,powiat nowotarski,23.59
217,NIEPEŁNOSPRAWNOŚĆ,Osoby niepełnosprawnie prawnie o stopniu niepełnosprawności lekkim,2021,powiat olkuski,25.13
217,NIEPEŁNOSPRAWNOŚĆ,Osoby niepełnosprawnie prawnie o stopniu niepełnosprawności lekkim,2021,powiat oświęcimski,27.0
217,NIEPEŁNOSPRAWNOŚĆ,Osoby niepełnosprawnie prawnie o stopniu niepełnosprawności lekkim,2021,powiat proszowicki,19.06
217,NIEPEŁNOSPRAWNOŚĆ,Osoby niepełnosprawnie prawnie o stopniu niepełnosprawności lekkim,2021,powiat suski,23.51
217,NIEPEŁNOSPRAWNOŚĆ,Osoby niepełnosprawnie prawnie o stopniu niepełnosprawności lekkim,2021,powiat tarnowski,24.76
217,NIEPEŁNOSPRAWNOŚĆ,Osoby niepełnosprawnie prawnie o stopniu niepełnosprawności lekkim,2021,powiat tatrzański,23.5
217,NIEPEŁNOSPRAWNOŚĆ,Osoby niepełnosprawnie prawnie o stopniu niepełnosprawności lekkim,2021,powiat wadowicki,29.3
217,NIEPEŁNOSPRAWNOŚĆ,Osoby niepełnosprawnie prawnie o stopniu niepełnosprawności lekkim,2021,powiat wielicki,26.68
218,NIEPEŁNOSPRAWNOŚĆ,Osoby niepełnosprawnie prawnie o stopniu niepełnosprawności umiarkowanym,2021,powiat bocheński,42.39
218,NIEPEŁNOSPRAWNOŚĆ,Osoby niepełnosprawnie prawnie o stopniu niepełnosprawności umiarkowanym,2021,powiat brzeski,43.09
218,NIEPEŁNOSPRAWNOŚĆ,Osoby niepełnosprawnie prawnie o stopniu niepełnosprawności umiarkowanym,2021,powiat chrzanowski,41.62
218,NIEPEŁNOSPRAWNOŚĆ,Osoby niepełnosprawnie prawnie o stopniu niepełnosprawności umiarkowanym,2021,powiat dąbrowski,41.46
218,NIEPEŁNOSPRAWNOŚĆ,Osoby niepełnosprawnie prawnie o stopniu niepełnosprawności umiarkowanym,2021,powiat gorlicki,43.93
218,NIEPEŁNOSPRAWNOŚĆ,Osoby niepełnosprawnie prawnie o stopniu niepełnosprawności umiarkowanym,2021,powiat krakowski,46.44
218,NIEPEŁNOSPRAWNOŚĆ,Osoby niepełnosprawnie prawnie o stopniu niepełnosprawności umiarkowanym,2021,powiat limanowski,38.93
218,NIEPEŁNOSPRAWNOŚĆ,Osoby niepełnosprawnie prawnie o stopniu niepełnosprawności umiarkowanym,2021,powiat m. Kraków,53.48
218,NIEPEŁNOSPRAWNOŚĆ,Osoby niepełnosprawnie prawnie o stopniu niepełnosprawności umiarkowanym,2021,powiat m. Nowy Sącz,45.09
218,NIEPEŁNOSPRAWNOŚĆ,Osoby niepełnosprawnie prawnie o stopniu niepełnosprawności umiarkowanym,2021,powiat m. Tarnów,52.7
218,NIEPEŁNOSPRAWNOŚĆ,Osoby niepełnosprawnie prawnie o stopniu niepełnosprawności umiarkowanym,2021,powiat miechowski,42.45
218,NIEPEŁNOSPRAWNOŚĆ,Osoby niepełnosprawnie prawnie o stopniu niepełnosprawności umiarkowanym,2021,powiat myślenicki,43.81
218,NIEPEŁNOSPRAWNOŚĆ,Osoby niepełnosprawnie prawnie o stopniu niepełnosprawności umiarkowanym,2021,powiat nowosądecki,37.98
218,NIEPEŁNOSPRAWNOŚĆ,Osoby niepełnosprawnie prawnie o stopniu niepełnosprawności umiarkowanym,2021,powiat nowotarski,39.23
218,NIEPEŁNOSPRAWNOŚĆ,Osoby niepełnosprawnie prawnie o stopniu niepełnosprawności umiarkowanym,2021,powiat olkuski,42.6
218,NIEPEŁNOSPRAWNOŚĆ,Osoby niepełnosprawnie prawnie o stopniu niepełnosprawności umiarkowanym,2021,powiat oświęcimski,43.45
218,NIEPEŁNOSPRAWNOŚĆ,Osoby niepełnosprawnie prawnie o stopniu niepełnosprawności umiarkowanym,2021,powiat proszowicki,42.36
218,NIEPEŁNOSPRAWNOŚĆ,Osoby niepełnosprawnie prawnie o stopniu niepełnosprawności umiarkowanym,2021,powiat suski,38.84
218,NIEPEŁNOSPRAWNOŚĆ,Osoby niepełnosprawnie prawnie o stopniu niepełnosprawności umiarkowanym,2021,powiat tarnowski,42.77
218,NIEPEŁNOSPRAWNOŚĆ,Osoby niepełnosprawnie prawnie o stopniu niepełnosprawności umiarkowanym,2021,powiat tatrzański,39.89
218,NIEPEŁNOSPRAWNOŚĆ,Osoby niepełnosprawnie prawnie o stopniu niepełnosprawności umiarkowanym,2021,powiat wadowicki,42.57
218,NIEPEŁNOSPRAWNOŚĆ,Osoby niepełnosprawnie prawnie o stopniu niepełnosprawności umiarkowanym,2021,powiat wielicki,45.63
219,NIEPEŁNOSPRAWNOŚĆ,Osoby niepełnosprawnie prawnie o stopniu niepełnosprawności znacznym,2021,powiat bocheński,29.74
219,NIEPEŁNOSPRAWNOŚĆ,Osoby niepełnosprawnie prawnie o stopniu niepełnosprawności znacznym,2021,powiat brzeski,32.77
219,NIEPEŁNOSPRAWNOŚĆ,Osoby niepełnosprawnie prawnie o stopniu niepełnosprawności znacznym,2021,powiat chrzanowski,30.55
219,NIEPEŁNOSPRAWNOŚĆ,Osoby niepełnosprawnie prawnie o stopniu niepełnosprawności znacznym,2021,powiat dąbrowski,36.95
219,NIEPEŁNOSPRAWNOŚĆ,Osoby niepełnosprawnie prawnie o stopniu niepełnosprawności znacznym,2021,powiat gorlicki,33.85
219,NIEPEŁNOSPRAWNOŚĆ,Osoby niepełnosprawnie prawnie o stopniu niepełnosprawności znacznym,2021,powiat krakowski,27.87
219,NIEPEŁNOSPRAWNOŚĆ,Osoby niepełnosprawnie prawnie o stopniu niepełnosprawności znacznym,2021,powiat limanowski,38.0
219,NIEPEŁNOSPRAWNOŚĆ,Osoby niepełnosprawnie prawnie o stopniu niepełnosprawności znacznym,2021,powiat m. Kraków,22.71
219,NIEPEŁNOSPRAWNOŚĆ,Osoby niepełnosprawnie prawnie o stopniu niepełnosprawności znacznym,2021,powiat m. Nowy Sącz,31.14
219,NIEPEŁNOSPRAWNOŚĆ,Osoby niepełnosprawnie prawnie o stopniu niepełnosprawności znacznym,2021,powiat m. Tarnów,26.02
219,NIEPEŁNOSPRAWNOŚĆ,Osoby niepełnosprawnie prawnie o stopniu niepełnosprawności znacznym,2021,powiat miechowski,37.54
219,NIEPEŁNOSPRAWNOŚĆ,Osoby niepełnosprawnie prawnie o stopniu niepełnosprawności znacznym,2021,powiat myślenicki,28.92
219,NIEPEŁNOSPRAWNOŚĆ,Osoby niepełnosprawnie prawnie o stopniu niepełnosprawności znacznym,2021,powiat nowosądecki,37.01
219,NIEPEŁNOSPRAWNOŚĆ,Osoby niepełnosprawnie prawnie o stopniu niepełnosprawności znacznym,2021,powiat nowotarski,37.17
219,NIEPEŁNOSPRAWNOŚĆ,Osoby niepełnosprawnie prawnie o stopniu niepełnosprawności znacznym,2021,powiat olkuski,32.28
219,NIEPEŁNOSPRAWNOŚĆ,Osoby niepełnosprawnie prawnie o stopniu niepełnosprawności znacznym,2021,powiat oświęcimski,29.54
219,NIEPEŁNOSPRAWNOŚĆ,Osoby niepełnosprawnie prawnie o stopniu niepełnosprawności znacznym,2021,powiat proszowicki,38.58
219,NIEPEŁNOSPRAWNOŚĆ,Osoby niepełnosprawnie prawnie o stopniu niepełnosprawności znacznym,2021,powiat suski,37.65
219,NIEPEŁNOSPRAWNOŚĆ,Osoby niepełnosprawnie prawnie o stopniu niepełnosprawności znacznym,2021,powiat tarnowski,32.47
219,NIEPEŁNOSPRAWNOŚĆ,Osoby niepełnosprawnie prawnie o stopniu niepełnosprawności znacznym,2021,powiat tatrzański,36.62
219,NIEPEŁNOSPRAWNOŚĆ,Osoby niepełnosprawnie prawnie o stopniu niepełnosprawności znacznym,2021,powiat wadowicki,28.13
219,NIEPEŁNOSPRAWNOŚĆ,Osoby niepełnosprawnie prawnie o stopniu niepełnosprawności znacznym,2021,powiat wielicki,27.69
67,KULTURA,Wskaźnik dostępności domów i ośrodków kultury,2024,powiat bocheński,633
67,KULTURA,Wskaźnik dostępności domów i ośrodków kultury,2024,powiat brzeski,1575
67,KULTURA,Wskaźnik dostępności domów i ośrodków kultury,2024,powiat chrzanowski,847
67,KULTURA,Wskaźnik dostępności domów i ośrodków kultury,2024,powiat dąbrowski,5205
67,KULTURA,Wskaźnik dostępności domów i ośrodków kultury,2024,powiat gorlicki,731
67,KULTURA,Wskaźnik dostępności domów i ośrodków kultury,2024,powiat krakowski,919
67,KULTURA,Wskaźnik dostępności domów i ośrodków kultury,2024,powiat limanowski,3291
67,KULTURA,Wskaźnik dostępności domów i ośrodków kultury,2024,powiat m. Kraków,1166
67,KULTURA,Wskaźnik dostępności domów i ośrodków kultury,2024,powiat m. Nowy Sącz,7982
67,KULTURA,Wskaźnik dostępności domów i ośrodków kultury,2024,powiat m. Tarnów,1086
67,KULTURA,Wskaźnik dostępności domów i ośrodków kultury,2024,powiat miechowski,4210
67,KULTURA,Wskaźnik dostępności domów i ośrodków kultury,2024,powiat myślenicki,1040
67,KULTURA,Wskaźnik dostępności domów i ośrodków kultury,2024,powiat nowosądecki,1628
67,KULTURA,Wskaźnik dostępności domów i ośrodków kultury,2024,powiat nowotarski,2184
67,KULTURA,Wskaźnik dostępności domów i ośrodków kultury,2024,powiat olkuski,1082
67,KULTURA,Wskaźnik dostępności domów i ośrodków kultury,2024,powiat oświęcimski,947
67,KULTURA,Wskaźnik dostępności domów i ośrodków kultury,2024,powiat proszowicki,1747
67,KULTURA,Wskaźnik dostępności domów i ośrodków kultury,2024,powiat suski,1163
67,KULTURA,Wskaźnik dostępności domów i ośrodków kultury,2024,powiat tarnowski,1877
67,KULTURA,Wskaźnik dostępności domów i ośrodków kultury,2024,powiat tatrzański,1327
67,KULTURA,Wskaźnik dostępności domów i ośrodków kultury,2024,powiat wadowicki,364
67,KULTURA,Wskaźnik dostępności domów i ośrodków kultury,2024,powiat wielicki,1912
21,KULTURA,Wskaźnik dostępności muzeów,2024,powiat bocheński,35662
21,KULTURA,Wskaźnik dostępności muzeów,2024,powiat brzeski,30447
21,KULTURA,Wskaźnik dostępności muzeów,2024,powiat chrzanowski,39252
21,KULTURA,Wskaźnik dostępności muzeów,2024,powiat dąbrowski,
21,KULTURA,Wskaźnik dostępności muzeów,2024,powiat gorlicki,10459
21,KULTURA,Wskaźnik dostępności muzeów,2024,powiat krakowski,101426
21,KULTURA,Wskaźnik dostępności muzeów,2024,powiat limanowski,131626
21,KULTURA,Wskaźnik dostępności muzeów,2024,powiat m. Kraków,16858
21,KULTURA,Wskaźnik dostępności muzeów,2024,powiat m. Nowy Sącz,26607
21,KULTURA,Wskaźnik dostępności muzeów,2024,powiat m. Tarnów,20425
21,KULTURA,Wskaźnik dostępności muzeów,2024,powiat miechowski,46305
21,KULTURA,Wskaźnik dostępności muzeów,2024,powiat myślenicki,129984
21,KULTURA,Wskaźnik dostępności muzeów,2024,powiat nowosądecki,214876
21,KULTURA,Wskaźnik dostępności muzeów,2024,powiat nowotarski,37997
21,KULTURA,Wskaźnik dostępności muzeów,2024,powiat olkuski,105000
21,KULTURA,Wskaźnik dostępności muzeów,2024,powiat oświęcimski,36920
21,KULTURA,Wskaźnik dostępności muzeów,2024,powiat proszowicki,41929
21,KULTURA,Wskaźnik dostępności muzeów,2024,powiat suski,27515
21,KULTURA,Wskaźnik dostępności muzeów,2024,powiat tarnowski,98560
21,KULTURA,Wskaźnik dostępności muzeów,2024,powiat tatrzański,22115
21,KULTURA,Wskaźnik dostępności muzeów,2024,powiat wadowicki,39275
21,KULTURA,Wskaźnik dostępności muzeów,2024,powiat wielicki,29055
20,KULTURA,Wskaźnik dostępności bibliotek,2024,powiat bocheński,2891
20,KULTURA,Wskaźnik dostępności bibliotek,2024,powiat brzeski,3262
20,KULTURA,Wskaźnik dostępności bibliotek,2024,powiat chrzanowski,3271
20,KULTURA,Wskaźnik dostępności bibliotek,2024,powiat dąbrowski,3181
20,KULTURA,Wskaźnik dostępności bibliotek,2024,powiat gorlicki,3269
20,KULTURA,Wskaźnik dostępności bibliotek,2024,powiat krakowski,4112
20,KULTURA,Wskaźnik dostępności bibliotek,2024,powiat limanowski,3557
20,KULTURA,Wskaźnik dostępności bibliotek,2024,powiat m. Kraków,12449
20,KULTURA,Wskaźnik dostępności bibliotek,2024,powiat m. Nowy Sącz,9978
20,KULTURA,Wskaźnik dostępności bibliotek,2024,powiat m. Tarnów,7856
20,KULTURA,Wskaźnik dostępności bibliotek,2024,powiat miechowski,4210
20,KULTURA,Wskaźnik dostępności bibliotek,2024,powiat myślenicki,5908
20,KULTURA,Wskaźnik dostępności bibliotek,2024,powiat nowosądecki,3907
20,KULTURA,Wskaźnik dostępności bibliotek,2024,powiat nowotarski,3393
20,KULTURA,Wskaźnik dostępności bibliotek,2024,powiat olkuski,4375
20,KULTURA,Wskaźnik dostępności bibliotek,2024,powiat oświęcimski,5092
20,KULTURA,Wskaźnik dostępności bibliotek,2024,powiat proszowicki,3812
20,KULTURA,Wskaźnik dostępności bibliotek,2024,powiat suski,2948
20,KULTURA,Wskaźnik dostępności bibliotek,2024,powiat tarnowski,3179
20,KULTURA,Wskaźnik dostępności bibliotek,2024,powiat tatrzański,3492
20,KULTURA,Wskaźnik dostępności bibliotek,2024,powiat wadowicki,3653
20,KULTURA,Wskaźnik dostępności bibliotek,2024,powiat wielicki,7264
68,KULTURA,Wskaźnik czytelnictwa,2024,powiat bocheński,18
68,KULTURA,Wskaźnik czytelnictwa,2024,powiat brzeski,21
68,KULTURA,Wskaźnik czytelnictwa,2024,powiat chrzanowski,20
68,KULTURA,Wskaźnik czytelnictwa,2024,powiat dąbrowski,25
68,KULTURA,Wskaźnik czytelnictwa,2024,powiat gorlicki,17
68,KULTURA,Wskaźnik czytelnictwa,2024,powiat krakowski,16
68,KULTURA,Wskaźnik czytelnictwa,2024,powiat limanowski,17
68,KULTURA,Wskaźnik czytelnictwa,2024,powiat m. Kraków,12
68,KULTURA,Wskaźnik czytelnictwa,2024,powiat m. Nowy Sącz,20
68,KULTURA,Wskaźnik czytelnictwa,2024,powiat m. Tarnów,17
68,KULTURA,Wskaźnik czytelnictwa,2024,powiat miechowski,18
68,KULTURA,Wskaźnik czytelnictwa,2024,powiat myślenicki,18
68,KULTURA,Wskaźnik czytelnictwa,2024,powiat nowosądecki,16
68,KULTURA,Wskaźnik czytelnictwa,2024,powiat nowotarski,15
68,KULTURA,Wskaźnik czytelnictwa,2024,powiat olkuski,21
68,KULTURA,Wskaźnik czytelnictwa,2024,powiat oświęcimski,17
68,KULTURA,Wskaźnik czytelnictwa,2024,powiat proszowicki,12
68,KULTURA,Wskaźnik czytelnictwa,2024,powiat suski,19
68,KULTURA,Wskaźnik czytelnictwa,2024,powiat tarnowski,21
68,KULTURA,Wskaźnik czytelnictwa,2024,powiat tatrzański,14
68,KULTURA,Wskaźnik czytelnictwa,2024,powiat wadowicki,18
68,KULTURA,Wskaźnik czytelnictwa,2024,powiat wielicki,17
24,EDUKACJA,Edukacja przedszkolna,2024,powiat bocheński,96.4
24,EDUKACJA,Edukacja przedszkolna,2024,powiat brzeski,91.8
24,EDUKACJA,Edukacja przedszkolna,2024,powiat chrzanowski,98.5
24,EDUKACJA,Edukacja przedszkolna,2024,powiat dąbrowski,89.7
24,EDUKACJA,Edukacja przedszkolna,2024,powiat gorlicki,87.5
24,EDUKACJA,Edukacja przedszkolna,2024,powiat krakowski,92.7
24,EDUKACJA,Edukacja przedszkolna,2024,powiat limanowski,87.0
24,EDUKACJA,Edukacja przedszkolna,2024,powiat m. Kraków,104.3
24,EDUKACJA,Edukacja przedszkolna,2024,powiat m. Nowy Sącz,121.3
24,EDUKACJA,Edukacja przedszkolna,2024,powiat m. Tarnów,117.0
24,EDUKACJA,Edukacja przedszkolna,2024,powiat miechowski,92.9
24,EDUKACJA,Edukacja przedszkolna,2024,powiat myślenicki,95.9
24,EDUKACJA,Edukacja przedszkolna,2024,powiat nowosądecki,77.3
24,EDUKACJA,Edukacja przedszkolna,2024,powiat nowotarski,89.6
24,EDUKACJA,Edukacja przedszkolna,2024,powiat olkuski,96.4
24,EDUKACJA,Edukacja przedszkolna,2024,powiat oświęcimski,99.1
24,EDUKACJA,Edukacja przedszkolna,2024,powiat proszowicki,94.6
24,EDUKACJA,Edukacja przedszkolna,2024,powiat suski,87.9
24,EDUKACJA,Edukacja przedszkolna,2024,powiat tarnowski,85.5
24,EDUKACJA,Edukacja przedszkolna,2024,powiat tatrzański,92.1
24,EDUKACJA,Edukacja przedszkolna,2024,powiat wadowicki,95.8
24,EDUKACJA,Edukacja przedszkolna,2024,powiat wielicki,100.3
81,EDUKACJA,Zdawalność egzaminu maturalnego w technikach,2024,powiat bocheński,95.0
81,EDUKACJA,Zdawalność egzaminu maturalnego w technikach,2024,powiat brzeski,92.0
81,EDUKACJA,Zdawalność egzaminu maturalnego w technikach,2024,powiat chrzanowski,87.0
81,EDUKACJA,Zdawalność egzaminu maturalnego w technikach,2024,powiat dąbrowski,88.0
81,EDUKACJA,Zdawalność egzaminu maturalnego w technikach,2024,powiat gorlicki,89.0
81,EDUKACJA,Zdawalność egzaminu maturalnego w technikach,2024,powiat krakowski,84.0
81,EDUKACJA,Zdawalność egzaminu maturalnego w technikach,2024,powiat limanowski,86.0
81,EDUKACJA,Zdawalność egzaminu maturalnego w technikach,2024,powiat m. Kraków,89.0
81,EDUKACJA,Zdawalność egzaminu maturalnego w technikach,2024,powiat m. Nowy Sącz,90.0
81,EDUKACJA,Zdawalność egzaminu maturalnego w technikach,2024,powiat m. Tarnów,89.0
81,EDUKACJA,Zdawalność egzaminu maturalnego w technikach,2024,powiat miechowski,81.0
81,EDUKACJA,Zdawalność egzaminu maturalnego w technikach,2024,powiat myślenicki,85.0
81,EDUKACJA,Zdawalność egzaminu maturalnego w technikach,2024,powiat nowosądecki,75.0
81,EDUKACJA,Zdawalność egzaminu maturalnego w technikach,2024,powiat nowotarski,93.0
81,EDUKACJA,Zdawalność egzaminu maturalnego w technikach,2024,powiat olkuski,93.0
81,EDUKACJA,Zdawalność egzaminu maturalnego w technikach,2024,powiat oświęcimski,93.0
81,EDUKACJA,Zdawalność egzaminu maturalnego w technikach,2024,powiat proszowicki,79.0
81,EDUKACJA,Zdawalność egzaminu maturalnego w technikach,2024,powiat suski,88.0
81,EDUKACJA,Zdawalność egzaminu maturalnego w technikach,2024,powiat tarnowski,71.0
81,EDUKACJA,Zdawalność egzaminu maturalnego w technikach,2024,powiat tatrzański,86.0
81,EDUKACJA,Zdawalność egzaminu maturalnego w technikach,2024,powiat wadowicki,89.0
81,EDUKACJA,Zdawalność egzaminu maturalnego w technikach,2024,powiat wielicki,96.0
80,EDUKACJA,Zdawalność egzaminu maturalnego w liceach ogólnokształcących,2024,powiat bocheński,93.0
80,EDUKACJA,Zdawalność egzaminu maturalnego w liceach ogólnokształcących,2024,powiat brzeski,90.0
80,EDUKACJA,Zdawalność egzaminu maturalnego w liceach ogólnokształcących,2024,powiat chrzanowski,92.0
80,EDUKACJA,Zdawalność egzaminu maturalnego w liceach ogólnokształcących,2024,powiat dąbrowski,95.0
80,EDUKACJA,Zdawalność egzaminu maturalnego w liceach ogólnokształcących,2024,powiat gorlicki,97.0
80,EDUKACJA,Zdawalność egzaminu maturalnego w liceach ogólnokształcących,2024,powiat krakowski,94.0
80,EDUKACJA,Zdawalność egzaminu maturalnego w liceach ogólnokształcących,2024,powiat limanowski,90.0
80,EDUKACJA,Zdawalność egzaminu maturalnego w liceach ogólnokształcących,2024,powiat m. Kraków,95.0
80,EDUKACJA,Zdawalność egzaminu maturalnego w liceach ogólnokształcących,2024,powiat m. Nowy Sącz,95.0
80,EDUKACJA,Zdawalność egzaminu maturalnego w liceach ogólnokształcących,2024,powiat m. Tarnów,94.0
80,EDUKACJA,Zdawalność egzaminu maturalnego w liceach ogólnokształcących,2024,powiat miechowski,88.0
80,EDUKACJA,Zdawalność egzaminu maturalnego w liceach ogólnokształcących,2024,powiat myślenicki,95.0
80,EDUKACJA,Zdawalność egzaminu maturalnego w liceach ogólnokształcących,2024,powiat nowosądecki,93.0
80,EDUKACJA,Zdawalność egzaminu maturalnego w liceach ogólnokształcących,2024,powiat nowotarski,90.0
80,EDUKACJA,Zdawalność egzaminu maturalnego w liceach ogólnokształcących,2024,powiat olkuski,96.0
80,EDUKACJA,Zdawalność egzaminu maturalnego w liceach ogólnokształcących,2024,powiat oświęcimski,90.0
80,EDUKACJA,Zdawalność egzaminu maturalnego w liceach ogólnokształcących,2024,powiat proszowicki,81.0
80,EDUKACJA,Zdawalność egzaminu maturalnego w liceach ogólnokształcących,2024,powiat suski,97.0
80,EDUKACJA,Zdawalność egzaminu maturalnego w liceach ogólnokształcących,2024,powiat tarnowski,94.0
80,EDUKACJA,Zdawalność egzaminu maturalnego w liceach ogólnokształcących,2024,powiat tatrzański,85.0
80,EDUKACJA,Zdawalność egzaminu maturalnego w liceach ogólnokształcących,2024,powiat wadowicki,94.0
80,EDUKACJA,Zdawalność egzaminu maturalnego w liceach ogólnokształcących,2024,powiat wielicki,92.0
262,EDUKACJA,Wyniki egzaminu ósmoklasisty – język polski,2024,powiat bocheński,67.25
262,EDUKACJA,Wyniki egzaminu ósmoklasisty – język polski,2024,powiat brzeski,61.95
262,EDUKACJA,Wyniki egzaminu ósmoklasisty – język polski,2024,powiat chrzanowski,60.58
262,EDUKACJA,Wyniki egzaminu ósmoklasisty – język polski,2024,powiat dąbrowski,60.7
262,EDUKACJA,Wyniki egzaminu ósmoklasisty – język polski,2024,powiat gorlicki,64.37
262,EDUKACJA,Wyniki egzaminu ósmoklasisty – język polski,2024,powiat krakowski,67.67
262,EDUKACJA,Wyniki egzaminu ósmoklasisty – język polski,2024,powiat limanowski,63.09
262,EDUKACJA,Wyniki egzaminu ósmoklasisty – język polski,2024,powiat m. Kraków,74.27
262,EDUKACJA,Wyniki egzaminu ósmoklasisty – język polski,2024,powiat m. Nowy Sącz,65.7
262,EDUKACJA,Wyniki egzaminu ósmoklasisty – język polski,2024,powiat m. Tarnów,68.44
262,EDUKACJA,Wyniki egzaminu ósmoklasisty – język polski,2024,powiat miechowski,64.51
262,EDUKACJA,Wyniki egzaminu ósmoklasisty – język polski,2024,powiat myślenicki,67.34
262,EDUKACJA,Wyniki egzaminu ósmoklasisty – język polski,2024,powiat nowosądecki,64.24
262,EDUKACJA,Wyniki egzaminu ósmoklasisty – język polski,2024,powiat nowotarski,63.75
262,EDUKACJA,Wyniki egzaminu ósmoklasisty – język polski,2024,powiat olkuski,64.35
262,EDUKACJA,Wyniki egzaminu ósmoklasisty – język polski,2024,powiat oświęcimski,62.7
262,EDUKACJA,Wyniki egzaminu ósmoklasisty – język polski,2024,powiat proszowicki,58.28
262,EDUKACJA,Wyniki egzaminu ósmoklasisty – język polski,2024,powiat suski,65.73
262,EDUKACJA,Wyniki egzaminu ósmoklasisty – język polski,2024,powiat tarnowski,62.23
262,EDUKACJA,Wyniki egzaminu ósmoklasisty – język polski,2024,powiat tatrzański,59.96
262,EDUKACJA,Wyniki egzaminu ósmoklasisty – język polski,2024,powiat wadowicki,65.86
262,EDUKACJA,Wyniki egzaminu ósmoklasisty – język polski,2024,powiat wielicki,65.29
263,EDUKACJA,Wyniki egzaminu ósmoklasisty – język angielski podstawowy,2024,powiat bocheński,68.21
263,EDUKACJA,Wyniki egzaminu ósmoklasisty – język angielski podstawowy,2024,powiat brzeski,61.41
263,EDUKACJA,Wyniki egzaminu ósmoklasisty – język angielski podstawowy,2024,powiat chrzanowski,69.12
263,EDUKACJA,Wyniki egzaminu ósmoklasisty – język angielski podstawowy,2024,powiat dąbrowski,60.69
263,EDUKACJA,Wyniki egzaminu ósmoklasisty – język angielski podstawowy,2024,powiat gorlicki,59.37
263,EDUKACJA,Wyniki egzaminu ósmoklasisty – język angielski podstawowy,2024,powiat krakowski,73.38
263,EDUKACJA,Wyniki egzaminu ósmoklasisty – język angielski podstawowy,2024,powiat limanowski,59.82
263,EDUKACJA,Wyniki egzaminu ósmoklasisty – język angielski podstawowy,2024,powiat m. Kraków,83.04
263,EDUKACJA,Wyniki egzaminu ósmoklasisty – język angielski podstawowy,2024,powiat m. Nowy Sącz,71.27
263,EDUKACJA,Wyniki egzaminu ósmoklasisty – język angielski podstawowy,2024,powiat m. Tarnów,75.3
263,EDUKACJA,Wyniki egzaminu ósmoklasisty – język angielski podstawowy,2024,powiat miechowski,62.83
263,EDUKACJA,Wyniki egzaminu ósmoklasisty – język angielski podstawowy,2024,powiat myślenicki,68.87
263,EDUKACJA,Wyniki egzaminu ósmoklasisty – język angielski podstawowy,2024,powiat nowosądecki,62.72
263,EDUKACJA,Wyniki egzaminu ósmoklasisty – język angielski podstawowy,2024,powiat nowotarski,61.01
263,EDUKACJA,Wyniki egzaminu ósmoklasisty – język angielski podstawowy,2024,powiat olkuski,69.16
263,EDUKACJA,Wyniki egzaminu ósmoklasisty – język angielski podstawowy,2024,powiat oświęcimski,67.63
263,EDUKACJA,Wyniki egzaminu ósmoklasisty – język angielski podstawowy,2024,powiat proszowicki,56.91
263,EDUKACJA,Wyniki egzaminu ósmoklasisty – język angielski podstawowy,2024,powiat suski,66.35
263,EDUKACJA,Wyniki egzaminu ósmoklasisty – język angielski podstawowy,2024,powiat tarnowski,62.79
263,EDUKACJA,Wyniki egzaminu ósmoklasisty – język angielski podstawowy,2024,powiat tatrzański,62.45
263,EDUKACJA,Wyniki egzaminu ósmoklasisty – język angielski podstawowy,2024,powiat wadowicki,67.27
263,EDUKACJA,Wyniki egzaminu ósmoklasisty – język angielski podstawowy,2024,powiat wielicki,73.72
264,EDUKACJA,Wyniki egzaminu ósmoklasisty – matematyka,2024,powiat bocheński,59.53
264,EDUKACJA,Wyniki egzaminu ósmoklasisty – matematyka,2024,powiat brzeski,50.88
264,EDUKACJA,Wyniki egzaminu ósmoklasisty – matematyka,2024,powiat chrzanowski,50.45
264,EDUKACJA,Wyniki egzaminu ósmoklasisty – matematyka,2024,powiat dąbrowski,52.12
264,EDUKACJA,Wyniki egzaminu ósmoklasisty – matematyka,2024,powiat gorlicki,50.05
264,EDUKACJA,Wyniki egzaminu ósmoklasisty – matematyka,2024,powiat krakowski,62.86
264,EDUKACJA,Wyniki egzaminu ósmoklasisty – matematyka,2024,powiat limanowski,53.04
264,EDUKACJA,Wyniki egzaminu ósmoklasisty – matematyka,2024,powiat m. Kraków,70.72
264,EDUKACJA,Wyniki egzaminu ósmoklasisty – matematyka,2024,powiat m. Nowy Sącz,55.06
264,EDUKACJA,Wyniki egzaminu ósmoklasisty – matematyka,2024,powiat m. Tarnów,60.61
264,EDUKACJA,Wyniki egzaminu ósmoklasisty – matematyka,2024,powiat miechowski,52.3
264,EDUKACJA,Wyniki egzaminu ósmoklasisty – matematyka,2024,powiat myślenicki,59.45
264,EDUKACJA,Wyniki egzaminu ósmoklasisty – matematyka,2024,powiat nowosądecki,52.78
264,EDUKACJA,Wyniki egzaminu ósmoklasisty – matematyka,2024,powiat nowotarski,49.84
264,EDUKACJA,Wyniki egzaminu ósmoklasisty – matematyka,2024,powiat olkuski,54.65
264,EDUKACJA,Wyniki egzaminu ósmoklasisty – matematyka,2024,powiat oświęcimski,54.61
264,EDUKACJA,Wyniki egzaminu ósmoklasisty – matematyka,2024,powiat proszowicki,43.09
264,EDUKACJA,Wyniki egzaminu ósmoklasisty – matematyka,2024,powiat suski,55.08
264,EDUKACJA,Wyniki egzaminu ósmoklasisty – matematyka,2024,powiat tarnowski,53.61
264,EDUKACJA,Wyniki egzaminu ósmoklasisty – matematyka,2024,powiat tatrzański,50.45
264,EDUKACJA,Wyniki egzaminu ósmoklasisty – matematyka,2024,powiat wadowicki,57.63
264,EDUKACJA,Wyniki egzaminu ósmoklasisty – matematyka,2024,powiat wielicki,62.64
207,EDUKACJA,Wyniki egzaminu gimnazjalnego - język polski,2019,powiat bocheński,65.0
207,EDUKACJA,Wyniki egzaminu gimnazjalnego - język polski,2019,powiat brzeski,64.0
207,EDUKACJA,Wyniki egzaminu gimnazjalnego - język polski,2019,powiat chrzanowski,65.0
207,EDUKACJA,Wyniki egzaminu gimnazjalnego - język polski,2019,powiat dąbrowski,65.0
207,EDUKACJA,Wyniki egzaminu gimnazjalnego - język polski,2019,powiat gorlicki,64.0
207,EDUKACJA,Wyniki egzaminu gimnazjalnego - język polski,2019,powiat krakowski,66.0
207,EDUKACJA,Wyniki egzaminu gimnazjalnego - język polski,2019,powiat limanowski,64.0
207,EDUKACJA,Wyniki egzaminu gimnazjalnego - język polski,2019,powiat m. Kraków,72.0
207,EDUKACJA,Wyniki egzaminu gimnazjalnego - język polski,2019,powiat m. Nowy Sącz,69.0
207,EDUKACJA,Wyniki egzaminu gimnazjalnego - język polski,2019,powiat m. Tarnów,67.0
207,EDUKACJA,Wyniki egzaminu gimnazjalnego - język polski,2019,powiat miechowski,63.0
207,EDUKACJA,Wyniki egzaminu gimnazjalnego - język polski,2019,powiat myślenicki,68.0
207,EDUKACJA,Wyniki egzaminu gimnazjalnego - język polski,2019,powiat nowosądecki,64.0
207,EDUKACJA,Wyniki egzaminu gimnazjalnego - język polski,2019,powiat nowotarski,63.0
207,EDUKACJA,Wyniki egzaminu gimnazjalnego - język polski,2019,powiat olkuski,65.0
207,EDUKACJA,Wyniki egzaminu gimnazjalnego - język polski,2019,powiat oświęcimski,66.0
207,EDUKACJA,Wyniki egzaminu gimnazjalnego - język polski,2019,powiat proszowicki,62.0
207,EDUKACJA,Wyniki egzaminu gimnazjalnego - język polski,2019,powiat suski,65.0
207,EDUKACJA,Wyniki egzaminu gimnazjalnego - język polski,2019,powiat tarnowski,64.0
207,EDUKACJA,Wyniki egzaminu gimnazjalnego - język polski,2019,powiat tatrzański,62.0
207,EDUKACJA,Wyniki egzaminu gimnazjalnego - język polski,2019,powiat wadowicki,67.0
207,EDUKACJA,Wyniki egzaminu gimnazjalnego - język polski,2019,powiat wielicki,67.0
208,EDUKACJA,Wyniki egzaminu gimnazjalnego - język angielski podstawowy,2019,powiat bocheński,67.0
208,EDUKACJA,Wyniki egzaminu gimnazjalnego - język angielski podstawowy,2019,powiat brzeski,64.0
208,EDUKACJA,Wyniki egzaminu gimnazjalnego - język angielski podstawowy,2019,powiat chrzanowski,72.0
208,EDUKACJA,Wyniki egzaminu gimnazjalnego - język angielski podstawowy,2019,powiat dąbrowski,68.0
208,EDUKACJA,Wyniki egzaminu gimnazjalnego - język angielski podstawowy,2019,powiat gorlicki,62.0
208,EDUKACJA,Wyniki egzaminu gimnazjalnego - język angielski podstawowy,2019,powiat krakowski,69.0
208,EDUKACJA,Wyniki egzaminu gimnazjalnego - język angielski podstawowy,2019,powiat limanowski,61.0
208,EDUKACJA,Wyniki egzaminu gimnazjalnego - język angielski podstawowy,2019,powiat m. Kraków,82.0
208,EDUKACJA,Wyniki egzaminu gimnazjalnego - język angielski podstawowy,2019,powiat m. Nowy Sącz,73.0
208,EDUKACJA,Wyniki egzaminu gimnazjalnego - język angielski podstawowy,2019,powiat m. Tarnów,76.0
208,EDUKACJA,Wyniki egzaminu gimnazjalnego - język angielski podstawowy,2019,powiat miechowski,61.0
208,EDUKACJA,Wyniki egzaminu gimnazjalnego - język angielski podstawowy,2019,powiat myślenicki,69.0
208,EDUKACJA,Wyniki egzaminu gimnazjalnego - język angielski podstawowy,2019,powiat nowosądecki,60.0
208,EDUKACJA,Wyniki egzaminu gimnazjalnego - język angielski podstawowy,2019,powiat nowotarski,63.0
208,EDUKACJA,Wyniki egzaminu gimnazjalnego - język angielski podstawowy,2019,powiat olkuski,70.0
208,EDUKACJA,Wyniki egzaminu gimnazjalnego - język angielski podstawowy,2019,powiat oświęcimski,69.0
208,EDUKACJA,Wyniki egzaminu gimnazjalnego - język angielski podstawowy,2019,powiat proszowicki,58.0
208,EDUKACJA,Wyniki egzaminu gimnazjalnego - język angielski podstawowy,2019,powiat suski,65.0
208,EDUKACJA,Wyniki egzaminu gimnazjalnego - język angielski podstawowy,2019,powiat tarnowski,63.0
208,EDUKACJA,Wyniki egzaminu gimnazjalnego - język angielski podstawowy,2019,powiat tatrzański,63.0
208,EDUKACJA,Wyniki egzaminu gimnazjalnego - język angielski podstawowy,2019,powiat wadowicki,67.0
208,EDUKACJA,Wyniki egzaminu gimnazjalnego - język angielski podstawowy,2019,powiat wielicki,72.0
209,EDUKACJA,Wyniki egzaminu gimnazjalnego - matematyka,2019,powiat bocheński,46.0
209,EDUKACJA,Wyniki egzaminu gimnazjalnego - matematyka,2019,powiat brzeski,44.0
209,EDUKACJA,Wyniki egzaminu gimnazjalnego - matematyka,2019,powiat chrzanowski,44.0
209,EDUKACJA,Wyniki egzaminu gimnazjalnego - matematyka,2019,powiat dąbrowski,42.0
209,EDUKACJA,Wyniki egzaminu gimnazjalnego - matematyka,2019,powiat gorlicki,41.0
209,EDUKACJA,Wyniki egzaminu gimnazjalnego - matematyka,2019,powiat krakowski,47.0
209,EDUKACJA,Wyniki egzaminu gimnazjalnego - matematyka,2019,powiat limanowski,45.0
209,EDUKACJA,Wyniki egzaminu gimnazjalnego - matematyka,2019,powiat m. Kraków,57.0
209,EDUKACJA,Wyniki egzaminu gimnazjalnego - matematyka,2019,powiat m. Nowy Sącz,46.0
209,EDUKACJA,Wyniki egzaminu gimnazjalnego - matematyka,2019,powiat m. Tarnów,48.0
209,EDUKACJA,Wyniki egzaminu gimnazjalnego - matematyka,2019,powiat miechowski,40.0
209,EDUKACJA,Wyniki egzaminu gimnazjalnego - matematyka,2019,powiat myślenicki,48.0
209,EDUKACJA,Wyniki egzaminu gimnazjalnego - matematyka,2019,powiat nowosądecki,43.0
209,EDUKACJA,Wyniki egzaminu gimnazjalnego - matematyka,2019,powiat nowotarski,42.0
209,EDUKACJA,Wyniki egzaminu gimnazjalnego - matematyka,2019,powiat olkuski,45.0
209,EDUKACJA,Wyniki egzaminu gimnazjalnego - matematyka,2019,powiat oświęcimski,45.0
209,EDUKACJA,Wyniki egzaminu gimnazjalnego - matematyka,2019,powiat proszowicki,42.0
209,EDUKACJA,Wyniki egzaminu gimnazjalnego - matematyka,2019,powiat suski,46.0
209,EDUKACJA,Wyniki egzaminu gimnazjalnego - matematyka,2019,powiat tarnowski,43.0
209,EDUKACJA,Wyniki egzaminu gimnazjalnego - matematyka,2019,powiat tatrzański,41.0
209,EDUKACJA,Wyniki egzaminu gimnazjalnego - matematyka,2019,powiat wadowicki,50.0
209,EDUKACJA,Wyniki egzaminu gimnazjalnego - matematyka,2019,powiat wielicki,47.0
265,EDUKACJA,Wybory edukacyjne ósmoklasistów – technikum,2024,powiat bocheński,42.36
265,EDUKACJA,Wybory edukacyjne ósmoklasistów – technikum,2024,powiat brzeski,47.96
265,EDUKACJA,Wybory edukacyjne ósmoklasistów – technikum,2024,powiat chrzanowski,35.04
265,EDUKACJA,Wybory edukacyjne ósmoklasistów – technikum,2024,powiat dąbrowski,33.82
265,EDUKACJA,Wybory edukacyjne ósmoklasistów – technikum,2024,powiat gorlicki,42.54
265,EDUKACJA,Wybory edukacyjne ósmoklasistów – technikum,2024,powiat krakowski,36.2
265,EDUKACJA,Wybory edukacyjne ósmoklasistów – technikum,2024,powiat limanowski,49.21
265,EDUKACJA,Wybory edukacyjne ósmoklasistów – technikum,2024,powiat m. Kraków,30.86
265,EDUKACJA,Wybory edukacyjne ósmoklasistów – technikum,2024,powiat m. Nowy Sącz,39.35
265,EDUKACJA,Wybory edukacyjne ósmoklasistów – technikum,2024,powiat m. Tarnów,32.05
265,EDUKACJA,Wybory edukacyjne ósmoklasistów – technikum,2024,powiat miechowski,56.33
265,EDUKACJA,Wybory edukacyjne ósmoklasistów – technikum,2024,powiat myślenicki,44.32
265,EDUKACJA,Wybory edukacyjne ósmoklasistów – technikum,2024,powiat nowosądecki,33.48
265,EDUKACJA,Wybory edukacyjne ósmoklasistów – technikum,2024,powiat nowotarski,34.53
265,EDUKACJA,Wybory edukacyjne ósmoklasistów – technikum,2024,powiat olkuski,32.99
265,EDUKACJA,Wybory edukacyjne ósmoklasistów – technikum,2024,powiat oświęcimski,27.62
265,EDUKACJA,Wybory edukacyjne ósmoklasistów – technikum,2024,powiat proszowicki,48.2
265,EDUKACJA,Wybory edukacyjne ósmoklasistów – technikum,2024,powiat suski,47.45
265,EDUKACJA,Wybory edukacyjne ósmoklasistów – technikum,2024,powiat tarnowski,32.58
265,EDUKACJA,Wybory edukacyjne ósmoklasistów – technikum,2024,powiat tatrzański,38.78
265,EDUKACJA,Wybory edukacyjne ósmoklasistów – technikum,2024,powiat wadowicki,36.13
265,EDUKACJA,Wybory edukacyjne ósmoklasistów – technikum,2024,powiat wielicki,30.73
266,EDUKACJA,Wybory edukacyjne ósmoklasistów – liceum ogólnokształcące,2024,powiat bocheński,39.93
266,EDUKACJA,Wybory edukacyjne ósmoklasistów – liceum ogólnokształcące,2024,powiat brzeski,15.68
266,EDUKACJA,Wybory edukacyjne ósmoklasistów – liceum ogólnokształcące,2024,powiat chrzanowski,40.66
266,EDUKACJA,Wybory edukacyjne ósmoklasistów – liceum ogólnokształcące,2024,powiat dąbrowski,35.3
266,EDUKACJA,Wybory edukacyjne ósmoklasistów – liceum ogólnokształcące,2024,powiat gorlicki,30.51
266,EDUKACJA,Wybory edukacyjne ósmoklasistów – liceum ogólnokształcące,2024,powiat krakowski,44.93
266,EDUKACJA,Wybory edukacyjne ósmoklasistów – liceum ogólnokształcące,2024,powiat limanowski,25.71
266,EDUKACJA,Wybory edukacyjne ósmoklasistów – liceum ogólnokształcące,2024,powiat m. Kraków,61.25
266,EDUKACJA,Wybory edukacyjne ósmoklasistów – liceum ogólnokształcące,2024,powiat m. Nowy Sącz,46.76
266,EDUKACJA,Wybory edukacyjne ósmoklasistów – liceum ogólnokształcące,2024,powiat m. Tarnów,49.59
266,EDUKACJA,Wybory edukacyjne ósmoklasistów – liceum ogólnokształcące,2024,powiat miechowski,33.54
266,EDUKACJA,Wybory edukacyjne ósmoklasistów – liceum ogólnokształcące,2024,powiat myślenicki,35.7
266,EDUKACJA,Wybory edukacyjne ósmoklasistów – liceum ogólnokształcące,2024,powiat nowosądecki,39.8
266,EDUKACJA,Wybory edukacyjne ósmoklasistów – liceum ogólnokształcące,2024,powiat nowotarski,32.08
266,EDUKACJA,Wybory edukacyjne ósmoklasistów – liceum ogólnokształcące,2024,powiat olkuski,43.71
266,EDUKACJA,Wybory edukacyjne ósmoklasistów – liceum ogólnokształcące,2024,powiat oświęcimski,44.65
266,EDUKACJA,Wybory edukacyjne ósmoklasistów – liceum ogólnokształcące,2024,powiat proszowicki,25.18
266,EDUKACJA,Wybory edukacyjne ósmoklasistów – liceum ogólnokształcące,2024,powiat suski,33.85
266,EDUKACJA,Wybory edukacyjne ósmoklasistów – liceum ogólnokształcące,2024,powiat tarnowski,34.46
266,EDUKACJA,Wybory edukacyjne ósmoklasistów – liceum ogólnokształcące,2024,powiat tatrzański,23.66
266,EDUKACJA,Wybory edukacyjne ósmoklasistów – liceum ogólnokształcące,2024,powiat wadowicki,37.68
266,EDUKACJA,Wybory edukacyjne ósmoklasistów – liceum ogólnokształcące,2024,powiat wielicki,44.71
267,EDUKACJA,Wybory edukacyjne ósmoklasistów – szkoła branżowa I stopnia,2024,powiat bocheński,17.71
267,EDUKACJA,Wybory edukacyjne ósmoklasistów – szkoła branżowa I stopnia,2024,powiat brzeski,36.36
267,EDUKACJA,Wybory edukacyjne ósmoklasistów – szkoła branżowa I stopnia,2024,powiat chrzanowski,24.3
267,EDUKACJA,Wybory edukacyjne ósmoklasistów – szkoła branżowa I stopnia,2024,powiat dąbrowski,30.88
267,EDUKACJA,Wybory edukacyjne ósmoklasistów – szkoła branżowa I stopnia,2024,powiat gorlicki,26.95
267,EDUKACJA,Wybory edukacyjne ósmoklasistów – szkoła branżowa I stopnia,2024,powiat krakowski,18.87
267,EDUKACJA,Wybory edukacyjne ósmoklasistów – szkoła branżowa I stopnia,2024,powiat limanowski,25.08
267,EDUKACJA,Wybory edukacyjne ósmoklasistów – szkoła branżowa I stopnia,2024,powiat m. Kraków,7.89
267,EDUKACJA,Wybory edukacyjne ósmoklasistów – szkoła branżowa I stopnia,2024,powiat m. Nowy Sącz,13.89
267,EDUKACJA,Wybory edukacyjne ósmoklasistów – szkoła branżowa I stopnia,2024,powiat m. Tarnów,18.36
267,EDUKACJA,Wybory edukacyjne ósmoklasistów – szkoła branżowa I stopnia,2024,powiat miechowski,10.13
267,EDUKACJA,Wybory edukacyjne ósmoklasistów – szkoła branżowa I stopnia,2024,powiat myślenicki,19.98
267,EDUKACJA,Wybory edukacyjne ósmoklasistów – szkoła branżowa I stopnia,2024,powiat nowosądecki,26.72
267,EDUKACJA,Wybory edukacyjne ósmoklasistów – szkoła branżowa I stopnia,2024,powiat nowotarski,33.39
267,EDUKACJA,Wybory edukacyjne ósmoklasistów – szkoła branżowa I stopnia,2024,powiat olkuski,23.3
267,EDUKACJA,Wybory edukacyjne ósmoklasistów – szkoła branżowa I stopnia,2024,powiat oświęcimski,27.73
267,EDUKACJA,Wybory edukacyjne ósmoklasistów – szkoła branżowa I stopnia,2024,powiat proszowicki,26.62
267,EDUKACJA,Wybory edukacyjne ósmoklasistów – szkoła branżowa I stopnia,2024,powiat suski,18.7
267,EDUKACJA,Wybory edukacyjne ósmoklasistów – szkoła branżowa I stopnia,2024,powiat tarnowski,32.96
267,EDUKACJA,Wybory edukacyjne ósmoklasistów – szkoła branżowa I stopnia,2024,powiat tatrzański,37.56
267,EDUKACJA,Wybory edukacyjne ósmoklasistów – szkoła branżowa I stopnia,2024,powiat wadowicki,26.19
267,EDUKACJA,Wybory edukacyjne ósmoklasistów – szkoła branżowa I stopnia,2024,powiat wielicki,24.56
210,EDUKACJA,Wybory edukacyjne gimnazjalistów - technikum,2019,powiat bocheński,43.41
210,EDUKACJA,Wybory edukacyjne gimnazjalistów - technikum,2019,powiat brzeski,53.63
210,EDUKACJA,Wybory edukacyjne gimnazjalistów - technikum,2019,powiat chrzanowski,42.85
210,EDUKACJA,Wybory edukacyjne gimnazjalistów - technikum,2019,powiat dąbrowski,39.14
210,EDUKACJA,Wybory edukacyjne gimnazjalistów - technikum,2019,powiat gorlicki,45.26
210,EDUKACJA,Wybory edukacyjne gimnazjalistów - technikum,2019,powiat krakowski,37.41
210,EDUKACJA,Wybory edukacyjne gimnazjalistów - technikum,2019,powiat limanowski,53.23
210,EDUKACJA,Wybory edukacyjne gimnazjalistów - technikum,2019,powiat m. Kraków,28.91
210,EDUKACJA,Wybory edukacyjne gimnazjalistów - technikum,2019,powiat m. Nowy Sącz,40.0
210,EDUKACJA,Wybory edukacyjne gimnazjalistów - technikum,2019,powiat m. Tarnów,31.86
210,EDUKACJA,Wybory edukacyjne gimnazjalistów - technikum,2019,powiat miechowski,56.94
210,EDUKACJA,Wybory edukacyjne gimnazjalistów - technikum,2019,powiat myślenicki,48.79
210,EDUKACJA,Wybory edukacyjne gimnazjalistów - technikum,2019,powiat nowosądecki,38.75
210,EDUKACJA,Wybory edukacyjne gimnazjalistów - technikum,2019,powiat nowotarski,33.39
210,EDUKACJA,Wybory edukacyjne gimnazjalistów - technikum,2019,powiat olkuski,36.91
210,EDUKACJA,Wybory edukacyjne gimnazjalistów - technikum,2019,powiat oświęcimski,39.06
210,EDUKACJA,Wybory edukacyjne gimnazjalistów - technikum,2019,powiat proszowicki,51.44
210,EDUKACJA,Wybory edukacyjne gimnazjalistów - technikum,2019,powiat suski,56.73
210,EDUKACJA,Wybory edukacyjne gimnazjalistów - technikum,2019,powiat tarnowski,43.02
210,EDUKACJA,Wybory edukacyjne gimnazjalistów - technikum,2019,powiat tatrzański,35.02
210,EDUKACJA,Wybory edukacyjne gimnazjalistów - technikum,2019,powiat wadowicki,44.62
210,EDUKACJA,Wybory edukacyjne gimnazjalistów - technikum,2019,powiat wielicki,37.93
211,EDUKACJA,Wybory edukacyjne gimnazjalistów - liceum ogólnokształcące,2019,powiat bocheński,38.61
211,EDUKACJA,Wybory edukacyjne gimnazjalistów - liceum ogólnokształcące,2019,powiat brzeski,18.84
211,EDUKACJA,Wybory edukacyjne gimnazjalistów - liceum ogólnokształcące,2019,powiat chrzanowski,50.71
211,EDUKACJA,Wybory edukacyjne gimnazjalistów - liceum ogólnokształcące,2019,powiat dąbrowski,28.82
211,EDUKACJA,Wybory edukacyjne gimnazjalistów - liceum ogólnokształcące,2019,powiat gorlicki,33.11
211,EDUKACJA,Wybory edukacyjne gimnazjalistów - liceum ogólnokształcące,2019,powiat krakowski,45.71
211,EDUKACJA,Wybory edukacyjne gimnazjalistów - liceum ogólnokształcące,2019,powiat limanowski,24.84
211,EDUKACJA,Wybory edukacyjne gimnazjalistów - liceum ogólnokształcące,2019,powiat m. Kraków,64.5
211,EDUKACJA,Wybory edukacyjne gimnazjalistów - liceum ogólnokształcące,2019,powiat m. Nowy Sącz,47.99
211,EDUKACJA,Wybory edukacyjne gimnazjalistów - liceum ogólnokształcące,2019,powiat m. Tarnów,52.86
211,EDUKACJA,Wybory edukacyjne gimnazjalistów - liceum ogólnokształcące,2019,powiat miechowski,35.79
211,EDUKACJA,Wybory edukacyjne gimnazjalistów - liceum ogólnokształcące,2019,powiat myślenicki,32.42
211,EDUKACJA,Wybory edukacyjne gimnazjalistów - liceum ogólnokształcące,2019,powiat nowosądecki,32.0
211,EDUKACJA,Wybory edukacyjne gimnazjalistów - liceum ogólnokształcące,2019,powiat nowotarski,37.65
211,EDUKACJA,Wybory edukacyjne gimnazjalistów - liceum ogólnokształcące,2019,powiat olkuski,49.08
211,EDUKACJA,Wybory edukacyjne gimnazjalistów - liceum ogólnokształcące,2019,powiat oświęcimski,42.27
211,EDUKACJA,Wybory edukacyjne gimnazjalistów - liceum ogólnokształcące,2019,powiat proszowicki,21.06
211,EDUKACJA,Wybory edukacyjne gimnazjalistów - liceum ogólnokształcące,2019,powiat suski,28.72
211,EDUKACJA,Wybory edukacyjne gimnazjalistów - liceum ogólnokształcące,2019,powiat tarnowski,26.59
211,EDUKACJA,Wybory edukacyjne gimnazjalistów - liceum ogólnokształcące,2019,powiat tatrzański,32.14
211,EDUKACJA,Wybory edukacyjne gimnazjalistów - liceum ogólnokształcące,2019,powiat wadowicki,39.64
211,EDUKACJA,Wybory edukacyjne gimnazjalistów - liceum ogólnokształcące,2019,powiat wielicki,39.7
212,EDUKACJA,Wybory edukacyjne gimnazjalistów - zasadnicza szkoła zawodowa,2019,powiat bocheński,17.98
212,EDUKACJA,Wybory edukacyjne gimnazjalistów - zasadnicza szkoła zawodowa,2019,powiat brzeski,27.53
212,EDUKACJA,Wybory edukacyjne gimnazjalistów - zasadnicza szkoła zawodowa,2019,powiat chrzanowski,6.44
212,EDUKACJA,Wybory edukacyjne gimnazjalistów - zasadnicza szkoła zawodowa,2019,powiat dąbrowski,32.04
212,EDUKACJA,Wybory edukacyjne gimnazjalistów - zasadnicza szkoła zawodowa,2019,powiat gorlicki,21.63
212,EDUKACJA,Wybory edukacyjne gimnazjalistów - zasadnicza szkoła zawodowa,2019,powiat krakowski,16.88
212,EDUKACJA,Wybory edukacyjne gimnazjalistów - zasadnicza szkoła zawodowa,2019,powiat limanowski,21.93
212,EDUKACJA,Wybory edukacyjne gimnazjalistów - zasadnicza szkoła zawodowa,2019,powiat m. Kraków,6.59
212,EDUKACJA,Wybory edukacyjne gimnazjalistów - zasadnicza szkoła zawodowa,2019,powiat m. Nowy Sącz,12.01
212,EDUKACJA,Wybory edukacyjne gimnazjalistów - zasadnicza szkoła zawodowa,2019,powiat m. Tarnów,15.27
212,EDUKACJA,Wybory edukacyjne gimnazjalistów - zasadnicza szkoła zawodowa,2019,powiat miechowski,7.27
212,EDUKACJA,Wybory edukacyjne gimnazjalistów - zasadnicza szkoła zawodowa,2019,powiat myślenicki,18.79
212,EDUKACJA,Wybory edukacyjne gimnazjalistów - zasadnicza szkoła zawodowa,2019,powiat nowosądecki,29.25
212,EDUKACJA,Wybory edukacyjne gimnazjalistów - zasadnicza szkoła zawodowa,2019,powiat nowotarski,28.96
212,EDUKACJA,Wybory edukacyjne gimnazjalistów - zasadnicza szkoła zawodowa,2019,powiat olkuski,14.01
212,EDUKACJA,Wybory edukacyjne gimnazjalistów - zasadnicza szkoła zawodowa,2019,powiat oświęcimski,18.67
212,EDUKACJA,Wybory edukacyjne gimnazjalistów - zasadnicza szkoła zawodowa,2019,powiat proszowicki,27.49
212,EDUKACJA,Wybory edukacyjne gimnazjalistów - zasadnicza szkoła zawodowa,2019,powiat suski,14.55
212,EDUKACJA,Wybory edukacyjne gimnazjalistów - zasadnicza szkoła zawodowa,2019,powiat tarnowski,30.39
212,EDUKACJA,Wybory edukacyjne gimnazjalistów - zasadnicza szkoła zawodowa,2019,powiat tatrzański,32.84
212,EDUKACJA,Wybory edukacyjne gimnazjalistów - zasadnicza szkoła zawodowa,2019,powiat wadowicki,15.73
212,EDUKACJA,Wybory edukacyjne gimnazjalistów - zasadnicza szkoła zawodowa,2019,powiat wielicki,22.37
188,RYNEK PRACY,Bezrobocie kobiet,2024,powiat bocheński,55.07
188,RYNEK PRACY,Bezrobocie kobiet,2024,powiat brzeski,56.95
188,RYNEK PRACY,Bezrobocie kobiet,2024,powiat chrzanowski,52.93
188,RYNEK PRACY,Bezrobocie kobiet,2024,powiat dąbrowski,54.74
188,RYNEK PRACY,Bezrobocie kobiet,2024,powiat gorlicki,59.55
188,RYNEK PRACY,Bezrobocie kobiet,2024,powiat krakowski,48.4
188,RYNEK PRACY,Bezrobocie kobiet,2024,powiat limanowski,58.2
188,RYNEK PRACY,Bezrobocie kobiet,2024,powiat m. Kraków,48.84
188,RYNEK PRACY,Bezrobocie kobiet,2024,powiat m. Nowy Sącz,54.74
188,RYNEK PRACY,Bezrobocie kobiet,2024,powiat m. Tarnów,56.04
188,RYNEK PRACY,Bezrobocie kobiet,2024,powiat miechowski,52.8
188,RYNEK PRACY,Bezrobocie kobiet,2024,powiat myślenicki,52.76
188,RYNEK PRACY,Bezrobocie kobiet,2024,powiat nowosądecki,62.39
188,RYNEK PRACY,Bezrobocie kobiet,2024,powiat nowotarski,46.36
188,RYNEK PRACY,Bezrobocie kobiet,2024,powiat olkuski,47.54
188,RYNEK PRACY,Bezrobocie kobiet,2024,powiat oświęcimski,53.66
188,RYNEK PRACY,Bezrobocie kobiet,2024,powiat proszowicki,47.35
188,RYNEK PRACY,Bezrobocie kobiet,2024,powiat suski,50.79
188,RYNEK PRACY,Bezrobocie kobiet,2024,powiat tarnowski,57.89
188,RYNEK PRACY,Bezrobocie kobiet,2024,powiat tatrzański,42.97
188,RYNEK PRACY,Bezrobocie kobiet,2024,powiat wadowicki,51.3
188,RYNEK PRACY,Bezrobocie kobiet,2024,powiat wielicki,49.45
230,RYNEK PRACY,Bezrobocie rodzinne,2024,powiat bocheński,8.47
230,RYNEK PRACY,Bezrobocie rodzinne,2024,powiat brzeski,13.53
230,RYNEK PRACY,Bezrobocie rodzinne,2024,powiat chrzanowski,10.56
230,RYNEK PRACY,Bezrobocie rodzinne,2024,powiat dąbrowski,21.55
230,RYNEK PRACY,Bezrobocie rodzinne,2024,powiat gorlicki,15.61
230,RYNEK PRACY,Bezrobocie rodzinne,2024,powiat krakowski,10.35
230,RYNEK PRACY,Bezrobocie rodzinne,2024,powiat limanowski,19.62
230,RYNEK PRACY,Bezrobocie rodzinne,2024,powiat m. Kraków,5.4
230,RYNEK PRACY,Bezrobocie rodzinne,2024,powiat m. Nowy Sącz,16.2
230,RYNEK PRACY,Bezrobocie rodzinne,2024,powiat m. Tarnów,12.84
230,RYNEK PRACY,Bezrobocie rodzinne,2024,powiat miechowski,13.75
230,RYNEK PRACY,Bezrobocie rodzinne,2024,powiat myślenicki,10.29
230,RYNEK PRACY,Bezrobocie rodzinne,2024,powiat nowosądecki,19.2
230,RYNEK PRACY,Bezrobocie rodzinne,2024,powiat nowotarski,15.84
230,RYNEK PRACY,Bezrobocie rodzinne,2024,powiat olkuski,10.06
230,RYNEK PRACY,Bezrobocie rodzinne,2024,powiat oświęcimski,9.38
230,RYNEK PRACY,Bezrobocie rodzinne,2024,powiat proszowicki,13.81
230,RYNEK PRACY,Bezrobocie rodzinne,2024,powiat suski,14.5
230,RYNEK PRACY,Bezrobocie rodzinne,2024,powiat tarnowski,12.84
230,RYNEK PRACY,Bezrobocie rodzinne,2024,powiat tatrzański,26.31
230,RYNEK PRACY,Bezrobocie rodzinne,2024,powiat wadowicki,12.87
230,RYNEK PRACY,Bezrobocie rodzinne,2024,powiat wielicki,8.92
189,RYNEK PRACY,Bezrobotni dłużej niż 1 rok,2024,powiat bocheński,26.3
189,RYNEK PRACY,Bezrobotni dłużej niż 1 rok,2024,powiat brzeski,37.9
189,RYNEK PRACY,Bezrobotni dłużej niż 1 rok,2024,powiat chrzanowski,33.6
189,RYNEK PRACY,Bezrobotni dłużej niż 1 rok,2024,powiat dąbrowski,47.3
189,RYNEK PRACY,Bezrobotni dłużej niż 1 rok,2024,powiat gorlicki,35.6
189,RYNEK PRACY,Bezrobotni dłużej niż 1 rok,2024,powiat krakowski,39.9
189,RYNEK PRACY,Bezrobotni dłużej niż 1 rok,2024,powiat limanowski,34.1
189,RYNEK PRACY,Bezrobotni dłużej niż 1 rok,2024,powiat m. Kraków,31.7
189,RYNEK PRACY,Bezrobotni dłużej niż 1 rok,2024,powiat m. Nowy Sącz,26.9
189,RYNEK PRACY,Bezrobotni dłużej niż 1 rok,2024,powiat m. Tarnów,36.5
189,RYNEK PRACY,Bezrobotni dłużej niż 1 rok,2024,powiat miechowski,41.8
189,RYNEK PRACY,Bezrobotni dłużej niż 1 rok,2024,powiat myślenicki,23.8
189,RYNEK PRACY,Bezrobotni dłużej niż 1 rok,2024,powiat nowosądecki,41.2
189,RYNEK PRACY,Bezrobotni dłużej niż 1 rok,2024,powiat nowotarski,23.7
189,RYNEK PRACY,Bezrobotni dłużej niż 1 rok,2024,powiat olkuski,43.5
189,RYNEK PRACY,Bezrobotni dłużej niż 1 rok,2024,powiat oświęcimski,26.9
189,RYNEK PRACY,Bezrobotni dłużej niż 1 rok,2024,powiat proszowicki,34.6
189,RYNEK PRACY,Bezrobotni dłużej niż 1 rok,2024,powiat suski,20.7
189,RYNEK PRACY,Bezrobotni dłużej niż 1 rok,2024,powiat tarnowski,39.5
189,RYNEK PRACY,Bezrobotni dłużej niż 1 rok,2024,powiat tatrzański,53.2
189,RYNEK PRACY,Bezrobotni dłużej niż 1 rok,2024,powiat wadowicki,36.0
189,RYNEK PRACY,Bezrobotni dłużej niż 1 rok,2024,powiat wielicki,31.7
190,RYNEK PRACY,Bezrobotni z wykształceniem gimnazjalnym i niższym,2024,powiat bocheński,16.95
190,RYNEK PRACY,Bezrobotni z wykształceniem gimnazjalnym i niższym,2024,powiat brzeski,16.25
190,RYNEK PRACY,Bezrobotni z wykształceniem gimnazjalnym i niższym,2024,powiat chrzanowski,25.99
190,RYNEK PRACY,Bezrobotni z wykształceniem gimnazjalnym i niższym,2024,powiat dąbrowski,16.76
190,RYNEK PRACY,Bezrobotni z wykształceniem gimnazjalnym i niższym,2024,powiat gorlicki,13.27
190,RYNEK PRACY,Bezrobotni z wykształceniem gimnazjalnym i niższym,2024,powiat krakowski,20.34
190,RYNEK PRACY,Bezrobotni z wykształceniem gimnazjalnym i niższym,2024,powiat limanowski,15.25
190,RYNEK PRACY,Bezrobotni z wykształceniem gimnazjalnym i niższym,2024,powiat m. Kraków,23.84
190,RYNEK PRACY,Bezrobotni z wykształceniem gimnazjalnym i niższym,2024,powiat m. Nowy Sącz,20.55
190,RYNEK PRACY,Bezrobotni z wykształceniem gimnazjalnym i niższym,2024,powiat m. Tarnów,18.13
190,RYNEK PRACY,Bezrobotni z wykształceniem gimnazjalnym i niższym,2024,powiat miechowski,25.06
190,RYNEK PRACY,Bezrobotni z wykształceniem gimnazjalnym i niższym,2024,powiat myślenicki,20.1
190,RYNEK PRACY,Bezrobotni z wykształceniem gimnazjalnym i niższym,2024,powiat nowosądecki,12.37
190,RYNEK PRACY,Bezrobotni z wykształceniem gimnazjalnym i niższym,2024,powiat nowotarski,25.21
190,RYNEK PRACY,Bezrobotni z wykształceniem gimnazjalnym i niższym,2024,powiat olkuski,20.41
190,RYNEK PRACY,Bezrobotni z wykształceniem gimnazjalnym i niższym,2024,powiat oświęcimski,17.99
190,RYNEK PRACY,Bezrobotni z wykształceniem gimnazjalnym i niższym,2024,powiat proszowicki,25.94
190,RYNEK PRACY,Bezrobotni z wykształceniem gimnazjalnym i niższym,2024,powiat suski,19.83
190,RYNEK PRACY,Bezrobotni z wykształceniem gimnazjalnym i niższym,2024,powiat tarnowski,17.39
190,RYNEK PRACY,Bezrobotni z wykształceniem gimnazjalnym i niższym,2024,powiat tatrzański,30.5
190,RYNEK PRACY,Bezrobotni z wykształceniem gimnazjalnym i niższym,2024,powiat wadowicki,21.5
190,RYNEK PRACY,Bezrobotni z wykształceniem gimnazjalnym i niższym,2024,powiat wielicki,20.55
191,RYNEK PRACY,Bezrobotni w wieku poniżej 25 lat,2024,powiat bocheński,18.17
191,RYNEK PRACY,Bezrobotni w wieku poniżej 25 lat,2024,powiat brzeski,20.04
191,RYNEK PRACY,Bezrobotni w wieku poniżej 25 lat,2024,powiat chrzanowski,11.48
191,RYNEK PRACY,Bezrobotni w wieku poniżej 25 lat,2024,powiat dąbrowski,19.49
191,RYNEK PRACY,Bezrobotni w wieku poniżej 25 lat,2024,powiat gorlicki,20.13
191,RYNEK PRACY,Bezrobotni w wieku poniżej 25 lat,2024,powiat krakowski,13.06
191,RYNEK PRACY,Bezrobotni w wieku poniżej 25 lat,2024,powiat limanowski,24.03
191,RYNEK PRACY,Bezrobotni w wieku poniżej 25 lat,2024,powiat m. Kraków,6.06
191,RYNEK PRACY,Bezrobotni w wieku poniżej 25 lat,2024,powiat m. Nowy Sącz,13.57
191,RYNEK PRACY,Bezrobotni w wieku poniżej 25 lat,2024,powiat m. Tarnów,10.22
191,RYNEK PRACY,Bezrobotni w wieku poniżej 25 lat,2024,powiat miechowski,20.44
191,RYNEK PRACY,Bezrobotni w wieku poniżej 25 lat,2024,powiat myślenicki,18.78
191,RYNEK PRACY,Bezrobotni w wieku poniżej 25 lat,2024,powiat nowosądecki,19.0
191,RYNEK PRACY,Bezrobotni w wieku poniżej 25 lat,2024,powiat nowotarski,19.1
191,RYNEK PRACY,Bezrobotni w wieku poniżej 25 lat,2024,powiat olkuski,12.61
191,RYNEK PRACY,Bezrobotni w wieku poniżej 25 lat,2024,powiat oświęcimski,13.41
191,RYNEK PRACY,Bezrobotni w wieku poniżej 25 lat,2024,powiat proszowicki,24.9
191,RYNEK PRACY,Bezrobotni w wieku poniżej 25 lat,2024,powiat suski,23.74
191,RYNEK PRACY,Bezrobotni w wieku poniżej 25 lat,2024,powiat tarnowski,19.1
191,RYNEK PRACY,Bezrobotni w wieku poniżej 25 lat,2024,powiat tatrzański,16.61
191,RYNEK PRACY,Bezrobotni w wieku poniżej 25 lat,2024,powiat wadowicki,16.09
191,RYNEK PRACY,Bezrobotni w wieku poniżej 25 lat,2024,powiat wielicki,12.94
192,RYNEK PRACY,Bezrobotni w wieku 25-34 lata,2024,powiat bocheński,21.52
192,RYNEK PRACY,Bezrobotni w wieku 25-34 lata,2024,powiat brzeski,23.77
192,RYNEK PRACY,Bezrobotni w wieku 25-34 lata,2024,powiat chrzanowski,20.71
192,RYNEK PRACY,Bezrobotni w wieku 25-34 lata,2024,powiat dąbrowski,29.26
192,RYNEK PRACY,Bezrobotni w wieku 25-34 lata,2024,powiat gorlicki,21.84
192,RYNEK PRACY,Bezrobotni w wieku 25-34 lata,2024,powiat krakowski,22.73
192,RYNEK PRACY,Bezrobotni w wieku 25-34 lata,2024,powiat limanowski,26.82
192,RYNEK PRACY,Bezrobotni w wieku 25-34 lata,2024,powiat m. Kraków,21.45
192,RYNEK PRACY,Bezrobotni w wieku 25-34 lata,2024,powiat m. Nowy Sącz,22.28
192,RYNEK PRACY,Bezrobotni w wieku 25-34 lata,2024,powiat m. Tarnów,20.99
192,RYNEK PRACY,Bezrobotni w wieku 25-34 lata,2024,powiat miechowski,24.82
192,RYNEK PRACY,Bezrobotni w wieku 25-34 lata,2024,powiat myślenicki,24.59
192,RYNEK PRACY,Bezrobotni w wieku 25-34 lata,2024,powiat nowosądecki,28.45
192,RYNEK PRACY,Bezrobotni w wieku 25-34 lata,2024,powiat nowotarski,25.67
192,RYNEK PRACY,Bezrobotni w wieku 25-34 lata,2024,powiat olkuski,21.76
192,RYNEK PRACY,Bezrobotni w wieku 25-34 lata,2024,powiat oświęcimski,21.13
192,RYNEK PRACY,Bezrobotni w wieku 25-34 lata,2024,powiat proszowicki,24.52
192,RYNEK PRACY,Bezrobotni w wieku 25-34 lata,2024,powiat suski,23.82
192,RYNEK PRACY,Bezrobotni w wieku 25-34 lata,2024,powiat tarnowski,25.5
192,RYNEK PRACY,Bezrobotni w wieku 25-34 lata,2024,powiat tatrzański,26.72
192,RYNEK PRACY,Bezrobotni w wieku 25-34 lata,2024,powiat wadowicki,21.08
192,RYNEK PRACY,Bezrobotni w wieku 25-34 lata,2024,powiat wielicki,22.85
193,RYNEK PRACY,Bezrobotni w wieku 55 lat i więcej,2024,powiat bocheński,18.39
193,RYNEK PRACY,Bezrobotni w wieku 55 lat i więcej,2024,powiat brzeski,15.42
193,RYNEK PRACY,Bezrobotni w wieku 55 lat i więcej,2024,powiat chrzanowski,17.38
193,RYNEK PRACY,Bezrobotni w wieku 55 lat i więcej,2024,powiat dąbrowski,11.73
193,RYNEK PRACY,Bezrobotni w wieku 55 lat i więcej,2024,powiat gorlicki,14.26
193,RYNEK PRACY,Bezrobotni w wieku 55 lat i więcej,2024,powiat krakowski,17.78
193,RYNEK PRACY,Bezrobotni w wieku 55 lat i więcej,2024,powiat limanowski,12.07
193,RYNEK PRACY,Bezrobotni w wieku 55 lat i więcej,2024,powiat m. Kraków,19.6
193,RYNEK PRACY,Bezrobotni w wieku 55 lat i więcej,2024,powiat m. Nowy Sącz,17.48
193,RYNEK PRACY,Bezrobotni w wieku 55 lat i więcej,2024,powiat m. Tarnów,18.98
193,RYNEK PRACY,Bezrobotni w wieku 55 lat i więcej,2024,powiat miechowski,11.92
193,RYNEK PRACY,Bezrobotni w wieku 55 lat i więcej,2024,powiat myślenicki,17.13
193,RYNEK PRACY,Bezrobotni w wieku 55 lat i więcej,2024,powiat nowosądecki,14.2
193,RYNEK PRACY,Bezrobotni w wieku 55 lat i więcej,2024,powiat nowotarski,14.55
193,RYNEK PRACY,Bezrobotni w wieku 55 lat i więcej,2024,powiat olkuski,15.05
193,RYNEK PRACY,Bezrobotni w wieku 55 lat i więcej,2024,powiat oświęcimski,15.16
193,RYNEK PRACY,Bezrobotni w wieku 55 lat i więcej,2024,powiat proszowicki,12.9
193,RYNEK PRACY,Bezrobotni w wieku 55 lat i więcej,2024,powiat suski,13.67
193,RYNEK PRACY,Bezrobotni w wieku 55 lat i więcej,2024,powiat tarnowski,15.43
193,RYNEK PRACY,Bezrobotni w wieku 55 lat i więcej,2024,powiat tatrzański,14.7
193,RYNEK PRACY,Bezrobotni w wieku 55 lat i więcej,2024,powiat wadowicki,16.83
193,RYNEK PRACY,Bezrobotni w wieku 55 lat i więcej,2024,powiat wielicki,17.79
195,RYNEK PRACY,Prowadzący działalność gospodarczą,2024,powiat bocheński,15.11
195,RYNEK PRACY,Prowadzący działalność gospodarczą,2024,powiat brzeski,14.48
195,RYNEK PRACY,Prowadzący działalność gospodarczą,2024,powiat chrzanowski,16.0
195,RYNEK PRACY,Prowadzący działalność gospodarczą,2024,powiat dąbrowski,10.31
195,RYNEK PRACY,Prowadzący działalność gospodarczą,2024,powiat gorlicki,12.3
195,RYNEK PRACY,Prowadzący działalność gospodarczą,2024,powiat krakowski,19.17
195,RYNEK PRACY,Prowadzący działalność gospodarczą,2024,powiat limanowski,14.98
195,RYNEK PRACY,Prowadzący działalność gospodarczą,2024,powiat m. Kraków,23.88
195,RYNEK PRACY,Prowadzący działalność gospodarczą,2024,powiat m. Nowy Sącz,17.73
195,RYNEK PRACY,Prowadzący działalność gospodarczą,2024,powiat m. Tarnów,15.92
195,RYNEK PRACY,Prowadzący działalność gospodarczą,2024,powiat miechowski,15.85
195,RYNEK PRACY,Prowadzący działalność gospodarczą,2024,powiat myślenicki,17.66
195,RYNEK PRACY,Prowadzący działalność gospodarczą,2024,powiat nowosądecki,14.28
195,RYNEK PRACY,Prowadzący działalność gospodarczą,2024,powiat nowotarski,15.62
195,RYNEK PRACY,Prowadzący działalność gospodarczą,2024,powiat olkuski,18.19
195,RYNEK PRACY,Prowadzący działalność gospodarczą,2024,powiat oświęcimski,14.71
195,RYNEK PRACY,Prowadzący działalność gospodarczą,2024,powiat proszowicki,14.86
195,RYNEK PRACY,Prowadzący działalność gospodarczą,2024,powiat suski,16.73
195,RYNEK PRACY,Prowadzący działalność gospodarczą,2024,powiat tarnowski,12.51
195,RYNEK PRACY,Prowadzący działalność gospodarczą,2024,powiat tatrzański,26.34
195,RYNEK PRACY,Prowadzący działalność gospodarczą,2024,powiat wadowicki,17.25
195,RYNEK PRACY,Prowadzący działalność gospodarczą,2024,powiat wielicki,19.3
201,RYNEK PRACY,Zatrudnienie w branży finansowej i nieruchomościach,2024,powiat bocheński,0.87
201,RYNEK PRACY,Zatrudnienie w branży finansowej i nieruchomościach,2024,powiat brzeski,0.81
201,RYNEK PRACY,Zatrudnienie w branży finansowej i nieruchomościach,2024,powiat chrzanowski,2.49
201,RYNEK PRACY,Zatrudnienie w branży finansowej i nieruchomościach,2024,powiat dąbrowski,1.02
201,RYNEK PRACY,Zatrudnienie w branży finansowej i nieruchomościach,2024,powiat gorlicki,1.53
201,RYNEK PRACY,Zatrudnienie w branży finansowej i nieruchomościach,2024,powiat krakowski,1.1
201,RYNEK PRACY,Zatrudnienie w branży finansowej i nieruchomościach,2024,powiat limanowski,1.2
201,RYNEK PRACY,Zatrudnienie w branży finansowej i nieruchomościach,2024,powiat m. Kraków,3.89
201,RYNEK PRACY,Zatrudnienie w branży finansowej i nieruchomościach,2024,powiat m. Nowy Sącz,2.31
201,RYNEK PRACY,Zatrudnienie w branży finansowej i nieruchomościach,2024,powiat m. Tarnów,1.67
201,RYNEK PRACY,Zatrudnienie w branży finansowej i nieruchomościach,2024,powiat miechowski,0.75
201,RYNEK PRACY,Zatrudnienie w branży finansowej i nieruchomościach,2024,powiat myślenicki,0.99
201,RYNEK PRACY,Zatrudnienie w branży finansowej i nieruchomościach,2024,powiat nowosądecki,1.19
201,RYNEK PRACY,Zatrudnienie w branży finansowej i nieruchomościach,2024,powiat nowotarski,1.28
201,RYNEK PRACY,Zatrudnienie w branży finansowej i nieruchomościach,2024,powiat olkuski,2.15
201,RYNEK PRACY,Zatrudnienie w branży finansowej i nieruchomościach,2024,powiat oświęcimski,1.65
201,RYNEK PRACY,Zatrudnienie w branży finansowej i nieruchomościach,2024,powiat proszowicki,1.11
201,RYNEK PRACY,Zatrudnienie w branży finansowej i nieruchomościach,2024,powiat suski,1.09
201,RYNEK PRACY,Zatrudnienie w branży finansowej i nieruchomościach,2024,powiat tarnowski,0.63
201,RYNEK PRACY,Zatrudnienie w branży finansowej i nieruchomościach,2024,powiat tatrzański,1.79
201,RYNEK PRACY,Zatrudnienie w branży finansowej i nieruchomościach,2024,powiat wadowicki,1.66
201,RYNEK PRACY,Zatrudnienie w branży finansowej i nieruchomościach,2024,powiat wielicki,1.45
202,RYNEK PRACY,Zatrudnienie w rolnictwie,2024,powiat bocheński,17.47
202,RYNEK PRACY,Zatrudnienie w rolnictwie,2024,powiat brzeski,28.94
202,RYNEK PRACY,Zatrudnienie w rolnictwie,2024,powiat chrzanowski,1.61
202,RYNEK PRACY,Zatrudnienie w rolnictwie,2024,powiat dąbrowski,37.01
202,RYNEK PRACY,Zatrudnienie w rolnictwie,2024,powiat gorlicki,25.26
202,RYNEK PRACY,Zatrudnienie w rolnictwie,2024,powiat krakowski,8.54
202,RYNEK PRACY,Zatrudnienie w rolnictwie,2024,powiat limanowski,24.43
202,RYNEK PRACY,Zatrudnienie w rolnictwie,2024,powiat m. Kraków,0.46
202,RYNEK PRACY,Zatrudnienie w rolnictwie,2024,powiat m. Nowy Sącz,0.58
202,RYNEK PRACY,Zatrudnienie w rolnictwie,2024,powiat m. Tarnów,0.76
202,RYNEK PRACY,Zatrudnienie w rolnictwie,2024,powiat miechowski,33.51
202,RYNEK PRACY,Zatrudnienie w rolnictwie,2024,powiat myślenicki,17.61
202,RYNEK PRACY,Zatrudnienie w rolnictwie,2024,powiat nowosądecki,22.04
202,RYNEK PRACY,Zatrudnienie w rolnictwie,2024,powiat nowotarski,27.28
202,RYNEK PRACY,Zatrudnienie w rolnictwie,2024,powiat olkuski,6.91
202,RYNEK PRACY,Zatrudnienie w rolnictwie,2024,powiat oświęcimski,3.7
202,RYNEK PRACY,Zatrudnienie w rolnictwie,2024,powiat proszowicki,36.16
202,RYNEK PRACY,Zatrudnienie w rolnictwie,2024,powiat suski,20.65
202,RYNEK PRACY,Zatrudnienie w rolnictwie,2024,powiat tarnowski,31.65
202,RYNEK PRACY,Zatrudnienie w rolnictwie,2024,powiat tatrzański,16.03
202,RYNEK PRACY,Zatrudnienie w rolnictwie,2024,powiat wadowicki,11.03
202,RYNEK PRACY,Zatrudnienie w rolnictwie,2024,powiat wielicki,4.59
203,RYNEK PRACY,Zatrudnienie w przemyśle i budownictwie,2024,powiat bocheński,38.75
203,RYNEK PRACY,Zatrudnienie w przemyśle i budownictwie,2024,powiat brzeski,28.94
203,RYNEK PRACY,Zatrudnienie w przemyśle i budownictwie,2024,powiat chrzanowski,39.21
203,RYNEK PRACY,Zatrudnienie w przemyśle i budownictwie,2024,powiat dąbrowski,23.36
203,RYNEK PRACY,Zatrudnienie w przemyśle i budownictwie,2024,powiat gorlicki,25.95
203,RYNEK PRACY,Zatrudnienie w przemyśle i budownictwie,2024,powiat krakowski,33.45
203,RYNEK PRACY,Zatrudnienie w przemyśle i budownictwie,2024,powiat limanowski,35.27
203,RYNEK PRACY,Zatrudnienie w przemyśle i budownictwie,2024,powiat m. Kraków,13.75
203,RYNEK PRACY,Zatrudnienie w przemyśle i budownictwie,2024,powiat m. Nowy Sącz,34.76
203,RYNEK PRACY,Zatrudnienie w przemyśle i budownictwie,2024,powiat m. Tarnów,44.68
203,RYNEK PRACY,Zatrudnienie w przemyśle i budownictwie,2024,powiat miechowski,11.46
203,RYNEK PRACY,Zatrudnienie w przemyśle i budownictwie,2024,powiat myślenicki,35.87
203,RYNEK PRACY,Zatrudnienie w przemyśle i budownictwie,2024,powiat nowosądecki,33.61
203,RYNEK PRACY,Zatrudnienie w przemyśle i budownictwie,2024,powiat nowotarski,26.48
203,RYNEK PRACY,Zatrudnienie w przemyśle i budownictwie,2024,powiat olkuski,41.86
203,RYNEK PRACY,Zatrudnienie w przemyśle i budownictwie,2024,powiat oświęcimski,39.49
203,RYNEK PRACY,Zatrudnienie w przemyśle i budownictwie,2024,powiat proszowicki,20.24
203,RYNEK PRACY,Zatrudnienie w przemyśle i budownictwie,2024,powiat suski,38.73
203,RYNEK PRACY,Zatrudnienie w przemyśle i budownictwie,2024,powiat tarnowski,30.43
203,RYNEK PRACY,Zatrudnienie w przemyśle i budownictwie,2024,powiat tatrzański,10.21
203,RYNEK PRACY,Zatrudnienie w przemyśle i budownictwie,2024,powiat wadowicki,40.86
203,RYNEK PRACY,Zatrudnienie w przemyśle i budownictwie,2024,powiat wielicki,42.33
204,RYNEK PRACY,"Zatrudnienie w handlu, transporcie, turystyce, informacji i komunikacji",2024,powiat bocheński,17.65
204,RYNEK PRACY,"Zatrudnienie w handlu, transporcie, turystyce, informacji i komunikacji",2024,powiat brzeski,16.66
204,RYNEK PRACY,"Zatrudnienie w handlu, transporcie, turystyce, informacji i komunikacji",2024,powiat chrzanowski,21.25
204,RYNEK PRACY,"Zatrudnienie w handlu, transporcie, turystyce, informacji i komunikacji",2024,powiat dąbrowski,14.74
204,RYNEK PRACY,"Zatrudnienie w handlu, transporcie, turystyce, informacji i komunikacji",2024,powiat gorlicki,22.96
204,RYNEK PRACY,"Zatrudnienie w handlu, transporcie, turystyce, informacji i komunikacji",2024,powiat krakowski,28.34
204,RYNEK PRACY,"Zatrudnienie w handlu, transporcie, turystyce, informacji i komunikacji",2024,powiat limanowski,17.97
204,RYNEK PRACY,"Zatrudnienie w handlu, transporcie, turystyce, informacji i komunikacji",2024,powiat m. Kraków,33.69
204,RYNEK PRACY,"Zatrudnienie w handlu, transporcie, turystyce, informacji i komunikacji",2024,powiat m. Nowy Sącz,25.9
204,RYNEK PRACY,"Zatrudnienie w handlu, transporcie, turystyce, informacji i komunikacji",2024,powiat m. Tarnów,17.93
204,RYNEK PRACY,"Zatrudnienie w handlu, transporcie, turystyce, informacji i komunikacji",2024,powiat miechowski,26.6
204,RYNEK PRACY,"Zatrudnienie w handlu, transporcie, turystyce, informacji i komunikacji",2024,powiat myślenicki,22.63
204,RYNEK PRACY,"Zatrudnienie w handlu, transporcie, turystyce, informacji i komunikacji",2024,powiat nowosądecki,21.54
204,RYNEK PRACY,"Zatrudnienie w handlu, transporcie, turystyce, informacji i komunikacji",2024,powiat nowotarski,20.66
204,RYNEK PRACY,"Zatrudnienie w handlu, transporcie, turystyce, informacji i komunikacji",2024,powiat olkuski,23.82
204,RYNEK PRACY,"Zatrudnienie w handlu, transporcie, turystyce, informacji i komunikacji",2024,powiat oświęcimski,19.74
204,RYNEK PRACY,"Zatrudnienie w handlu, transporcie, turystyce, informacji i komunikacji",2024,powiat proszowicki,21.09
204,RYNEK PRACY,"Zatrudnienie w handlu, transporcie, turystyce, informacji i komunikacji",2024,powiat suski,17.55
204,RYNEK PRACY,"Zatrudnienie w handlu, transporcie, turystyce, informacji i komunikacji",2024,powiat tarnowski,17.16
204,RYNEK PRACY,"Zatrudnienie w handlu, transporcie, turystyce, informacji i komunikacji",2024,powiat tatrzański,42.92
204,RYNEK PRACY,"Zatrudnienie w handlu, transporcie, turystyce, informacji i komunikacji",2024,powiat wadowicki,22.53
204,RYNEK PRACY,"Zatrudnienie w handlu, transporcie, turystyce, informacji i komunikacji",2024,powiat wielicki,25.63
205,RYNEK PRACY,Zatrudnienie w pozostałych usługach,2024,powiat bocheński,25.17
205,RYNEK PRACY,Zatrudnienie w pozostałych usługach,2024,powiat brzeski,24.32
205,RYNEK PRACY,Zatrudnienie w pozostałych usługach,2024,powiat chrzanowski,35.43
205,RYNEK PRACY,Zatrudnienie w pozostałych usługach,2024,powiat dąbrowski,23.71
205,RYNEK PRACY,Zatrudnienie w pozostałych usługach,2024,powiat gorlicki,24.3
205,RYNEK PRACY,Zatrudnienie w pozostałych usługach,2024,powiat krakowski,28.57
205,RYNEK PRACY,Zatrudnienie w pozostałych usługach,2024,powiat limanowski,21.13
205,RYNEK PRACY,Zatrudnienie w pozostałych usługach,2024,powiat m. Kraków,48.2
205,RYNEK PRACY,Zatrudnienie w pozostałych usługach,2024,powiat m. Nowy Sącz,36.45
205,RYNEK PRACY,Zatrudnienie w pozostałych usługach,2024,powiat m. Tarnów,34.96
205,RYNEK PRACY,Zatrudnienie w pozostałych usługach,2024,powiat miechowski,27.65
205,RYNEK PRACY,Zatrudnienie w pozostałych usługach,2024,powiat myślenicki,22.9
205,RYNEK PRACY,Zatrudnienie w pozostałych usługach,2024,powiat nowosądecki,21.62
205,RYNEK PRACY,Zatrudnienie w pozostałych usługach,2024,powiat nowotarski,24.3
205,RYNEK PRACY,Zatrudnienie w pozostałych usługach,2024,powiat olkuski,25.05
205,RYNEK PRACY,Zatrudnienie w pozostałych usługach,2024,powiat oświęcimski,34.69
205,RYNEK PRACY,Zatrudnienie w pozostałych usługach,2024,powiat proszowicki,21.16
205,RYNEK PRACY,Zatrudnienie w pozostałych usługach,2024,powiat suski,21.9
205,RYNEK PRACY,Zatrudnienie w pozostałych usługach,2024,powiat tarnowski,20.13
205,RYNEK PRACY,Zatrudnienie w pozostałych usługach,2024,powiat tatrzański,28.97
205,RYNEK PRACY,Zatrudnienie w pozostałych usługach,2024,powiat wadowicki,23.92
205,RYNEK PRACY,Zatrudnienie w pozostałych usługach,2024,powiat wielicki,25.82
99,MOBILNOŚĆ,Saldo migracji zagranicznych,2024,powiat bocheński,21.0
99,MOBILNOŚĆ,Saldo migracji zagranicznych,2024,powiat brzeski,32.0
99,MOBILNOŚĆ,Saldo migracji zagranicznych,2024,powiat chrzanowski,5.0
99,MOBILNOŚĆ,Saldo migracji zagranicznych,2024,powiat dąbrowski,-4.0
99,MOBILNOŚĆ,Saldo migracji zagranicznych,2024,powiat gorlicki,-18.0
99,MOBILNOŚĆ,Saldo migracji zagranicznych,2024,powiat krakowski,130.0
99,MOBILNOŚĆ,Saldo migracji zagranicznych,2024,powiat limanowski,11.0
99,MOBILNOŚĆ,Saldo migracji zagranicznych,2024,powiat m. Kraków,1141.0
99,MOBILNOŚĆ,Saldo migracji zagranicznych,2024,powiat m. Nowy Sącz,30.0
99,MOBILNOŚĆ,Saldo migracji zagranicznych,2024,powiat m. Tarnów,-21.0
99,MOBILNOŚĆ,Saldo migracji zagranicznych,2024,powiat miechowski,-1.0
99,MOBILNOŚĆ,Saldo migracji zagranicznych,2024,powiat myślenicki,38.0
99,MOBILNOŚĆ,Saldo migracji zagranicznych,2024,powiat nowosądecki,7.0
99,MOBILNOŚĆ,Saldo migracji zagranicznych,2024,powiat nowotarski,41.0
99,MOBILNOŚĆ,Saldo migracji zagranicznych,2024,powiat olkuski,22.0
99,MOBILNOŚĆ,Saldo migracji zagranicznych,2024,powiat oświęcimski,18.0
99,MOBILNOŚĆ,Saldo migracji zagranicznych,2024,powiat proszowicki,-2.0
99,MOBILNOŚĆ,Saldo migracji zagranicznych,2024,powiat suski,29.0
99,MOBILNOŚĆ,Saldo migracji zagranicznych,2024,powiat tarnowski,-3.0
99,MOBILNOŚĆ,Saldo migracji zagranicznych,2024,powiat tatrzański,22.0
99,MOBILNOŚĆ,Saldo migracji zagranicznych,2024,powiat wadowicki,8.0
99,MOBILNOŚĆ,Saldo migracji zagranicznych,2024,powiat wielicki,110.0
95,BUDŻETY GMIN,Wydatki budżetów gmin - oświata i wychowanie,2024,powiat bocheński,3459.66
95,BUDŻETY GMIN,Wydatki budżetów gmin - oświata i wychowanie,2024,powiat brzeski,3188.62
95,BUDŻETY GMIN,Wydatki budżetów gmin - oświata i wychowanie,2024,powiat chrzanowski,2474.3
95,BUDŻETY GMIN,Wydatki budżetów gmin - oświata i wychowanie,2024,powiat dąbrowski,2824.93
95,BUDŻETY GMIN,Wydatki budżetów gmin - oświata i wychowanie,2024,powiat gorlicki,2561.39
95,BUDŻETY GMIN,Wydatki budżetów gmin - oświata i wychowanie,2024,powiat krakowski,3174.94
95,BUDŻETY GMIN,Wydatki budżetów gmin - oświata i wychowanie,2024,powiat limanowski,3233.02
95,BUDŻETY GMIN,Wydatki budżetów gmin - oświata i wychowanie,2024,powiat m. Kraków,4054.46
95,BUDŻETY GMIN,Wydatki budżetów gmin - oświata i wychowanie,2024,powiat m. Nowy Sącz,5018.74
95,BUDŻETY GMIN,Wydatki budżetów gmin - oświata i wychowanie,2024,powiat m. Tarnów,4657.7
95,BUDŻETY GMIN,Wydatki budżetów gmin - oświata i wychowanie,2024,powiat miechowski,2325.98
95,BUDŻETY GMIN,Wydatki budżetów gmin - oświata i wychowanie,2024,powiat myślenicki,3356.58
95,BUDŻETY GMIN,Wydatki budżetów gmin - oświata i wychowanie,2024,powiat nowosądecki,2928.38
95,BUDŻETY GMIN,Wydatki budżetów gmin - oświata i wychowanie,2024,powiat nowotarski,2806.26
95,BUDŻETY GMIN,Wydatki budżetów gmin - oświata i wychowanie,2024,powiat olkuski,2636.95
95,BUDŻETY GMIN,Wydatki budżetów gmin - oświata i wychowanie,2024,powiat oświęcimski,2963.01
95,BUDŻETY GMIN,Wydatki budżetów gmin - oświata i wychowanie,2024,powiat proszowicki,2604.26
95,BUDŻETY GMIN,Wydatki budżetów gmin - oświata i wychowanie,2024,powiat suski,2682.73
95,BUDŻETY GMIN,Wydatki budżetów gmin - oświata i wychowanie,2024,powiat tarnowski,2833.85
95,BUDŻETY GMIN,Wydatki budżetów gmin - oświata i wychowanie,2024,powiat tatrzański,2569.63
95,BUDŻETY GMIN,Wydatki budżetów gmin - oświata i wychowanie,2024,powiat wadowicki,3053.69
95,BUDŻETY GMIN,Wydatki budżetów gmin - oświata i wychowanie,2024,powiat wielicki,3484.19
96,BUDŻETY GMIN,Wydatki budżetów gmin - kultura,2024,powiat bocheński,267.21
96,BUDŻETY GMIN,Wydatki budżetów gmin - kultura,2024,powiat brzeski,199.44
96,BUDŻETY GMIN,Wydatki budżetów gmin - kultura,2024,powiat chrzanowski,323.27
96,BUDŻETY GMIN,Wydatki budżetów gmin - kultura,2024,powiat dąbrowski,193.89
96,BUDŻETY GMIN,Wydatki budżetów gmin - kultura,2024,powiat gorlicki,464.02
96,BUDŻETY GMIN,Wydatki budżetów gmin - kultura,2024,powiat krakowski,180.62
96,BUDŻETY GMIN,Wydatki budżetów gmin - kultura,2024,powiat limanowski,256.93
96,BUDŻETY GMIN,Wydatki budżetów gmin - kultura,2024,powiat m. Kraków,653.56
96,BUDŻETY GMIN,Wydatki budżetów gmin - kultura,2024,powiat m. Nowy Sącz,181.95
96,BUDŻETY GMIN,Wydatki budżetów gmin - kultura,2024,powiat m. Tarnów,253.27
96,BUDŻETY GMIN,Wydatki budżetów gmin - kultura,2024,powiat miechowski,295.62
96,BUDŻETY GMIN,Wydatki budżetów gmin - kultura,2024,powiat myślenicki,241.09
96,BUDŻETY GMIN,Wydatki budżetów gmin - kultura,2024,powiat nowosądecki,262.45
96,BUDŻETY GMIN,Wydatki budżetów gmin - kultura,2024,powiat nowotarski,233.46
96,BUDŻETY GMIN,Wydatki budżetów gmin - kultura,2024,powiat olkuski,292.24
96,BUDŻETY GMIN,Wydatki budżetów gmin - kultura,2024,powiat oświęcimski,324.4
96,BUDŻETY GMIN,Wydatki budżetów gmin - kultura,2024,powiat proszowicki,242.75
96,BUDŻETY GMIN,Wydatki budżetów gmin - kultura,2024,powiat suski,271.66
96,BUDŻETY GMIN,Wydatki budżetów gmin - kultura,2024,powiat tarnowski,241.39
96,BUDŻETY GMIN,Wydatki budżetów gmin - kultura,2024,powiat tatrzański,249.62
96,BUDŻETY GMIN,Wydatki budżetów gmin - kultura,2024,powiat wadowicki,201.41
96,BUDŻETY GMIN,Wydatki budżetów gmin - kultura,2024,powiat wielicki,238.31
97,BUDŻETY GMIN,Wydatki budżetów gmin - pomoc społeczna,2024,powiat bocheński,346.86
97,BUDŻETY GMIN,Wydatki budżetów gmin - pomoc społeczna,2024,powiat brzeski,420.51
97,BUDŻETY GMIN,Wydatki budżetów gmin - pomoc społeczna,2024,powiat chrzanowski,560.63
97,BUDŻETY GMIN,Wydatki budżetów gmin - pomoc społeczna,2024,powiat dąbrowski,494.08
97,BUDŻETY GMIN,Wydatki budżetów gmin - pomoc społeczna,2024,powiat gorlicki,637.2
97,BUDŻETY GMIN,Wydatki budżetów gmin - pomoc społeczna,2024,powiat krakowski,361.98
97,BUDŻETY GMIN,Wydatki budżetów gmin - pomoc społeczna,2024,powiat limanowski,375.42
97,BUDŻETY GMIN,Wydatki budżetów gmin - pomoc społeczna,2024,powiat m. Kraków,820.76
97,BUDŻETY GMIN,Wydatki budżetów gmin - pomoc społeczna,2024,powiat m. Nowy Sącz,1033.38
97,BUDŻETY GMIN,Wydatki budżetów gmin - pomoc społeczna,2024,powiat m. Tarnów,986.38
97,BUDŻETY GMIN,Wydatki budżetów gmin - pomoc społeczna,2024,powiat miechowski,643.21
97,BUDŻETY GMIN,Wydatki budżetów gmin - pomoc społeczna,2024,powiat myślenicki,370.08
97,BUDŻETY GMIN,Wydatki budżetów gmin - pomoc społeczna,2024,powiat nowosądecki,462.02
97,BUDŻETY GMIN,Wydatki budżetów gmin - pomoc społeczna,2024,powiat nowotarski,315.18
97,BUDŻETY GMIN,Wydatki budżetów gmin - pomoc społeczna,2024,powiat olkuski,439.3
97,BUDŻETY GMIN,Wydatki budżetów gmin - pomoc społeczna,2024,powiat oświęcimski,420.34
97,BUDŻETY GMIN,Wydatki budżetów gmin - pomoc społeczna,2024,powiat proszowicki,467.97
97,BUDŻETY GMIN,Wydatki budżetów gmin - pomoc społeczna,2024,powiat suski,344.47
97,BUDŻETY GMIN,Wydatki budżetów gmin - pomoc społeczna,2024,powiat tarnowski,395.46
97,BUDŻETY GMIN,Wydatki budżetów gmin - pomoc społeczna,2024,powiat tatrzański,386.92
97,BUDŻETY GMIN,Wydatki budżetów gmin - pomoc społeczna,2024,powiat wadowicki,453.04
97,BUDŻETY GMIN,Wydatki budżetów gmin - pomoc społeczna,2024,powiat wielicki,401.11
186,LUDNOŚĆ,Ludność ogółem,2024,powiat bocheński,106985
186,LUDNOŚĆ,Ludność ogółem,2024,powiat brzeski,91340
186,LUDNOŚĆ,Ludność ogółem,2024,powiat chrzanowski,117756
186,LUDNOŚĆ,Ludność ogółem,2024,powiat dąbrowski,57253
186,LUDNOŚĆ,Ludność ogółem,2024,powiat gorlicki,104592
186,LUDNOŚĆ,Ludność ogółem,2024,powiat krakowski,304278
186,LUDNOŚĆ,Ludność ogółem,2024,powiat limanowski,131626
186,LUDNOŚĆ,Ludność ogółem,2024,powiat m. Kraków,809168
186,LUDNOŚĆ,Ludność ogółem,2024,powiat m. Nowy Sącz,79821
186,LUDNOŚĆ,Ludność ogółem,2024,powiat m. Tarnów,102123
186,LUDNOŚĆ,Ludność ogółem,2024,powiat miechowski,46305
186,LUDNOŚĆ,Ludność ogółem,2024,powiat myślenicki,129984
186,LUDNOŚĆ,Ludność ogółem,2024,powiat nowosądecki,214876
186,LUDNOŚĆ,Ludność ogółem,2024,powiat nowotarski,189984
186,LUDNOŚĆ,Ludność ogółem,2024,powiat olkuski,105000
186,LUDNOŚĆ,Ludność ogółem,2024,powiat oświęcimski,147678
186,LUDNOŚĆ,Ludność ogółem,2024,powiat proszowicki,41929
186,LUDNOŚĆ,Ludność ogółem,2024,powiat suski,82546
186,LUDNOŚĆ,Ludność ogółem,2024,powiat tarnowski,197119
186,LUDNOŚĆ,Ludność ogółem,2024,powiat tatrzański,66346
186,LUDNOŚĆ,Ludność ogółem,2024,powiat wadowicki,157099
186,LUDNOŚĆ,Ludność ogółem,2024,powiat wielicki,145276
233,RODZINA,Liczba rodzin ogółem,2021,powiat bocheński,29426
233,RODZINA,Liczba rodzin ogółem,2021,powiat brzeski,25184
233,RODZINA,Liczba rodzin ogółem,2021,powiat chrzanowski,35728
233,RODZINA,Liczba rodzin ogółem,2021,powiat dąbrowski,15594
233,RODZINA,Liczba rodzin ogółem,2021,powiat gorlicki,29427
233,RODZINA,Liczba rodzin ogółem,2021,powiat krakowski,84212
233,RODZINA,Liczba rodzin ogółem,2021,powiat limanowski,34173
233,RODZINA,Liczba rodzin ogółem,2021,powiat m. Kraków,206225
233,RODZINA,Liczba rodzin ogółem,2021,powiat m. Nowy Sącz,22571
233,RODZINA,Liczba rodzin ogółem,2021,powiat m. Tarnów,29632
233,RODZINA,Liczba rodzin ogółem,2021,powiat miechowski,13573
233,RODZINA,Liczba rodzin ogółem,2021,powiat myślenicki,35404
233,RODZINA,Liczba rodzin ogółem,2021,powiat nowosądecki,56918
233,RODZINA,Liczba rodzin ogółem,2021,powiat nowotarski,50952
233,RODZINA,Liczba rodzin ogółem,2021,powiat olkuski,32073
233,RODZINA,Liczba rodzin ogółem,2021,powiat oświęcimski,43689
233,RODZINA,Liczba rodzin ogółem,2021,powiat proszowicki,12178
233,RODZINA,Liczba rodzin ogółem,2021,powiat suski,22873
233,RODZINA,Liczba rodzin ogółem,2021,powiat tarnowski,54190
233,RODZINA,Liczba rodzin ogółem,2021,powiat tatrzański,17773
233,RODZINA,Liczba rodzin ogółem,2021,powiat wadowicki,44388
233,RODZINA,Liczba rodzin ogółem,2021,powiat wielicki,38836
27,POMOC SPOŁECZNA - KADRA,Liczba mieszkańców na 1 pracownika socjalnego,2024,powiat bocheński,1877
27,POMOC SPOŁECZNA - KADRA,Liczba mieszkańców na 1 pracownika socjalnego,2024,powiat brzeski,2342
27,POMOC SPOŁECZNA - KADRA,Liczba mieszkańców na 1 pracownika socjalnego,2024,powiat chrzanowski,1659
27,POMOC SPOŁECZNA - KADRA,Liczba mieszkańców na 1 pracownika socjalnego,2024,powiat dąbrowski,1636
27,POMOC SPOŁECZNA - KADRA,Liczba mieszkańców na 1 pracownika socjalnego,2024,powiat gorlicki,1634
27,POMOC SPOŁECZNA - KADRA,Liczba mieszkańców na 1 pracownika socjalnego,2024,powiat krakowski,2396
27,POMOC SPOŁECZNA - KADRA,Liczba mieszkańców na 1 pracownika socjalnego,2024,powiat limanowski,2089
27,POMOC SPOŁECZNA - KADRA,Liczba mieszkańców na 1 pracownika socjalnego,2024,powiat m. Kraków,2229
27,POMOC SPOŁECZNA - KADRA,Liczba mieszkańców na 1 pracownika socjalnego,2024,powiat m. Nowy Sącz,1698
27,POMOC SPOŁECZNA - KADRA,Liczba mieszkańców na 1 pracownika socjalnego,2024,powiat m. Tarnów,1702
27,POMOC SPOŁECZNA - KADRA,Liczba mieszkańców na 1 pracownika socjalnego,2024,powiat miechowski,1597
27,POMOC SPOŁECZNA - KADRA,Liczba mieszkańców na 1 pracownika socjalnego,2024,powiat myślenicki,2063
27,POMOC SPOŁECZNA - KADRA,Liczba mieszkańców na 1 pracownika socjalnego,2024,powiat nowosądecki,2066
27,POMOC SPOŁECZNA - KADRA,Liczba mieszkańców na 1 pracownika socjalnego,2024,powiat nowotarski,2676
27,POMOC SPOŁECZNA - KADRA,Liczba mieszkańców na 1 pracownika socjalnego,2024,powiat olkuski,1981
27,POMOC SPOŁECZNA - KADRA,Liczba mieszkańców na 1 pracownika socjalnego,2024,powiat oświęcimski,1893
27,POMOC SPOŁECZNA - KADRA,Liczba mieszkańców na 1 pracownika socjalnego,2024,powiat proszowicki,1906
27,POMOC SPOŁECZNA - KADRA,Liczba mieszkańców na 1 pracownika socjalnego,2024,powiat suski,1876
27,POMOC SPOŁECZNA - KADRA,Liczba mieszkańców na 1 pracownika socjalnego,2024,powiat tarnowski,2292
27,POMOC SPOŁECZNA - KADRA,Liczba mieszkańców na 1 pracownika socjalnego,2024,powiat tatrzański,2140
27,POMOC SPOŁECZNA - KADRA,Liczba mieszkańców na 1 pracownika socjalnego,2024,powiat wadowicki,2380
27,POMOC SPOŁECZNA - KADRA,Liczba mieszkańców na 1 pracownika socjalnego,2024,powiat wielicki,2690
40,POMOC SPOŁECZNA - POWODY KORZYSTANIA,Alkoholizm,2024,powiat bocheński,5.48
40,POMOC SPOŁECZNA - POWODY KORZYSTANIA,Alkoholizm,2024,powiat brzeski,4.95
40,POMOC SPOŁECZNA - POWODY KORZYSTANIA,Alkoholizm,2024,powiat chrzanowski,9.42
40,POMOC SPOŁECZNA - POWODY KORZYSTANIA,Alkoholizm,2024,powiat dąbrowski,3.36
40,POMOC SPOŁECZNA - POWODY KORZYSTANIA,Alkoholizm,2024,powiat gorlicki,3.7
40,POMOC SPOŁECZNA - POWODY KORZYSTANIA,Alkoholizm,2024,powiat krakowski,6.42
40,POMOC SPOŁECZNA - POWODY KORZYSTANIA,Alkoholizm,2024,powiat limanowski,3.77
40,POMOC SPOŁECZNA - POWODY KORZYSTANIA,Alkoholizm,2024,powiat m. Kraków,8.0
40,POMOC SPOŁECZNA - POWODY KORZYSTANIA,Alkoholizm,2024,powiat m. Nowy Sącz,7.49
40,POMOC SPOŁECZNA - POWODY KORZYSTANIA,Alkoholizm,2024,powiat m. Tarnów,9.12
40,POMOC SPOŁECZNA - POWODY KORZYSTANIA,Alkoholizm,2024,powiat miechowski,7.1
40,POMOC SPOŁECZNA - POWODY KORZYSTANIA,Alkoholizm,2024,powiat myślenicki,4.34
40,POMOC SPOŁECZNA - POWODY KORZYSTANIA,Alkoholizm,2024,powiat nowosądecki,1.97
40,POMOC SPOŁECZNA - POWODY KORZYSTANIA,Alkoholizm,2024,powiat nowotarski,5.37
40,POMOC SPOŁECZNA - POWODY KORZYSTANIA,Alkoholizm,2024,powiat olkuski,4.79
40,POMOC SPOŁECZNA - POWODY KORZYSTANIA,Alkoholizm,2024,powiat oświęcimski,9.27
40,POMOC SPOŁECZNA - POWODY KORZYSTANIA,Alkoholizm,2024,powiat proszowicki,2.1
40,POMOC SPOŁECZNA - POWODY KORZYSTANIA,Alkoholizm,2024,powiat suski,8.5
40,POMOC SPOŁECZNA - POWODY KORZYSTANIA,Alkoholizm,2024,powiat tarnowski,2.83
40,POMOC SPOŁECZNA - POWODY KORZYSTANIA,Alkoholizm,2024,powiat tatrzański,6.26
40,POMOC SPOŁECZNA - POWODY KORZYSTANIA,Alkoholizm,2024,powiat wadowicki,14.58
40,POMOC SPOŁECZNA - POWODY KORZYSTANIA,Alkoholizm,2024,powiat wielicki,4.82
17,POMOC SPOŁECZNA - BENEFICJENCI,Beneficjenci pomocy społecznej,2024,powiat bocheński,2.35
17,POMOC SPOŁECZNA - BENEFICJENCI,Beneficjenci pomocy społecznej,2024,powiat brzeski,2.88
17,POMOC SPOŁECZNA - BENEFICJENCI,Beneficjenci pomocy społecznej,2024,powiat chrzanowski,3.18
17,POMOC SPOŁECZNA - BENEFICJENCI,Beneficjenci pomocy społecznej,2024,powiat dąbrowski,5.2
17,POMOC SPOŁECZNA - BENEFICJENCI,Beneficjenci pomocy społecznej,2024,powiat gorlicki,6.03
17,POMOC SPOŁECZNA - BENEFICJENCI,Beneficjenci pomocy społecznej,2024,powiat krakowski,1.51
17,POMOC SPOŁECZNA - BENEFICJENCI,Beneficjenci pomocy społecznej,2024,powiat limanowski,5.21
17,POMOC SPOŁECZNA - BENEFICJENCI,Beneficjenci pomocy społecznej,2024,powiat m. Kraków,1.81
17,POMOC SPOŁECZNA - BENEFICJENCI,Beneficjenci pomocy społecznej,2024,powiat m. Nowy Sącz,3.14
17,POMOC SPOŁECZNA - BENEFICJENCI,Beneficjenci pomocy społecznej,2024,powiat m. Tarnów,3.16
17,POMOC SPOŁECZNA - BENEFICJENCI,Beneficjenci pomocy społecznej,2024,powiat miechowski,2.74
17,POMOC SPOŁECZNA - BENEFICJENCI,Beneficjenci pomocy społecznej,2024,powiat myślenicki,2.22
17,POMOC SPOŁECZNA - BENEFICJENCI,Beneficjenci pomocy społecznej,2024,powiat nowosądecki,5.48
17,POMOC SPOŁECZNA - BENEFICJENCI,Beneficjenci pomocy społecznej,2024,powiat nowotarski,2.19
17,POMOC SPOŁECZNA - BENEFICJENCI,Beneficjenci pomocy społecznej,2024,powiat olkuski,2.64
17,POMOC SPOŁECZNA - BENEFICJENCI,Beneficjenci pomocy społecznej,2024,powiat oświęcimski,2.02
17,POMOC SPOŁECZNA - BENEFICJENCI,Beneficjenci pomocy społecznej,2024,powiat proszowicki,3.29
17,POMOC SPOŁECZNA - BENEFICJENCI,Beneficjenci pomocy społecznej,2024,powiat suski,3.42
17,POMOC SPOŁECZNA - BENEFICJENCI,Beneficjenci pomocy społecznej,2024,powiat tarnowski,3.37
17,POMOC SPOŁECZNA - BENEFICJENCI,Beneficjenci pomocy społecznej,2024,powiat tatrzański,2.41
17,POMOC SPOŁECZNA - BENEFICJENCI,Beneficjenci pomocy społecznej,2024,powiat wadowicki,2.03
17,POMOC SPOŁECZNA - BENEFICJENCI,Beneficjenci pomocy społecznej,2024,powiat wielicki,1.56
225,POMOC SPOŁECZNA - ŚWIADCZENIA,Świadczenia pieniężne z pomocy społecznej,2024,powiat bocheński,79.26
225,POMOC SPOŁECZNA - ŚWIADCZENIA,Świadczenia pieniężne z pomocy społecznej,2024,powiat brzeski,69.03
225,POMOC SPOŁECZNA - ŚWIADCZENIA,Świadczenia pieniężne z pomocy społecznej,2024,powiat chrzanowski,83.56
225,POMOC SPOŁECZNA - ŚWIADCZENIA,Świadczenia pieniężne z pomocy społecznej,2024,powiat dąbrowski,57.8
225,POMOC SPOŁECZNA - ŚWIADCZENIA,Świadczenia pieniężne z pomocy społecznej,2024,powiat gorlicki,67.42
225,POMOC SPOŁECZNA - ŚWIADCZENIA,Świadczenia pieniężne z pomocy społecznej,2024,powiat krakowski,86.35
225,POMOC SPOŁECZNA - ŚWIADCZENIA,Świadczenia pieniężne z pomocy społecznej,2024,powiat limanowski,52.54
225,POMOC SPOŁECZNA - ŚWIADCZENIA,Świadczenia pieniężne z pomocy społecznej,2024,powiat m. Kraków,78.34
225,POMOC SPOŁECZNA - ŚWIADCZENIA,Świadczenia pieniężne z pomocy społecznej,2024,powiat m. Nowy Sącz,85.98
225,POMOC SPOŁECZNA - ŚWIADCZENIA,Świadczenia pieniężne z pomocy społecznej,2024,powiat m. Tarnów,86.53
225,POMOC SPOŁECZNA - ŚWIADCZENIA,Świadczenia pieniężne z pomocy społecznej,2024,powiat miechowski,53.79
225,POMOC SPOŁECZNA - ŚWIADCZENIA,Świadczenia pieniężne z pomocy społecznej,2024,powiat myślenicki,65.94
225,POMOC SPOŁECZNA - ŚWIADCZENIA,Świadczenia pieniężne z pomocy społecznej,2024,powiat nowosądecki,57.95
225,POMOC SPOŁECZNA - ŚWIADCZENIA,Świadczenia pieniężne z pomocy społecznej,2024,powiat nowotarski,75.11
225,POMOC SPOŁECZNA - ŚWIADCZENIA,Świadczenia pieniężne z pomocy społecznej,2024,powiat olkuski,75.16
225,POMOC SPOŁECZNA - ŚWIADCZENIA,Świadczenia pieniężne z pomocy społecznej,2024,powiat oświęcimski,79.56
225,POMOC SPOŁECZNA - ŚWIADCZENIA,Świadczenia pieniężne z pomocy społecznej,2024,powiat proszowicki,64.01
225,POMOC SPOŁECZNA - ŚWIADCZENIA,Świadczenia pieniężne z pomocy społecznej,2024,powiat suski,81.86
225,POMOC SPOŁECZNA - ŚWIADCZENIA,Świadczenia pieniężne z pomocy społecznej,2024,powiat tarnowski,71.73
225,POMOC SPOŁECZNA - ŚWIADCZENIA,Świadczenia pieniężne z pomocy społecznej,2024,powiat tatrzański,67.83
225,POMOC SPOŁECZNA - ŚWIADCZENIA,Świadczenia pieniężne z pomocy społecznej,2024,powiat wadowicki,78.38
225,POMOC SPOŁECZNA - ŚWIADCZENIA,Świadczenia pieniężne z pomocy społecznej,2024,powiat wielicki,72.94
254,POMOC SPOŁECZNA I OTOCZENIE - INFRASTRUKTURA,Centra integracji społecznej,2024,powiat bocheński,0
254,POMOC SPOŁECZNA I OTOCZENIE - INFRASTRUKTURA,Centra integracji społecznej,2024,powiat brzeski,0
254,POMOC SPOŁECZNA I OTOCZENIE - INFRASTRUKTURA,Centra integracji społecznej,2024,powiat chrzanowski,1
254,POMOC SPOŁECZNA I OTOCZENIE - INFRASTRUKTURA,Centra integracji społecznej,2024,powiat dąbrowski,0
254,POMOC SPOŁECZNA I OTOCZENIE - INFRASTRUKTURA,Centra integracji społecznej,2024,powiat gorlicki,1
254,POMOC SPOŁECZNA I OTOCZENIE - INFRASTRUKTURA,Centra integracji społecznej,2024,powiat krakowski,0
254,POMOC SPOŁECZNA I OTOCZENIE - INFRASTRUKTURA,Centra integracji społecznej,2024,powiat limanowski,0
254,POMOC SPOŁECZNA I OTOCZENIE - INFRASTRUKTURA,Centra integracji społecznej,2024,powiat m. Kraków,2
254,POMOC SPOŁECZNA I OTOCZENIE - INFRASTRUKTURA,Centra integracji społecznej,2024,powiat m. Nowy Sącz,1
254,POMOC SPOŁECZNA I OTOCZENIE - INFRASTRUKTURA,Centra integracji społecznej,2024,powiat m. Tarnów,2
254,POMOC SPOŁECZNA I OTOCZENIE - INFRASTRUKTURA,Centra integracji społecznej,2024,powiat miechowski,0
254,POMOC SPOŁECZNA I OTOCZENIE - INFRASTRUKTURA,Centra integracji społecznej,2024,powiat myślenicki,0
254,POMOC SPOŁECZNA I OTOCZENIE - INFRASTRUKTURA,Centra integracji społecznej,2024,powiat nowosądecki,0
254,POMOC SPOŁECZNA I OTOCZENIE - INFRASTRUKTURA,Centra integracji społecznej,2024,powiat nowotarski,0
254,POMOC SPOŁECZNA I OTOCZENIE - INFRASTRUKTURA,Centra integracji społecznej,2024,powiat olkuski,1
254,POMOC SPOŁECZNA I OTOCZENIE - INFRASTRUKTURA,Centra integracji społecznej,2024,powiat oświęcimski,1
254,POMOC SPOŁECZNA I OTOCZENIE - INFRASTRUKTURA,Centra integracji społecznej,2024,powiat proszowicki,0
254,POMOC SPOŁECZNA I OTOCZENIE - INFRASTRUKTURA,Centra integracji społecznej,2024,powiat suski,0
254,POMOC SPOŁECZNA I OTOCZENIE - INFRASTRUKTURA,Centra integracji społecznej,2024,powiat tarnowski,0
254,POMOC SPOŁECZNA I OTOCZENIE - INFRASTRUKTURA,Centra integracji społecznej,2024,powiat tatrzański,0
254,POMOC SPOŁECZNA I OTOCZENIE - INFRASTRUKTURA,Centra integracji społecznej,2024,powiat wadowicki,1
254,POMOC SPOŁECZNA I OTOCZENIE - INFRASTRUKTURA,Centra integracji społecznej,2024,powiat wielicki,0
258,PIECZA ZASTĘPCZA,Stopień deinstytucjonalizacji pieczy zastępczej,2024,powiat bocheński,66.29
258,PIECZA ZASTĘPCZA,Stopień deinstytucjonalizacji pieczy zastępczej,2024,powiat brzeski,61.97
258,PIECZA ZASTĘPCZA,Stopień deinstytucjonalizacji pieczy zastępczej,2024,powiat chrzanowski,73.21
258,PIECZA ZASTĘPCZA,Stopień deinstytucjonalizacji pieczy zastępczej,2024,powiat dąbrowski,37.5
258,PIECZA ZASTĘPCZA,Stopień deinstytucjonalizacji pieczy zastępczej,2024,powiat gorlicki,67.39
258,PIECZA ZASTĘPCZA,Stopień deinstytucjonalizacji pieczy zastępczej,2024,powiat krakowski,71.78
258,PIECZA ZASTĘPCZA,Stopień deinstytucjonalizacji pieczy zastępczej,2024,powiat limanowski,100.0
258,PIECZA ZASTĘPCZA,Stopień deinstytucjonalizacji pieczy zastępczej,2024,powiat m. Kraków,38.24
258,PIECZA ZASTĘPCZA,Stopień deinstytucjonalizacji pieczy zastępczej,2024,powiat m. Nowy Sącz,68.38
258,PIECZA ZASTĘPCZA,Stopień deinstytucjonalizacji pieczy zastępczej,2024,powiat m. Tarnów,56.0
258,PIECZA ZASTĘPCZA,Stopień deinstytucjonalizacji pieczy zastępczej,2024,powiat miechowski,39.68
258,PIECZA ZASTĘPCZA,Stopień deinstytucjonalizacji pieczy zastępczej,2024,powiat myślenicki,74.51
258,PIECZA ZASTĘPCZA,Stopień deinstytucjonalizacji pieczy zastępczej,2024,powiat nowosądecki,68.0
258,PIECZA ZASTĘPCZA,Stopień deinstytucjonalizacji pieczy zastępczej,2024,powiat nowotarski,78.47
258,PIECZA ZASTĘPCZA,Stopień deinstytucjonalizacji pieczy zastępczej,2024,powiat olkuski,57.89
258,PIECZA ZASTĘPCZA,Stopień deinstytucjonalizacji pieczy zastępczej,2024,powiat oświęcimski,67.65
258,PIECZA ZASTĘPCZA,Stopień deinstytucjonalizacji pieczy zastępczej,2024,powiat proszowicki,100.0
258,PIECZA ZASTĘPCZA,Stopień deinstytucjonalizacji pieczy zastępczej,2024,powiat suski,100.0
258,PIECZA ZASTĘPCZA,Stopień deinstytucjonalizacji pieczy zastępczej,2024,powiat tarnowski,76.58
258,PIECZA ZASTĘPCZA,Stopień deinstytucjonalizacji pieczy zastępczej,2024,powiat tatrzański,73.08
258,PIECZA ZASTĘPCZA,Stopień deinstytucjonalizacji pieczy zastępczej,2024,powiat wadowicki,73.64
258,PIECZA ZASTĘPCZA,Stopień deinstytucjonalizacji pieczy zastępczej,2024,powiat wielicki,82.83
2,ZDROWIE,Dostępność aptek,2024,powiat bocheński,3566
2,ZDROWIE,Dostępność aptek,2024,powiat brzeski,3513
2,ZDROWIE,Dostępność aptek,2024,powiat chrzanowski,3183
2,ZDROWIE,Dostępność aptek,2024,powiat dąbrowski,3817
2,ZDROWIE,Dostępność aptek,2024,powiat gorlicki,3374
2,ZDROWIE,Dostępność aptek,2024,powiat krakowski,4610
2,ZDROWIE,Dostępność aptek,2024,powiat limanowski,3557
2,ZDROWIE,Dostępność aptek,2024,powiat m. Kraków,2997
2,ZDROWIE,Dostępność aptek,2024,powiat m. Nowy Sącz,2348
2,ZDROWIE,Dostępność aptek,2024,powiat m. Tarnów,2220
2,ZDROWIE,Dostępność aptek,2024,powiat miechowski,3308
2,ZDROWIE,Dostępność aptek,2024,powiat myślenicki,4333
2,ZDROWIE,Dostępność aptek,2024,powiat nowosądecki,4671
2,ZDROWIE,Dostępność aptek,2024,powiat nowotarski,3654
2,ZDROWIE,Dostępność aptek,2024,powiat olkuski,3281
2,ZDROWIE,Dostępność aptek,2024,powiat oświęcimski,3282
2,ZDROWIE,Dostępność aptek,2024,powiat proszowicki,3225
2,ZDROWIE,Dostępność aptek,2024,powiat suski,3175
2,ZDROWIE,Dostępność aptek,2024,powiat tarnowski,4693
2,ZDROWIE,Dostępność aptek,2024,powiat tatrzański,2764
2,ZDROWIE,Dostępność aptek,2024,powiat wadowicki,3740
2,ZDROWIE,Dostępność aptek,2024,powiat wielicki,4686
215,NIEPEŁNOSPRAWNOŚĆ,Odsetek osób niepełnosprawnych ogółem,2021,powiat bocheński,13.82
215,NIEPEŁNOSPRAWNOŚĆ,Odsetek osób niepełnosprawnych ogółem,2021,powiat brzeski,13.94
215,NIEPEŁNOSPRAWNOŚĆ,Odsetek osób niepełnosprawnych ogółem,2021,powiat chrzanowski,14.55
215,NIEPEŁNOSPRAWNOŚĆ,Odsetek osób niepełnosprawnych ogółem,2021,powiat dąbrowski,13.36
215,NIEPEŁNOSPRAWNOŚĆ,Odsetek osób niepełnosprawnych ogółem,2021,powiat gorlicki,18.65
215,NIEPEŁNOSPRAWNOŚĆ,Odsetek osób niepełnosprawnych ogółem,2021,powiat krakowski,12.99
215,NIEPEŁNOSPRAWNOŚĆ,Odsetek osób niepełnosprawnych ogółem,2021,powiat limanowski,12.0
215,NIEPEŁNOSPRAWNOŚĆ,Odsetek osób niepełnosprawnych ogółem,2021,powiat m. Kraków,13.87
215,NIEPEŁNOSPRAWNOŚĆ,Odsetek osób niepełnosprawnych ogółem,2021,powiat m. Nowy Sącz,13.27
215,NIEPEŁNOSPRAWNOŚĆ,Odsetek osób niepełnosprawnych ogółem,2021,powiat m. Tarnów,18.68
215,NIEPEŁNOSPRAWNOŚĆ,Odsetek osób niepełnosprawnych ogółem,2021,powiat miechowski,20.72
215,NIEPEŁNOSPRAWNOŚĆ,Odsetek osób niepełnosprawnych ogółem,2021,powiat myślenicki,12.92
215,NIEPEŁNOSPRAWNOŚĆ,Odsetek osób niepełnosprawnych ogółem,2021,powiat nowosądecki,11.93
215,NIEPEŁNOSPRAWNOŚĆ,Odsetek osób niepełnosprawnych ogółem,2021,powiat nowotarski,12.13
215,NIEPEŁNOSPRAWNOŚĆ,Odsetek osób niepełnosprawnych ogółem,2021,powiat olkuski,14.74
215,NIEPEŁNOSPRAWNOŚĆ,Odsetek osób niepełnosprawnych ogółem,2021,powiat oświęcimski,12.94
215,NIEPEŁNOSPRAWNOŚĆ,Odsetek osób niepełnosprawnych ogółem,2021,powiat proszowicki,18.15
215,NIEPEŁNOSPRAWNOŚĆ,Odsetek osób niepełnosprawnych ogółem,2021,powiat suski,12.85
215,NIEPEŁNOSPRAWNOŚĆ,Odsetek osób niepełnosprawnych ogółem,2021,powiat tarnowski,14.45
215,NIEPEŁNOSPRAWNOŚĆ,Odsetek osób niepełnosprawnych ogółem,2021,powiat tatrzański,12.63
215,NIEPEŁNOSPRAWNOŚĆ,Odsetek osób niepełnosprawnych ogółem,2021,powiat wadowicki,13.43
215,NIEPEŁNOSPRAWNOŚĆ,Odsetek osób niepełnosprawnych ogółem,2021,powiat wielicki,11.81
65,"WYNAGRODZENIA, EMERYTURY I RENTY",Przeciętne wynagrodzenie w relacji do śr. krajowej,2024,powiat bocheński,82.3
65,"WYNAGRODZENIA, EMERYTURY I RENTY",Przeciętne wynagrodzenie w relacji do śr. krajowej,2024,powiat brzeski,80.6
65,"WYNAGRODZENIA, EMERYTURY I RENTY",Przeciętne wynagrodzenie w relacji do śr. krajowej,2024,powiat chrzanowski,92.1
65,"WYNAGRODZENIA, EMERYTURY I RENTY",Przeciętne wynagrodzenie w relacji do śr. krajowej,2024,powiat dąbrowski,83.0
65,"WYNAGRODZENIA, EMERYTURY I RENTY",Przeciętne wynagrodzenie w relacji do śr. krajowej,2024,powiat gorlicki,77.7
65,"WYNAGRODZENIA, EMERYTURY I RENTY",Przeciętne wynagrodzenie w relacji do śr. krajowej,2024,powiat krakowski,94.0
65,"WYNAGRODZENIA, EMERYTURY I RENTY",Przeciętne wynagrodzenie w relacji do śr. krajowej,2024,powiat limanowski,80.2
65,"WYNAGRODZENIA, EMERYTURY I RENTY",Przeciętne wynagrodzenie w relacji do śr. krajowej,2024,powiat m. Kraków,121.1
65,"WYNAGRODZENIA, EMERYTURY I RENTY",Przeciętne wynagrodzenie w relacji do śr. krajowej,2024,powiat m. Nowy Sącz,84.4
65,"WYNAGRODZENIA, EMERYTURY I RENTY",Przeciętne wynagrodzenie w relacji do śr. krajowej,2024,powiat m. Tarnów,97.9
65,"WYNAGRODZENIA, EMERYTURY I RENTY",Przeciętne wynagrodzenie w relacji do śr. krajowej,2024,powiat miechowski,84.4
65,"WYNAGRODZENIA, EMERYTURY I RENTY",Przeciętne wynagrodzenie w relacji do śr. krajowej,2024,powiat myślenicki,84.1
65,"WYNAGRODZENIA, EMERYTURY I RENTY",Przeciętne wynagrodzenie w relacji do śr. krajowej,2024,powiat nowosądecki,79.1
65,"WYNAGRODZENIA, EMERYTURY I RENTY",Przeciętne wynagrodzenie w relacji do śr. krajowej,2024,powiat nowotarski,79.8
65,"WYNAGRODZENIA, EMERYTURY I RENTY",Przeciętne wynagrodzenie w relacji do śr. krajowej,2024,powiat olkuski,86.8
65,"WYNAGRODZENIA, EMERYTURY I RENTY",Przeciętne wynagrodzenie w relacji do śr. krajowej,2024,powiat oświęcimski,86.8
65,"WYNAGRODZENIA, EMERYTURY I RENTY",Przeciętne wynagrodzenie w relacji do śr. krajowej,2024,powiat proszowicki,86.4
65,"WYNAGRODZENIA, EMERYTURY I RENTY",Przeciętne wynagrodzenie w relacji do śr. krajowej,2024,powiat suski,82.2
65,"WYNAGRODZENIA, EMERYTURY I RENTY",Przeciętne wynagrodzenie w relacji do śr. krajowej,2024,powiat tarnowski,77.5
65,"WYNAGRODZENIA, EMERYTURY I RENTY",Przeciętne wynagrodzenie w relacji do śr. krajowej,2024,powiat tatrzański,86.0
65,"WYNAGRODZENIA, EMERYTURY I RENTY",Przeciętne wynagrodzenie w relacji do śr. krajowej,2024,powiat wadowicki,81.4
65,"WYNAGRODZENIA, EMERYTURY I RENTY",Przeciętne wynagrodzenie w relacji do śr. krajowej,2024,powiat wielicki,92.7
22,KULTURA,Wskaźnik dostępności kin,2024,powiat bocheński,598
22,KULTURA,Wskaźnik dostępności kin,2024,powiat brzeski,648
22,KULTURA,Wskaźnik dostępności kin,2024,powiat chrzanowski,146
22,KULTURA,Wskaźnik dostępności kin,2024,powiat dąbrowski,365
22,KULTURA,Wskaźnik dostępności kin,2024,powiat gorlicki,489
22,KULTURA,Wskaźnik dostępności kin,2024,powiat krakowski,7607
22,KULTURA,Wskaźnik dostępności kin,2024,powiat limanowski,183
22,KULTURA,Wskaźnik dostępności kin,2024,powiat m. Kraków,67
22,KULTURA,Wskaźnik dostępności kin,2024,powiat m. Nowy Sącz,45
22,KULTURA,Wskaźnik dostępności kin,2024,powiat m. Tarnów,58
22,KULTURA,Wskaźnik dostępności kin,2024,powiat miechowski,212
22,KULTURA,Wskaźnik dostępności kin,2024,powiat myślenicki,332
22,KULTURA,Wskaźnik dostępności kin,2024,powiat nowosądecki,504
22,KULTURA,Wskaźnik dostępności kin,2024,powiat nowotarski,287
22,KULTURA,Wskaźnik dostępności kin,2024,powiat olkuski,144
22,KULTURA,Wskaźnik dostępności kin,2024,powiat oświęcimski,77
22,KULTURA,Wskaźnik dostępności kin,2024,powiat proszowicki,0
22,KULTURA,Wskaźnik dostępności kin,2024,powiat suski,277
22,KULTURA,Wskaźnik dostępności kin,2024,powiat tarnowski,616
22,KULTURA,Wskaźnik dostępności kin,2024,powiat tatrzański,127
22,KULTURA,Wskaźnik dostępności kin,2024,powiat wadowicki,426
22,KULTURA,Wskaźnik dostępności kin,2024,powiat wielicki,2965
23,EDUKACJA,Dostępność przedszkoli,2019,powiat bocheński,0.96
23,EDUKACJA,Dostępność przedszkoli,2019,powiat brzeski,0.97
23,EDUKACJA,Dostępność przedszkoli,2019,powiat chrzanowski,0.96
23,EDUKACJA,Dostępność przedszkoli,2019,powiat dąbrowski,1.04
23,EDUKACJA,Dostępność przedszkoli,2019,powiat gorlicki,0.97
23,EDUKACJA,Dostępność przedszkoli,2019,powiat krakowski,1.13
23,EDUKACJA,Dostępność przedszkoli,2019,powiat limanowski,1.58
23,EDUKACJA,Dostępność przedszkoli,2019,powiat m. Kraków,0.77
23,EDUKACJA,Dostępność przedszkoli,2019,powiat m. Nowy Sącz,0.8
23,EDUKACJA,Dostępność przedszkoli,2019,powiat m. Tarnów,0.65
23,EDUKACJA,Dostępność przedszkoli,2019,powiat miechowski,1.63
23,EDUKACJA,Dostępność przedszkoli,2019,powiat myślenicki,1.04
23,EDUKACJA,Dostępność przedszkoli,2019,powiat nowosądecki,1.61
23,EDUKACJA,Dostępność przedszkoli,2019,powiat nowotarski,1.46
23,EDUKACJA,Dostępność przedszkoli,2019,powiat olkuski,0.86
23,EDUKACJA,Dostępność przedszkoli,2019,powiat oświęcimski,0.81
23,EDUKACJA,Dostępność przedszkoli,2019,powiat proszowicki,1.31
23,EDUKACJA,Dostępność przedszkoli,2019,powiat suski,1.11
23,EDUKACJA,Dostępność przedszkoli,2019,powiat tarnowski,1.07
23,EDUKACJA,Dostępność przedszkoli,2019,powiat tatrzański,1.15
23,EDUKACJA,Dostępność przedszkoli,2019,powiat wadowicki,0.96
23,EDUKACJA,Dostępność przedszkoli,2019,powiat wielicki,1.06
25,RYNEK PRACY,Stopa bezrobocia,2024,powiat bocheński,2.4
25,RYNEK PRACY,Stopa bezrobocia,2024,powiat brzeski,5.0
25,RYNEK PRACY,Stopa bezrobocia,2024,powiat chrzanowski,6.3
25,RYNEK PRACY,Stopa bezrobocia,2024,powiat dąbrowski,11.4
25,RYNEK PRACY,Stopa bezrobocia,2024,powiat gorlicki,6.3
25,RYNEK PRACY,Stopa bezrobocia,2024,powiat krakowski,4.3
25,RYNEK PRACY,Stopa bezrobocia,2024,powiat limanowski,7.1
25,RYNEK PRACY,Stopa bezrobocia,2024,powiat m. Kraków,2.0
25,RYNEK PRACY,Stopa bezrobocia,2024,powiat m. Nowy Sącz,3.5
25,RYNEK PRACY,Stopa bezrobocia,2024,powiat m. Tarnów,4.2
25,RYNEK PRACY,Stopa bezrobocia,2024,powiat miechowski,5.2
25,RYNEK PRACY,Stopa bezrobocia,2024,powiat myślenicki,3.1
25,RYNEK PRACY,Stopa bezrobocia,2024,powiat nowosądecki,7.8
25,RYNEK PRACY,Stopa bezrobocia,2024,powiat nowotarski,4.8
25,RYNEK PRACY,Stopa bezrobocia,2024,powiat olkuski,6.7
25,RYNEK PRACY,Stopa bezrobocia,2024,powiat oświęcimski,4.7
25,RYNEK PRACY,Stopa bezrobocia,2024,powiat proszowicki,5.5
25,RYNEK PRACY,Stopa bezrobocia,2024,powiat suski,4.4
25,RYNEK PRACY,Stopa bezrobocia,2024,powiat tarnowski,6.7
25,RYNEK PRACY,Stopa bezrobocia,2024,powiat tatrzański,8.0
25,RYNEK PRACY,Stopa bezrobocia,2024,powiat wadowicki,5.6
25,RYNEK PRACY,Stopa bezrobocia,2024,powiat wielicki,3.5
98,MOBILNOŚĆ,Saldo migracji stałych,2024,powiat bocheński,169.0
98,MOBILNOŚĆ,Saldo migracji stałych,2024,powiat brzeski,-110.0
98,MOBILNOŚĆ,Saldo migracji stałych,2024,powiat chrzanowski,-156.0
98,MOBILNOŚĆ,Saldo migracji stałych,2024,powiat dąbrowski,-120.0
98,MOBILNOŚĆ,Saldo migracji stałych,2024,powiat gorlicki,-311.0
98,MOBILNOŚĆ,Saldo migracji stałych,2024,powiat krakowski,2468.0
98,MOBILNOŚĆ,Saldo migracji stałych,2024,powiat limanowski,-132.0
98,MOBILNOŚĆ,Saldo migracji stałych,2024,powiat m. Kraków,3271.0
98,MOBILNOŚĆ,Saldo migracji stałych,2024,powiat m. Nowy Sącz,-293.0
98,MOBILNOŚĆ,Saldo migracji stałych,2024,powiat m. Tarnów,-411.0
98,MOBILNOŚĆ,Saldo migracji stałych,2024,powiat miechowski,-58.0
98,MOBILNOŚĆ,Saldo migracji stałych,2024,powiat myślenicki,285.0
98,MOBILNOŚĆ,Saldo migracji stałych,2024,powiat nowosądecki,-305.0
98,MOBILNOŚĆ,Saldo migracji stałych,2024,powiat nowotarski,-107.0
98,MOBILNOŚĆ,Saldo migracji stałych,2024,powiat olkuski,-202.0
98,MOBILNOŚĆ,Saldo migracji stałych,2024,powiat oświęcimski,15.0
98,MOBILNOŚĆ,Saldo migracji stałych,2024,powiat proszowicki,63.0
98,MOBILNOŚĆ,Saldo migracji stałych,2024,powiat suski,-113.0
98,MOBILNOŚĆ,Saldo migracji stałych,2024,powiat tarnowski,137.0
98,MOBILNOŚĆ,Saldo migracji stałych,2024,powiat tatrzański,-66.0
98,MOBILNOŚĆ,Saldo migracji stałych,2024,powiat wadowicki,9.0
98,MOBILNOŚĆ,Saldo migracji stałych,2024,powiat wielicki,1626.0
94,BUDŻETY GMIN,Wydatki budżetów gmin ogółem,2024,powiat bocheński,7981.74
94,BUDŻETY GMIN,Wydatki budżetów gmin ogółem,2024,powiat brzeski,7113.29
94,BUDŻETY GMIN,Wydatki budżetów gmin ogółem,2024,powiat chrzanowski,6562.1
94,BUDŻETY GMIN,Wydatki budżetów gmin ogółem,2024,powiat dąbrowski,7061.52
94,BUDŻETY GMIN,Wydatki budżetów gmin ogółem,2024,powiat gorlicki,8064.84
94,BUDŻETY GMIN,Wydatki budżetów gmin ogółem,2024,powiat krakowski,7499.84
94,BUDŻETY GMIN,Wydatki budżetów gmin ogółem,2024,powiat limanowski,7780.07
94,BUDŻETY GMIN,Wydatki budżetów gmin ogółem,2024,powiat m. Kraków,12204.49
94,BUDŻETY GMIN,Wydatki budżetów gmin ogółem,2024,powiat m. Nowy Sącz,10949.81
94,BUDŻETY GMIN,Wydatki budżetów gmin ogółem,2024,powiat m. Tarnów,10402.68
94,BUDŻETY GMIN,Wydatki budżetów gmin ogółem,2024,powiat miechowski,7072.05
94,BUDŻETY GMIN,Wydatki budżetów gmin ogółem,2024,powiat myślenicki,7418.66
94,BUDŻETY GMIN,Wydatki budżetów gmin ogółem,2024,powiat nowosądecki,7870.83
94,BUDŻETY GMIN,Wydatki budżetów gmin ogółem,2024,powiat nowotarski,7138.41
94,BUDŻETY GMIN,Wydatki budżetów gmin ogółem,2024,powiat olkuski,7229.09
94,BUDŻETY GMIN,Wydatki budżetów gmin ogółem,2024,powiat oświęcimski,7365.0
94,BUDŻETY GMIN,Wydatki budżetów gmin ogółem,2024,powiat proszowicki,7835.56
94,BUDŻETY GMIN,Wydatki budżetów gmin ogółem,2024,powiat suski,6783.35
94,BUDŻETY GMIN,Wydatki budżetów gmin ogółem,2024,powiat tarnowski,7070.61
94,BUDŻETY GMIN,Wydatki budżetów gmin ogółem,2024,powiat tatrzański,8665.99
94,BUDŻETY GMIN,Wydatki budżetów gmin ogółem,2024,powiat wadowicki,7054.12
94,BUDŻETY GMIN,Wydatki budżetów gmin ogółem,2024,powiat wielicki,7751.01
